AA,Codon,Mean
A,GCG,-0.11710646619598097
A,GCC,-0.0320616444766832
C,TGC,-0.249296936750412
D,GAC,-0.110560972242057
E,GAG,-0.248099667369326
F,TTC,-0.423087007731199
G,GGG,0.565581017943224
G,GGC,0.163545302541057
H,CAC,-0.305970051757495
I,ATC,-0.160873461774985
K,AAG,-0.514878238296509
L,CTG,-0.43308556710481705
L,CTC,-0.12334216648538898
L,TTG,-0.553665678918362
N,AAC,-0.485618016562859
P,CCG,0.06922606836358697
P,CCC,-0.0878266668794056
Q,CAG,-0.358698584598303
R,AGG,0.484921987744172
R,CGG,0.09617570325533598
R,CGC,0.269589608159661
S,TCG,-0.18516056711127402
S,TCC,-0.155816530814767
T,ACG,-0.0021485122640930165
T,ACC,-0.139202046094338
V,GTG,-0.277044463690122
V,GTC,-0.105485482091705
Y,TAC,-0.322086962584654
Z,AGC,-0.229410612443089
