AA,Codon,Mean
A,GCG,-0.03235915501912501
A,GCC,0.225541058152914
C,TGC,0.13659031170855
D,GAC,-0.278536807486415
E,GAG,0.106659239668647
F,TTC,0.768705140542984
G,GGG,-0.061117085454862025
G,GGC,-0.360306333891551
H,CAC,0.331375205385685
I,ATC,0.397299172329903
K,AAG,0.257084055712819
L,CTG,-0.679605806777251
L,CTC,0.274167978306611
L,TTG,-0.308602584520976
N,AAC,0.015348418630138
P,CCG,-0.30059311628143004
P,CCC,0.975439004770915
Q,CAG,-0.114501861057431
R,AGG,0.28888331609964396
R,CGG,-0.33494885568618615
R,CGC,-0.369729254080852
S,TCG,-0.049637584710120974
S,TCC,0.923107423071067
T,ACG,-0.029035887606938926
T,ACC,0.286609990327557
V,GTG,-0.826830775595704
V,GTC,-0.181316790035367
Y,TAC,-0.229308823978901
Z,AGC,0.215160564366976
