AA,Codon,Mean
A,GCG,0.628674056444565
A,GCC,0.806072216176987
C,TGC,0.292749339645108
D,GAC,0.34879305194219
E,GAG,0.473923497917255
F,TTC,1.13089860872428
G,GGG,0.622610408563416
G,GGC,0.176278810467819
H,CAC,0.770807815722624
I,ATC,0.887343492956956
K,AAG,0.430534582547347
L,CTG,-0.10505651918053699
L,CTC,1.0004832960565841
L,TTG,0.00914298175614462
N,AAC,0.605510287940502
P,CCG,0.4097808973807838
P,CCC,1.25046519106229
Q,CAG,0.357029630164305
R,AGG,0.643000685506434
R,CGG,0.375119409374396
R,CGC,0.102944672069078
S,TCG,0.5234156383146851
S,TCC,1.29107195109526
T,ACG,0.564708071020245
T,ACC,0.918308819746971
V,GTG,-0.207467382896443
V,GTC,0.554406535029411
Y,TAC,0.408787751807769
Z,AGC,0.490147976358732
