AA,Codon,Mean
A,GCG,1.18081076874223
A,GCC,0.64532407061259
C,TGC,0.5298552805384
D,GAC,0.592897986121972
E,GAG,0.246524625311295
F,TTC,0.0198729938912108
G,GGG,0.607300722811619
G,GGC,0.654102244977156
H,CAC,0.571934177490075
I,ATC,0.188970335734884
K,AAG,0.221651086950302
L,CTG,-0.13982460244198602
L,CTC,0.261595926107963
L,TTG,-0.229641615001361
N,AAC,0.306868748503923
P,CCG,1.0113425264676419
P,CCC,0.485876982074976
Q,CAG,0.445915544354916
R,AGG,0.5738973649233581
R,CGG,0.462138881234328
R,CGC,0.599775321189562
S,TCG,0.972962075362603
S,TCC,0.617012467265129
T,ACG,0.878806471894185
T,ACC,0.598020263314247
V,GTG,-0.26903560151557093
V,GTC,0.558815152704716
Y,TAC,0.319639822600285
Z,AGC,0.543344830606381
