AA,Codon,Mean
A,GCG,-0.056517987521489954
A,GCC,-0.0466615743088226
C,TGC,0.243979537452261
D,GAC,-0.36999231219093
E,GAG,-0.4335703655382
F,TTC,-0.50615145654281
G,GGG,0.299229959003128
G,GGC,0.318671298535665
H,CAC,-0.630300419580936
I,ATC,-0.194093098894755
K,AAG,-0.598615459271272
L,CTG,-0.604950366369883
L,CTC,-0.1697553670460974
L,TTG,-0.700178329622746
N,AAC,-0.657063078113397
P,CCG,0.584239096584917
P,CCC,0.64551972916921
Q,CAG,-0.56668013894558
R,AGG,1.1781756969954493
R,CGG,-0.2167201710303599
R,CGC,0.495572078216076
S,TCG,-0.37834863952597
S,TCC,-0.117396253123879
T,ACG,0.066927033444246
T,ACC,-0.183713074993094
V,GTG,-0.5304158033589519
V,GTC,-0.129349477447073
Y,TAC,-0.627275435674191
Z,AGC,-0.158144431582093
