AA,Codon,Mean
A,GCG,-0.7309321217456215
A,GCC,-0.357088053892056
C,TGC,-0.580381469098727
D,GAC,-1.16046235218843
E,GAG,-1.57093222467105
F,TTC,-1.31049992412726
G,GGG,-0.8362865447742232
G,GGC,-0.882915818607807
H,CAC,-1.63980707650979
I,ATC,-1.30960065843264
K,AAG,-1.22346607532501
L,CTG,-1.644695587746307
L,CTC,-1.711332721335691
L,TTG,-0.796233173219363
N,AAC,-1.43852792483966
P,CCG,-0.6176497643490589
P,CCC,-1.01187764795621
Q,CAG,-1.4968920244058
R,AGG,-0.415877370778721
R,CGG,-0.943571919823934
R,CGC,-0.585592626869679
S,TCG,-1.188255341687886
S,TCC,-0.478161750934521
T,ACG,-0.8232382001638449
T,ACC,-0.719823372793198
V,GTG,-2.0113914470374583
V,GTC,-0.695793160621325
Y,TAC,-1.52325994961262
Z,AGC,-0.953702307407061
