AA,Codon,Mean
A,GCG,0.090010030182202
A,GCC,0.155611426653465
C,TGC,0.448597030077378
D,GAC,-0.0203530362549049
E,GAG,0.412035559004545
F,TTC,-0.1592154420048
G,GGG,0.482407541761798
G,GGC,0.691298911086718
H,CAC,-0.192700785206755
I,ATC,1.0575741017872e-4
K,AAG,-0.210850998429457
L,CTC,0.232567204260826
L,TTG,-0.041964442050457
N,AAC,-0.191873790585001
P,CCG,0.9780407982856041
P,CCC,0.45367657587925603
Q,CAG,0.439944763674339
R,AGG,0.5338387534076969
R,CGG,-0.0626909432013798
R,CGC,0.906964694734414
S,TCG,0.15212337381045
S,TCC,0.0978967386265596
T,ACG,0.15437737972736298
T,ACC,0.0562946174031744
V,GTG,0.039497469123204954
V,GTC,0.0334010371735319
Y,TAC,-0.174989210104942
Z,AGC,0.210706045975288
