AA,Codon,Mean
A,GCG,0.491495969657103
A,GCC,-0.682124810202916
C,TGC,-0.400140462026993
D,GAC,-0.578212518060207
E,GAG,-0.474901098805666
F,TTC,-0.248193661834796
G,GGG,-0.9283105871816479
G,GGC,-0.942112945779165
H,CAC,-0.663718836291631
I,ATC,-0.590615758526325
K,AAG,-0.233330657868584
L,CTC,-0.6030018687325219
L,TTG,-1.67176380991141
N,AAC,-0.630172589830557
P,CCG,-1.116126450570056
P,CCC,-0.955302541005611
Q,CAG,-0.738177848060926
R,AGG,0.23356427695751203
R,CGG,-0.7678281947771699
R,CGC,-0.529070727854967
S,TCG,-1.10715121898229
S,TCC,-0.394538819011052
T,ACG,-0.855494516423344
T,ACC,-0.992339362219969
V,GTG,-1.6469755289814088
V,GTC,-0.380702823750178
Y,TAC,-0.872079681487878
Z,AGC,-0.542628489822149
