AA,Codon,Mean
A,GCG,1.334408191140493
A,GCC,0.343524768336614
C,TGC,0.252065938536326
D,GAC,0.42875172915856
E,GAG,0.235519883408149
F,TTC,0.129483419109881
G,GGG,0.1272995185959888
G,GGC,0.15639709986796
H,CAC,0.390073978102207
I,ATC,0.156768789438903
K,AAG,0.29943041686217
L,CTC,0.20972065956393793
L,TTG,-0.580907936517398
N,AAC,0.331949112774928
P,CCG,0.254024646231036
P,CCC,0.11126112288485
Q,CAG,0.243807630477349
R,AGG,0.3566606088121761
R,CGG,0.23501549983422
R,CGC,0.385776371862491
S,TCG,0.3410731767062095
S,TCC,0.25753873564899
T,ACG,0.44054994229873
T,ACC,0.157209605587522
V,GTG,-0.39626747704744303
V,GTC,0.52023393488129
Y,TAC,0.131373818237086
Z,AGC,0.173925203756491
