AA,Codon,Mean
A,GCG,-0.1291913403789201
A,GCC,0.0842747095224758
C,TGC,0.394956431842844
D,GAC,-0.122612648750842
E,GAG,0.570675312161446
F,TTC,-0.386931022663911
G,GGG,-0.4286578680793469
G,GGC,0.33269685609142
H,CAC,-0.276359575900435
I,ATC,-0.0590177807663878
K,AAG,-0.266670837510626
L,CTG,0.45634261458267705
L,CTC,0.7735559797229128
L,TTG,0.306951524478197
N,AAC,-0.40900146197478
P,CCG,0.6531056290219219
P,CCC,0.773589900704225
Q,CAG,0.633051590394974
R,AGG,0.7572789409489404
R,CGG,0.30212633837858993
R,CGC,0.654163186484575
S,TCG,0.22347211993137905
S,TCC,0.0746111917207638
T,ACG,0.20793458239237406
T,ACC,0.00291774267452777
V,GTG,-0.33516728117863304
V,GTC,-0.0100836739977872
Y,TAC,-0.448905188906193
Z,AGC,-0.0292732037081256
