AA,Codon,Mean
A,GCG,1.947710378521681
A,GCC,0.810234271299839
C,TGC,1.68850706543128
D,GAC,1.78752144949436
E,GAG,0.973613029237588
F,TTC,1.03711082081795
G,GGG,0.34764744297663397
G,GGC,1.81871480918725
H,CAC,1.83070294993718
I,ATC,1.14962556446393
K,AAG,0.815349365039666
L,CTG,0.45875299970706007
L,CTC,1.284028968731562
L,TTG,0.799822452267011
N,AAC,1.58441833756765
P,CCG,1.949064224469661
P,CCC,0.420056415619453
Q,CAG,1.44493599938552
R,AGG,1.315671494321775
R,CGG,0.9548937230780701
R,CGC,1.95327835077445
S,TCG,1.769236884077393
S,TCC,0.874167246941725
T,ACG,1.756952796624104
T,ACC,0.915392356729507
V,GTG,0.23767555453983152
V,GTC,1.05197210148176
Y,TAC,1.6830399652322099
Z,AGC,1.78772239798705
