AA,Codon,Mean
A,GCG,2.0340883215576406
A,GCC,0.94996831510067
C,TGC,2.19477344408035
D,GAC,2.04956430778503
E,GAG,1.60788037954171
F,TTC,0.675685735233625
G,GGG,-0.40688554922739995
G,GGC,2.52121454621951
H,CAC,2.12382960850398
I,ATC,1.16064306502342
K,AAG,0.716317133227984
L,CTG,0.8918048489610391
L,CTC,2.026994115759925
L,TTG,1.35940097864469
N,AAC,1.53913458077113
P,CCG,2.73753076885542
P,CCC,0.715292146837711
Q,CAG,2.21987182688713
R,AGG,2.136188517121472
R,CGG,0.9482540003458599
R,CGC,2.82183001022339
S,TCG,2.106404593265488
S,TCC,1.05162451131344
T,ACG,1.9907391213074341
T,ACC,1.09453942317168
V,GTG,-0.19908150186737394
V,GTC,0.813459975274404
Y,TAC,1.70161794423262
Z,AGC,2.26034093151093
