AA,Codon,Mean
A,GCG,0.7345737690344449
A,GCC,0.598185825192928
C,TGC,0.0587186466505247
D,GAC,0.584363509213924
E,GAG,0.459483830583096
F,TTC,0.30007439986666
G,GGG,0.5807177745924962
G,GGC,0.340548181637128
H,CAC,0.572864413591226
I,ATC,0.476061250470082
K,AAG,0.368321509677172
L,CTG,-0.078102216909329
L,CTC,0.440511948369941
L,TTG,-0.0972989321375887
N,AAC,0.521992069343726
P,CCG,0.605112392754787
P,CCC,0.556543032803138
Q,CAG,0.364115247927109
R,AGG,0.4572279935956
R,CGG,0.558626731502513
R,CGC,0.225055388073126
S,TCG,0.5152133494531519
S,TCC,0.602556515920162
T,ACG,0.59759544010808
T,ACC,0.535319389649232
V,GTG,-0.02533134423295702
V,GTC,0.632624511790276
Y,TAC,0.272380244636536
Z,AGC,0.181552926909924
