AA,Codon,Mean
A,GCG,0.04614874250491502
A,GCC,-0.00872384208471561
C,TGC,0.255604559590419
D,GAC,-0.107013510177036
E,GAG,0.0536847422356407
F,TTC,-0.2321599571685
G,GGG,0.12303604571223303
G,GGC,0.341482406483094
H,CAC,-0.267420015232762
I,ATC,-0.084719811776777093
K,AAG,-0.284104271622499
L,CTG,0.272318890780211
L,CTC,0.092303888132175
L,TTG,-0.289076746199528
N,AAC,-0.320747518098354
P,CCG,0.769166729640464
P,CCC,0.231331880464156
Q,CAG,0.194560199889541
R,AGG,0.48817692420159775
R,CGG,-0.6400876812577211
R,CGC,0.340997279493014
S,TCG,-0.029367455341419046
S,TCC,-0.0052106357135642
T,ACG,0.008999151937166994
T,ACC,-0.0441550191111863
V,GTG,-0.186460668074092
V,GTC,-0.0491502568900585
Y,TAC,-0.301493526140849
Z,AGC,0.00549991327383445
