AA,Codon,Mean
A,GCG,-0.411929347208142
A,GCC,-0.150902297250926
C,TGC,-0.262703492083152
D,GAC,-0.217033008183042
E,GAG,-0.223216451179981
F,TTC,-0.405175751594702
G,GGG,0.227004041568438
G,GGC,-0.0354144524747273
H,CAC,-0.303332541263103
I,ATC,-0.247313237242897
K,AAG,-0.352000196357568
L,CTG,-0.5105617967794339
L,CTC,-0.2219158497057857
L,TTG,-0.56244711770614
N,AAC,-0.464115207135677
P,CCG,-0.49229650684222825
P,CCC,-0.208743296718597
Q,CAG,-0.261561237077912
R,AGG,0.012015847071020103
R,CGG,-0.20668315194348497
R,CGC,-0.0270205113925034
S,TCG,-0.6817760757185056
S,TCC,-0.197925259799759
T,ACG,-0.323099012118578
T,ACC,-0.220814056271315
V,GTG,-0.334795257996165
V,GTC,-0.207453132538001
Y,TAC,-0.390392860068878
Z,AGC,-0.26315829753081
