AA,Codon,Mean
A,GCG,1.1417339029586464
A,GCC,0.744443500904242
C,TGC,0.669770635819435
D,GAC,0.906088212752342
E,GAG,0.642652308579286
F,TTC,0.773612406730652
G,GGG,0.650418066032728
G,GGC,0.400940344786644
H,CAC,0.992937381343047
I,ATC,0.701034503157934
K,AAG,0.716769493865967
L,CTG,0.2884187899643868
L,CTC,0.8095970755705235
L,TTG,0.440490304060777
N,AAC,0.863090456449985
P,CCG,0.8389649808642798
P,CCC,1.06422596305211
Q,CAG,0.375041614963611
R,AGG,0.881447621872029
R,CGG,0.6236912961688256
R,CGC,0.245525610200564
S,TCG,0.9735572474469759
S,TCC,1.06846120200952
T,ACG,1.036030368649962
T,ACC,0.760966597386201
V,GTG,0.244349285151064
V,GTC,0.804924345978101
Y,TAC,0.719854953102271
Z,AGC,0.595059598398209
