AA,Codon,Mean
A,GCG,0.345765055688218
A,GCC,0.0658982603823145
C,TGC,0.683889621917407
D,GAC,-0.0684890525966883
E,GAG,0.644619595138232
F,TTC,-0.355863991210858
G,GGG,0.4404716265082341
G,GGC,0.862573580757777
H,CAC,-0.351443064721425
I,ATC,-0.0411226810564597
K,AAG,-0.560873668630918
L,CTC,0.20615774266285242
L,TTG,0.102487752660612
N,AAC,-0.407131977359454
P,CCG,1.097886749088764
P,CCC,0.99239861783584
Q,CAG,0.798557061779499
R,AGG,1.197076040377468
R,CGG,0.15263679451943002
R,CGC,1.11769696242015
S,TCG,0.281567549570402
S,TCC,0.00964563575325431
T,ACG,0.4611635660648331
T,ACC,-0.0280197320456151
V,GTG,-0.11263081749280301
V,GTC,-0.0343311837300037
Y,TAC,-0.46721742670536
Z,AGC,0.214426693550746
