AA,Codon,Mean
A,GCG,1.949601381659506
A,GCC,0.734007708930969
C,TGC,0.735223309659958
D,GAC,1.09406587025325
E,GAG,0.856727292939027
F,TTC,0.855490368103981
G,GGG,0.770607679666082
G,GGC,0.772397743419806
H,CAC,1.37203803688685
I,ATC,0.939820617953936
K,AAG,0.93649066598018
L,CTC,1.287211625788611
L,TTG,-0.00638278645391312
N,AAC,0.944321201733748
P,CCG,1.113101984410481
P,CCC,0.670751953717073
Q,CAG,0.958634015544256
R,AGG,1.0358940369794771
R,CGG,0.930768390461802
R,CGC,0.77765998404026
S,TCG,1.0108141876769563
S,TCC,0.948230772105853
T,ACG,1.017949632621426
T,ACC,0.746563617658615
V,GTG,0.09870271039853498
V,GTC,1.11672046683629
Y,TAC,0.917170904870828
Z,AGC,0.863777743307749
