AA,Codon,Mean
A,GCG,0.305904399514197
A,GCC,-0.0430138213074456
C,TGC,-0.19739984108309
D,GAC,-0.173447458443046
E,GAG,-0.241822803688049
F,TTC,-0.4209451276203
G,GGG,0.9961158053278931
G,GGC,0.239947435165445
H,CAC,-0.573853601511319
I,ATC,-0.119403704570234
K,AAG,-0.903058477334181
L,CTG,-0.7958612542430561
L,CTC,-0.07194447861611802
L,TTG,-0.686414937063058
N,AAC,-0.517277189185222
P,CCG,0.715206003491082
P,CCC,-0.119660668252905
Q,CAG,-0.40059422518611
R,AGG,1.449906007039543
R,CGG,0.8361275127291681
R,CGC,0.245059604705373
S,TCG,-0.08635585707028692
S,TCC,-0.0731479441262782
T,ACG,0.30472859066725
T,ACC,-0.0802350084602833
V,GTG,-0.32959414135614595
V,GTC,-0.143824584829311
Y,TAC,-0.520738987249136
Z,AGC,-0.222003152019779
