AA,Codon,Mean
A,GCG,0.866513912990192
A,GCC,0.820897568353017
C,TGC,0.370504155999422
D,GAC,0.44946159945329
E,GAG,0.957351391764482
F,TTC,1.0906965375185
G,GGG,0.775146790448825
G,GGC,0.0181604982481895
H,CAC,0.708201328063011
I,ATC,0.851248624241352
K,AAG,0.970793021221956
L,CTG,-0.04247965592146008
L,CTC,0.9149390042364611
L,TTG,-0.228520722719034
N,AAC,0.33612653867801
P,CCG,0.967068803405762
P,CCC,1.11025709474881
Q,CAG,0.86132982519865
R,AGG,0.4943713539548452
R,CGG,0.5156749171843129
R,CGC,0.192575611611207
S,TCG,0.8253651025199644
S,TCC,1.14021531434059
T,ACG,0.9576110365817939
T,ACC,0.680295602345467
V,GTG,-0.12625920343597802
V,GTC,0.858022826043765
Y,TAC,0.272951859417558
Z,AGC,0.188477496593197
