AA,Codon,Mean
A,GCG,0.22779632477363
A,GCC,0.133361024182041
C,TGC,0.223767622426152
D,GAC,-0.187296226716042
E,GAG,-0.164075483298302
F,TTC,-0.235835013930996
G,GGG,0.7643534929017219
G,GGC,0.459204453055064
H,CAC,-0.369223868825038
I,ATC,0.0181971930010815
K,AAG,-0.400896127692858
L,CTC,0.20492156274716106
L,TTG,-0.345944105335077
N,AAC,-0.352798676753044
P,CCG,0.9584564244379594
P,CCC,0.35428528590401
Q,CAG,0.262584799953302
R,AGG,0.78085878140529
R,CGG,-0.4973148428281189
R,CGC,0.64711612298886
S,TCG,-0.14275739282767003
S,TCC,0.106271715456247
T,ACG,0.05650346436301901
T,ACC,0.0105571593414105
V,GTG,-0.354089323119322
V,GTC,0.0195501381672338
Y,TAC,-0.386460504200061
Z,AGC,-0.0572185964078953
