AA,Codon,Mean
A,GCG,1.3154920054773491
A,GCC,-0.0369177173065992
C,TGC,-0.0229107893861836
D,GAC,0.284651404205958
E,GAG,0.226139891988039
F,TTC,0.118324073744814
G,GGG,0.208522941590845
G,GGC,-0.317961229769389
H,CAC,0.358356988255183
I,ATC,0.00755947419275226
K,AAG,0.193067562748988
L,CTC,-0.011919375573098995
L,TTG,-0.801285797226429
N,AAC,0.280200271465381
P,CCG,0.11550871100078101
P,CCC,-0.0324721622022342
Q,CAG,-0.136771405398349
R,AGG,0.11832320877909697
R,CGG,-0.15441616969704597
R,CGC,-0.29495816372335
S,TCG,0.05662375303457201
S,TCC,0.0047025709580799
T,ACG,0.2369317794734592
T,ACC,-0.00923984729375244
V,GTG,-1.080965492077669
V,GTC,0.203640272284547
Y,TAC,-0.0137211264428615
Z,AGC,0.063047152428329
