AA,Codon,Mean
A,GCG,0.9745492656073143
A,GCC,-0.666495249330997
C,TGC,-0.0768993798244667
D,GAC,-0.0719507492697487
E,GAG,-0.263462310043971
F,TTC,-0.159347871429225
G,GGG,0.042661740394432934
G,GGC,-0.840015498447418
H,CAC,-0.0554442994405981
I,ATC,-0.38755945469141
K,AAG,-0.306183916606506
L,CTC,-0.306111040176948
L,TTG,-1.38499034341176
N,AAC,-0.248714691329002
P,CCG,-0.471312891582648
P,CCC,-0.521890472233295
Q,CAG,-0.753591729923089
R,AGG,0.066427101411422
R,CGG,-0.8392430710365391
R,CGC,-0.639267494467894
S,TCG,-0.8025041261027259
S,TCC,-0.629074722079436
T,ACG,-0.393195678777992
T,ACC,-0.659589212330182
V,GTG,-1.6779959485024178
V,GTC,-0.212162147711714
Y,TAC,-0.413363424326976
Z,AGC,-0.108357978631308
