AA,Codon,Mean
A,GCG,1.096352710337438
A,GCC,0.995047349401315
C,TGC,0.748266146488984
D,GAC,1.37186721910636
E,GAG,0.741721191032728
F,TTC,1.1626714430809
G,GGG,0.6193778574993211
G,GGC,0.77523732783397
H,CAC,1.3028398062547
I,ATC,1.23741915170352
K,AAG,0.9155009947896
L,CTG,0.737204714238642
L,CTC,1.289814815015594
L,TTG,0.502455062119166
N,AAC,1.20479140075048
P,CCG,1.213258208631481
P,CCC,1.10429739898841
Q,CAG,0.697748423043887
R,AGG,0.4982649272601194
R,CGG,0.9062695906953266
R,CGC,0.949497521392504
S,TCG,1.2649668829371559
S,TCC,1.23592578160763
T,ACG,1.1479204343339997
T,ACC,0.986016419184208
V,GTG,0.539814337859551
V,GTC,1.41292908664544
Y,TAC,1.1914070564429
Z,AGC,0.917546434636911
