AA,Codon,Mean
A,GCG,-0.581366260624428
A,GCC,-0.577597257689635
C,TGC,-0.171827913028498
D,GAC,-0.51239158411026
E,GAG,-0.0303720607795499
F,TTC,-0.445326133044561
G,GGG,-0.219847203879555
G,GGC,-0.232576183586319
H,CAC,-0.662848490699132
I,ATC,-0.528158126123746
K,AAG,-0.616895989247163
L,CTG,-0.571188043148816
L,CTC,-0.5972829353480101
L,TTG,-0.3512278030773
N,AAC,-0.616794267185529
P,CCG,-0.607620618913571
P,CCC,-0.695572033262253
Q,CAG,-0.182123445589344
R,AGG,0.508375596137841
R,CGG,-0.3335540262001504
R,CGC,-0.302640743637085
S,TCG,-0.706790453843275
S,TCC,-0.59602571297884
T,ACG,-0.488311326728761
T,ACC,-0.631349490010738
V,GTG,-0.392240828286112
V,GTC,-0.637391137067477
Y,TAC,-0.805982225652536
Z,AGC,-0.425478057128191
