AA,Codon,Mean
A,GCG,1.1880378772815101
A,GCC,1.0723947067976
C,TGC,1.09003542119662
D,GAC,1.51083221553167
E,GAG,1.44606848657131
F,TTC,0.512222912545999
G,GGG,1.0286566960493702
G,GGC,1.36429825612704
H,CAC,0.966104677085082
I,ATC,1.17479197523594
K,AAG,0.0361072671072753
L,CTG,0.74480213750601
L,CTC,1.52681476116578
L,TTG,0.593821958486239
N,AAC,0.847241795651118
P,CCG,1.3311435524463597
P,CCC,1.11861755465666
Q,CAG,1.42863906704585
R,AGG,1.7577199189980859
R,CGG,1.3845220746834999
R,CGC,1.89756880792777
S,TCG,1.228313671787578
S,TCC,1.19591507748763
T,ACG,1.567244446663059
T,ACC,1.00031008067926
V,GTG,0.50725080956617985
V,GTC,1.39263073914051
Y,TAC,0.598235451716185
Z,AGC,1.11451500770251
