AA,Codon,Mean
A,GCG,0.700291561679294
A,GCC,0.631940758419037
C,TGC,0.224670334937175
D,GAC,0.565618443759282
E,GAG,0.482847225765387
F,TTC,0.848185087438424
G,GGG,0.727274180705846
G,GGC,0.288189009280006
H,CAC,0.631952699855963
I,ATC,0.775811986796061
K,AAG,0.322441403051217
L,CTG,-0.0068756319065889915
L,CTC,0.6579334523697691
L,TTG,-0.0493625856832194
N,AAC,0.692704289452235
P,CCG,0.5366554442240535
P,CCC,0.742862410573165
Q,CAG,0.393232418221235
R,AGG,0.589378206685186
R,CGG,0.40050118893720166
R,CGC,-0.0575766113624598
S,TCG,0.438294817109406
S,TCC,0.922727952734629
T,ACG,0.5115439203717309
T,ACC,0.584915456183751
V,GTG,-0.12580507804751395
V,GTC,0.643180406916142
Y,TAC,0.539451551471154
Z,AGC,0.209069922648867
