AA,Codon,Mean
A,GCG,0.029454966874917998
A,GCC,-0.0412538976962368
C,TGC,-0.171706704347332
D,GAC,-0.0782449690250059
E,GAG,-0.294429253168901
F,TTC,-0.286663167313735
G,GGG,0.998501214768486
G,GGC,0.190539587979515
H,CAC,-0.54828489381671
I,ATC,-0.129055925216774
K,AAG,-0.637336926003297
L,CTG,-0.16339138548771492
L,CTC,-0.07796079765011839
L,TTG,-0.756770337224007
N,AAC,-0.43789321603775
P,CCG,-0.248154390950997
P,CCC,-0.145552741164466
Q,CAG,-0.511475432598591
R,AGG,0.208744656972093
R,CGG,0.974584336113475
R,CGC,0.222235106481115
S,TCG,-0.34457066424886407
S,TCC,-0.0717107759634654
T,ACG,0.181174950738748
T,ACC,-0.0960408932551742
V,GTG,-0.24399752204418101
V,GTC,-0.0716757986816267
Y,TAC,-0.447974042956034
Z,AGC,-0.195290615934134
