AA,Codon,Mean
A,GCG,0.28238880360946
A,GCC,0.131047251465917
C,TGC,-0.163360778099795
D,GAC,-0.13316165831089
E,GAG,-0.0750089824683964
F,TTC,0.754849283635616
G,GGG,0.413735700044284
G,GGC,-0.228102717087666
H,CAC,-0.101143089228993
I,ATC,0.289376173389951
K,AAG,-0.195830968214075
L,CTG,-0.588934948484972
L,CTC,0.004236347073316993
L,TTG,-0.594007809309165
N,AAC,0.0391939199191191
P,CCG,-0.04276423913935801
P,CCC,0.242204220271111
Q,CAG,-0.364433568394184
R,AGG,0.18390007457931806
R,CGG,-0.096994143367062
R,CGC,-0.500600274984042
S,TCG,-0.2457496150032027
S,TCC,0.491177921183904
T,ACG,0.02686978666831999
T,ACC,-0.0510892491163065
V,GTG,-0.566751321306328
V,GTC,-0.0026679634266276
Y,TAC,-0.272009698353211
Z,AGC,-0.25561560164392
