AA,Codon,Mean
A,GCG,0.233386443481843
A,GCC,0.16057199584643
C,TGC,0.568318792895476
D,GAC,-0.0088799205665996191
E,GAG,0.459261300768455
F,TTC,-0.25881409868598
G,GGG,0.23322027506827891
G,GGC,0.691644350262483
H,CAC,-0.210429333129525
I,ATC,-0.00243654578201728
K,AAG,-0.358281061273813
L,CTG,0.17044406146605795
L,CTC,0.16311111563120964
L,TTG,-0.0574061803864936
N,AAC,-0.260451561063528
P,CCG,0.9173698734124499
P,CCC,1.05937163434029
Q,CAG,0.543067855983973
R,AGG,0.9353065916260079
R,CGG,-0.08911999913057
R,CGC,0.872065928304195
S,TCG,0.332944638766845
S,TCC,0.0062893366965681
T,ACG,0.32948030607700307
T,ACC,-0.00950174649598837
V,GTG,-0.303713223004341
V,GTC,-0.0111879504237031
Y,TAC,-0.298999945042531
Z,AGC,0.153868932067851
