AA,Codon,Mean
A,GCG,0.5338546141729372
A,GCC,-0.127640765654047
C,TGC,-0.362477948240439
D,GAC,-0.154736303315063
E,GAG,-0.0827343595319738
F,TTC,0.431897270379464
G,GGG,0.2587784243551841
G,GGC,-0.0990033114238332
H,CAC,-0.151737265893817
I,ATC,0.0831681677068273
K,AAG,-0.123358836357792
L,CTG,-0.133277539233367
L,CTC,0.14792304435173698
L,TTG,-0.730075903173288
N,AAC,-0.217914331235488
P,CCG,0.3581891591053652
P,CCC,0.15945740196916
Q,CAG,-0.551073677396774
R,AGG,0.36819578150113697
R,CGG,0.26230221673084897
R,CGC,0.0192665670009847
S,TCG,0.08729463004668603
S,TCC,0.208906451418002
T,ACG,0.16379053882161698
T,ACC,-0.0427156182372821
V,GTG,-1.069341289895773
V,GTC,0.512181897946199
Y,TAC,-0.320355471163988
Z,AGC,-0.240542092039188
