AA,Codon,Mean
A,GCG,1.226076516373952
A,GCC,0.576206998006503
C,TGC,0.322671477052569
D,GAC,0.830688779993852
E,GAG,0.589589657926559
F,TTC,0.906468642946084
G,GGG,0.7794024131634442
G,GGC,0.624207079001268
H,CAC,0.787364150174459
I,ATC,0.809794089055061
K,AAG,0.639994196748733
L,CTG,0.38317809758385
L,CTC,0.918067474778498
L,TTG,0.0112368322849301
N,AAC,0.69717098142306
P,CCG,0.937449033395449
P,CCC,0.615182306353251
Q,CAG,0.298308120945096
R,AGG,0.5153009290297791
R,CGG,0.917160835937659
R,CGC,0.698911498924096
S,TCG,1.052543189062674
S,TCC,0.781629684635003
T,ACG,0.9808436504503091
T,ACC,0.648821493665377
V,GTG,-0.11885142594178599
V,GTC,1.08562915120125
Y,TAC,0.604799699215094
Z,AGC,0.459193363908927
