AA,Codon,Mean
A,GCG,0.270575223787626
A,GCC,0.0969269515315692
C,TGC,0.51589720287323
D,GAC,0.0558178508359939
E,GAG,0.47378760492603
F,TTC,-0.261923447882136
G,GGG,0.3764319102962821
G,GGC,0.487802086784442
H,CAC,-0.205955407096942
I,ATC,-0.0688426112135251
K,AAG,-0.11560181000183
L,CTG,0.18158830696543002
L,CTC,0.29720085366765603
L,TTG,0.196886855773131
N,AAC,-0.206118637579679
P,CCG,0.7095771936943129
P,CCC,0.703895799354712
Q,CAG,0.509897395245234
R,AGG,0.894038965153694
R,CGG,0.30552910445929005
R,CGC,0.736929768574238
S,TCG,0.322270751648147
S,TCC,0.00670491978173541
T,ACG,0.292091381678979
T,ACC,-0.0299513331890642
V,GTG,-0.542003321983414
V,GTC,0.0199680382109379
Y,TAC,-0.196616217893362
Z,AGC,0.241461018770933
