AA,Codon,Mean
A,GCG,0.9829468604837882
A,GCC,0.893878353321552
C,TGC,0.661089472925663
D,GAC,0.799097697357337
E,GAG,0.430991842824221
F,TTC,0.58929947129488
G,GGG,0.621846753665805
G,GGC,0.676364624627431
H,CAC,1.18517852769693
I,ATC,0.746872154525916
K,AAG,0.66455227004687
L,CTG,0.26388697634538105
L,CTC,0.7326992396712321
L,TTG,-0.119362913894653
N,AAC,0.774120531717936
P,CCG,0.71994004800717
P,CCC,0.867789090021451
Q,CAG,0.467444800102711
R,AGG,0.820730208504203
R,CGG,0.769216841346025
R,CGC,0.709245391488075
S,TCG,0.7878698328691227
S,TCC,0.879305117853483
T,ACG,0.7514430379127459
T,ACC,0.957642350327969
V,GTG,-0.14288518773218
V,GTC,0.839189100543658
Y,TAC,0.711783064746857
Z,AGC,0.674322169180711
