AA,Codon,Mean
A,GCG,1.3585400516569588
A,GCC,1.0828430379947
C,TGC,1.32284677241643
D,GAC,0.85478499417305
E,GAG,0.967030135798454
F,TTC,0.213529287779331
G,GGG,1.0275511512041051
G,GGC,1.46677460041046
H,CAC,0.898634570904573
I,ATC,0.694557692273458
K,AAG,0.495349280671279
L,CTG,0.5156805479129141
L,CTC,1.0005562057256658
L,TTG,0.161652533460657
N,AAC,0.447709406956037
P,CCG,1.579355343507481
P,CCC,1.7676277816693
Q,CAG,0.993514426644643
R,AGG,1.956499929903014
R,CGG,0.718950016252203
R,CGC,1.4428079053243
S,TCG,1.099025765875975
S,TCC,1.00210445816914
T,ACG,1.0094285024185998
T,ACC,1.04880516426166
V,GTG,-0.909103985353311
V,GTC,0.873410156297684
Y,TAC,0.441334311956167
Z,AGC,1.0111289738059
