AA,Codon,Mean
A,GCG,1.4820952087518318
A,GCC,1.03066963322163
C,TGC,0.748018043720722
D,GAC,1.23013175960382
E,GAG,0.752184154629707
F,TTC,0.86177903705438
G,GGG,0.5724970301840442
G,GGC,0.917022995082537
H,CAC,1.28644085182349
I,ATC,0.941574023028215
K,AAG,0.765250029675166
L,CTG,0.676927752898137
L,CTC,1.220449847102165
L,TTG,0.703891323494911
N,AAC,1.07806632833481
P,CCG,1.25973838599062
P,CCC,1.10714143919945
Q,CAG,0.901985966177781
R,AGG,0.7496800992011999
R,CGG,0.986977494443953
R,CGC,1.16285005812645
S,TCG,1.249293164824198
S,TCC,1.03739822407166
T,ACG,1.308367797760723
T,ACC,1.10676421461105
V,GTG,0.4692790875295052
V,GTC,0.988960816053549
Y,TAC,1.07552040011485
Z,AGC,0.724769779447714
