AA,Codon,Mean
A,GCG,-0.818735591340065
A,GCC,-0.55452228744626
C,TGC,-0.117530248521889
D,GAC,-1.04555814559857
E,GAG,-0.581369448403517
F,TTC,-0.914229808866978
G,GGG,-0.9053223326432994
G,GGC,-0.131698124993344
H,CAC,-0.950569853667418
I,ATC,-0.969573843201001
K,AAG,-0.802203205955029
L,CTG,-0.768843563402692
L,CTC,-0.667432308666905
L,TTG,-1.13449557949702
N,AAC,-1.24216742305756
P,CCG,-0.32002349446813205
P,CCC,-0.520520127580563
Q,CAG,-0.23920199808379
R,AGG,-0.02839036231835701
R,CGG,-1.246792368856072
R,CGC,-0.150983839993427
S,TCG,-1.364930009337266
S,TCC,-0.553749787869056
T,ACG,-1.030439180463552
T,ACC,-0.670930842749278
V,GTG,-1.267884039952358
V,GTC,-0.990660106019179
Y,TAC,-1.32714095488389
Z,AGC,-0.467252775599559
