AA,Codon,Mean
A,GCG,0.44463868230581294
A,GCC,-0.0144461252379332
C,TGC,0.65667118417422
D,GAC,-0.0486689409169058
E,GAG,0.695186800030867
F,TTC,-0.437705153554678
G,GGG,0.30173615036407997
G,GGC,0.550278852244218
H,CAC,-0.292152713289857
I,ATC,-0.149689783837398
K,AAG,-0.34095391844511
L,CTG,0.608280128522714
L,CTC,1.301760203206535
L,TTG,0.275487456236283
N,AAC,-0.356341840751966
P,CCG,0.781977691130837
P,CCC,1.1404692284584
Q,CAG,1.05052478754123
R,AGG,1.2458707415123782
R,CGG,0.9485026282230999
R,CGC,1.44903155458768
S,TCG,0.724733706821996
S,TCC,-0.0970826263825099
T,ACG,0.9749598782579081
T,ACC,-0.0959709351355831
V,GTG,0.6123887084285449
V,GTC,-0.0662812501505017
Y,TAC,-0.363115360252062
Z,AGC,0.0536599175483524
