AA,Codon,Mean
A,GCG,2.2442170777002968
A,GCC,0.914447895312309
C,TGC,1.52076488090356
D,GAC,1.09422615109285
E,GAG,1.75658604152203
F,TTC,0.578857915492852
G,GGG,1.066375442349913
G,GGC,2.11621032191118
H,CAC,0.689043321196238
I,ATC,0.885087301909924
K,AAG,0.527742701238394
L,CTG,0.9033792769034701
L,CTC,2.23651676804225
L,TTG,0.0908495422373215
N,AAC,0.328573414687316
P,CCG,2.188259229394299
P,CCC,2.38976645833651
Q,CAG,2.12427725408077
R,AGG,3.04753044861185
R,CGG,0.4411055900216051
R,CGC,1.7126101402998
S,TCG,2.1573868698795677
S,TCC,1.04646485478481
T,ACG,2.534201560065152
T,ACC,0.697602256290118
V,GTG,0.951989791810509
V,GTC,1.34765644569397
Y,TAC,0.121373712879916
Z,AGC,0.821813163081805
