AA,Codon,Mean
A,GCG,1.780653069478273
A,GCC,0.995635021313031
C,TGC,0.549112953803937
D,GAC,1.05754116503398
E,GAG,0.829115307799975
F,TTC,1.23682895614306
G,GGG,0.9141502783656121
G,GGC,0.988210819840431
H,CAC,0.985106761014461
I,ATC,0.977754798869292
K,AAG,0.921673426389694
L,CTG,0.09113911207516989
L,CTC,1.020162589319551
L,TTG,-0.243376912706097
N,AAC,0.708469276595116
P,CCG,1.3909917479980691
P,CCC,1.12366434181134
Q,CAG,0.801873831721147
R,AGG,1.4011167774399131
R,CGG,0.9088301872238509
R,CGC,0.984875265904268
S,TCG,1.3175298934171629
S,TCC,1.12870713611444
T,ACG,1.328642277238767
T,ACC,0.812616328032811
V,GTG,0.23910556820432402
V,GTC,1.34245294367472
Y,TAC,0.551199102099737
Z,AGC,0.538184069297711
