AA,Codon,Mean
A,GCG,0.06412967585921303
A,GCC,0.0365683201925208
C,TGC,0.509290922254324
D,GAC,-0.14025725444605
E,GAG,0.312285457146168
F,TTC,-0.3543670688351
G,GGG,0.12691345581213598
G,GGC,0.430547151507934
H,CAC,-0.352100209752719
I,ATC,-0.113868529825409
K,AAG,-0.30352569073836
L,CTC,0.12077226407925296
L,TTG,0.0191993502676642
N,AAC,-0.369477409787973
P,CCG,0.873756291517615
P,CCC,0.555768734876315
Q,CAG,0.428903318866094
R,AGG,0.6633700344194252
R,CGG,-0.36145568219821
R,CGC,0.853468038586775
S,TCG,-0.06767373233735496
S,TCC,-0.0195318677784403
T,ACG,0.08651011104782402
T,ACC,-0.118289456825952
V,GTG,-0.24884025114774705
V,GTC,-0.0801446007855237
Y,TAC,-0.385465802454948
Z,AGC,0.0864730975416799
