AA,Codon,Mean
A,GCG,1.24555033823053
A,GCC,0.523542378302415
C,TGC,0.285788064469894
D,GAC,0.901644982230663
E,GAG,0.656885235770543
F,TTC,0.61269477130572
G,GGG,0.559328971349697
G,GGC,0.552775907512506
H,CAC,1.03045619628827
I,ATC,0.805846550210317
K,AAG,0.348003824486335
L,CTC,0.685758064365387
L,TTG,-0.00663566920625838
N,AAC,0.920153591259321
P,CCG,0.633841681901614
P,CCC,0.4681649893562
Q,CAG,0.452875363882383
R,AGG,0.565505419945715
R,CGG,0.38410479631126004
R,CGC,0.452595985291402
S,TCG,0.458333281274637
S,TCC,0.55527164798975
T,ACG,0.615238686535756
T,ACC,0.521883787753185
V,GTG,0.202239654148618
V,GTC,0.935302202256521
Y,TAC,0.714705454639594
Z,AGC,0.471700918859243
