AA,Codon,Mean
A,GCG,0.863712448327989
A,GCC,0.566767138767242
C,TGC,0.412659211266041
D,GAC,0.87065118598938
E,GAG,0.251646074729164
F,TTC,-0.0219062394549863
G,GGG,0.5336964240692246
G,GGC,0.644673590572675
H,CAC,0.926261915222804
I,ATC,-0.0814451104342937
K,AAG,-0.129585812907418
L,CTG,-0.23306233027577394
L,CTC,0.23409073656201396
L,TTG,-0.460616099878152
N,AAC,0.414222324305773
P,CCG,0.9236495603193839
P,CCC,0.694268963491917
Q,CAG,-0.151451982455949
R,AGG,0.4244847099423369
R,CGG,0.4386047281504569
R,CGC,0.584522190239032
S,TCG,0.80356636501948
S,TCC,0.563616573059559
T,ACG,0.700707016303141
T,ACC,0.560631807732582
V,GTG,-0.5612990171837309
V,GTC,0.400673758343856
Y,TAC,0.627539216621717
Z,AGC,0.429621348700921
