AA,Codon,Mean
A,GCG,0.9223481606145669
A,GCC,0.591521556707223
C,TGC,0.719128862917423
D,GAC,0.72962573920091
E,GAG,0.119705101600289
F,TTC,-0.208618793427944
G,GGG,0.535222823528444
G,GGC,1.07415043520133
H,CAC,0.623068244870504
I,ATC,-0.186530435125033
K,AAG,-0.389258629757166
L,CTG,-0.407654125809671
L,CTC,0.17973966664473207
L,TTG,-0.850169479072094
N,AAC,-0.0086248342398238
P,CCG,1.342335610731443
P,CCC,1.19517137064934
Q,CAG,0.094529863456885
R,AGG,1.165634708672391
R,CGG,0.5450124469677702
R,CGC,1.00706933048169
S,TCG,0.8051171239038339
S,TCC,0.574574724205335
T,ACG,0.823581144739192
T,ACC,0.531735702975591
V,GTG,-0.854656072775525
V,GTC,0.32476556118528
Y,TAC,0.26756140802602
Z,AGC,0.519696667955319
