AA,Codon,Mean
A,GCG,0.020201609088977
A,GCC,0.0218662655974428
C,TGC,0.293825189696749
D,GAC,-0.111791447118918
E,GAG,-0.193358900716901
F,TTC,-0.185846934066216
G,GGG,0.015176606229940992
G,GGC,0.22068747703433
H,CAC,-0.288038080856204
I,ATC,-0.0522639076929539
K,AAG,-0.280881377171477
L,CTG,-0.249789887805779
L,CTC,-0.006649888839324991
L,TTG,-0.394042109529177
N,AAC,-0.350496694552898
P,CCG,0.3652425071188774
P,CCC,0.461167576189836
Q,CAG,0.205290760144591
R,AGG,0.7057831757980398
R,CGG,0.030921075363949946
R,CGC,0.336670590500037
S,TCG,-0.05107155970931093
S,TCC,-0.0480651736727605
T,ACG,0.06148655231197703
T,ACC,-0.0941378997936845
V,GTG,-0.300380823716521
V,GTC,-0.0222851488997772
Y,TAC,-0.316122404708465
Z,AGC,-0.050345927143696
