AA,Codon,Mean
A,GCG,1.236439522359769
A,GCC,-0.135267779975136
C,TGC,-0.0326259153291092
D,GAC,0.247276855767767
E,GAG,0.168329526866476
F,TTC,0.063790359244744
G,GGG,0.114049700583021
G,GGC,-0.46924507103761
H,CAC,0.32095328228871
I,ATC,-0.0669122315297524
K,AAG,0.143349375794331
L,CTC,-0.0865709802542192
L,TTG,-0.888641833146413
N,AAC,0.19450590151449
P,CCG,-0.06283316420190162
P,CCC,-0.139108347042402
Q,CAG,-0.240882224200169
R,AGG,0.01827929912805598
R,CGG,-0.32623899894754105
R,CGC,-0.428674193871021
S,TCG,-0.0654707010811791
S,TCC,-0.109376982666552
T,ACG,0.1047645549495927
T,ACC,-0.131905872733394
V,GTG,-1.175992256293694
V,GTC,0.132613995885849
Y,TAC,-0.0274561882552053
Z,AGC,0.0373258092234071
