AA,Codon,Mean
A,GCG,0.8972388041265156
A,GCC,-0.736814902579784
C,TGC,-0.0125214751072895
D,GAC,-0.115573420995971
E,GAG,-0.338629123729467
F,TTC,-0.229115450783571
G,GGG,0.029959172817070945
G,GGC,-0.882344518919786
H,CAC,-0.117251819436004
I,ATC,-0.432536592159669
K,AAG,-0.407608949406942
L,CTC,-0.353063456937671
L,TTG,-1.51176591355006
N,AAC,-0.338028958213329
P,CCG,-0.5537406976938251
P,CCC,-0.617568855055173
Q,CAG,-0.83372875803709
R,AGG,0.08626884583433497
R,CGG,-1.06485357668226
R,CGC,-0.668240123446782
S,TCG,-0.9494583032399411
S,TCC,-0.707102295255661
T,ACG,-0.544210498195886
T,ACC,-0.758605766570568
V,GTG,-1.812524283667406
V,GTC,-0.25948089363277
Y,TAC,-0.487505176925659
Z,AGC,-0.125427994428327
