AA,Codon,Mean
A,GCG,0.2682817980686819
A,GCC,0.187856174217661
C,TGC,0.196323237706224
D,GAC,-0.166652842016021
E,GAG,-0.118298990511894
F,TTC,-0.192484484905004
G,GGG,0.7802052957435419
G,GGC,0.510707730100552
H,CAC,-0.324811984672149
I,ATC,0.0484797256172945
K,AAG,-0.345052233197292
L,CTC,0.246468318645159
L,TTG,-0.272040595800678
N,AAC,-0.29356350569725
P,CCG,1.0456309420630334
P,CCC,0.420690700592597
Q,CAG,0.307013945237796
R,AGG,0.783829477165142
R,CGG,-0.24913734443981994
R,CGC,0.693873830183347
S,TCG,-0.05185991186698197
S,TCC,0.164105956126253
T,ACG,0.17782509752512005
T,ACC,0.0772519540218015
V,GTG,-0.267880461426576
V,GTC,0.0484457272769262
Y,TAC,-0.361527313675483
Z,AGC,-0.0407571063806317
