AA,Codon,Mean
A,GCG,1.6188370527024964
A,GCC,1.05401880131563
C,TGC,1.08953326961199
D,GAC,1.37525109605789
E,GAG,0.882218123010794
F,TTC,0.764941357870897
G,GGG,0.6134565169294699
G,GGC,1.63261788013776
H,CAC,1.36289909029007
I,ATC,1.11067305715879
K,AAG,0.519921724881728
L,CTG,0.700332625216241
L,CTC,1.3544437415480628
L,TTG,0.611519257267316
N,AAC,1.07775943988164
P,CCG,1.9394575418671018
P,CCC,1.24162725852331
Q,CAG,0.676340640604496
R,AGG,1.039911887849869
R,CGG,1.1050839639544499
R,CGC,1.67274837291241
S,TCG,1.3120753441346773
S,TCC,1.01451558849017
T,ACG,1.480554779917998
T,ACC,1.07200483942032
V,GTG,0.49200493850708205
V,GTC,1.1741618489027
Y,TAC,0.897535974371433
Z,AGC,1.14112172853152
