AA,Codon,Mean
A,GCG,0.12905478439728402
A,GCC,0.0462623757778356
C,TGC,0.449533462196589
D,GAC,-0.0730330725555619
E,GAG,0.42352112022837
F,TTC,-0.296122863330444
G,GGG,-0.19003208587169607
G,GGC,0.387007273346186
H,CAC,-0.198874650413791
I,ATC,-0.0685137688835462
K,AAG,-0.309424162365993
L,CTG,0.40992848513126356
L,CTC,0.667380423347155
L,TTG,0.28455004140536
N,AAC,-0.306438201898336
P,CCG,0.664218295705318
P,CCC,0.606868803036213
Q,CAG,0.400459532439709
R,AGG,0.6859770642512478
R,CGG,0.16699643113614004
R,CGC,0.619638430845737
S,TCG,0.15277015011111905
S,TCC,-0.00499149066192532
T,ACG,0.31018541887601203
T,ACC,-0.0426543813208739
V,GTG,0.011250737178326031
V,GTC,-0.0402595534708351
Y,TAC,-0.303272745623191
Z,AGC,0.0583135174154614
