AA,Codon,Mean
A,GCG,1.5724396886607008
A,GCC,0.900196213018894
C,TGC,0.723447386018435
D,GAC,1.26354367764791
E,GAG,0.701898371978601
F,TTC,0.911178419939677
G,GGG,0.744276842115321
G,GGC,1.12807637161414
H,CAC,1.25837075517178
I,ATC,1.05011289828618
K,AAG,0.655916122015317
L,CTG,0.44609252475897504
L,CTC,0.962768857592345
L,TTG,0.480632163174947
N,AAC,1.12987189702193
P,CCG,1.386010159534216
P,CCC,0.891737307035923
Q,CAG,0.458826106111209
R,AGG,0.7304254118879591
R,CGG,0.9717581869993197
R,CGC,1.1095082417806
S,TCG,1.179241070467233
S,TCC,0.931611073338985
T,ACG,1.298822298028072
T,ACC,0.971962752083937
V,GTG,0.600574203349153
V,GTC,1.10721715010802
Y,TAC,0.935423285285632
Z,AGC,0.888424158799648
