AA,Codon,Mean
A,GCG,0.48041184092064704
A,GCC,0.547891826407115
C,TGC,0.0373504762626578
D,GAC,0.41186830761234
E,GAG,0.1922254970481
F,TTC,0.432613768808047
G,GGG,0.3226331764875464
G,GGC,0.182543979983032
H,CAC,0.488662811499834
I,ATC,0.574539898292224
K,AAG,0.00534030866104475
L,CTG,0.0441732067133892
L,CTC,0.5783176510637386
L,TTG,-7.9786259316849e-4
N,AAC,0.368591312124332
P,CCG,0.38809936301115955
P,CCC,0.567389035020272
Q,CAG,-0.228961979217331
R,AGG,7.740528523930146e-4
R,CGG,0.03428186392486102
R,CGC,0.101526264403885
S,TCG,0.29657145615752517
S,TCC,0.527204584095875
T,ACG,0.4313717136855546
T,ACC,0.50589540233016
V,GTG,-0.004220060147840987
V,GTC,0.711813340520859
Y,TAC,0.166907970906794
Z,AGC,0.169829452350239
