AA,Codon,Mean
A,GCG,0.7790684681500001
A,GCC,0.85274080739816
C,TGC,0.339950204104185
D,GAC,0.880252314639091
E,GAG,0.478117026523749
F,TTC,0.725823809019725
G,GGG,0.50737360642751
G,GGC,0.594621451203028
H,CAC,0.997496080207825
I,ATC,0.96677668607235
K,AAG,0.212723848125339
L,CTG,0.25179746885200394
L,CTC,1.008306895013647
L,TTG,0.228570878024896
N,AAC,0.726275438594818
P,CCG,0.6886508068304839
P,CCC,0.927520837080479
Q,CAG,0.127098344794412
R,AGG,0.09110846210122092
R,CGG,0.3270411214504433
R,CGC,0.586815823674202
S,TCG,0.6772843470285094
S,TCC,0.799599462405841
T,ACG,0.7013150190474441
T,ACC,0.791804410163562
V,GTG,0.253505380990108
V,GTC,1.11367873148918
Y,TAC,0.556487878708045
Z,AGC,0.464813201103608
