AA,Codon,Mean
A,GCG,0.15733806618650803
A,GCC,0.0764904714033008
C,TGC,0.289532877962788
D,GAC,-0.138219635704656
E,GAG,0.0473042555282513
F,TTC,-0.236122248852253
G,GGG,0.20926421890656205
G,GGC,0.340969242113829
H,CAC,-0.256888722632329
I,ATC,-0.0725108498762051
K,AAG,-0.283334439003468
L,CTG,0.360105886052052
L,CTC,-0.025909751947720994
L,TTG,-0.277648774022857
N,AAC,-0.291525030310949
P,CCG,0.725743025167783
P,CCC,0.283587263740102
Q,CAG,0.26060024142166
R,AGG,0.441696065799395
R,CGG,-0.518128108723959
R,CGC,0.348218476827939
S,TCG,0.104616416144371
S,TCC,-0.00704580650015964
T,ACG,0.09413244530161202
T,ACC,-0.0441914500847459
V,GTG,-0.17785554221967798
V,GTC,-0.020994506069265
Y,TAC,-0.262750850410263
Z,AGC,-0.0198255332242671
