AA,Codon,Mean
A,GCG,-0.06563578948577198
A,GCC,-0.0514945063995818
C,TGC,0.184204062728087
D,GAC,-0.224867370662093
E,GAG,-0.114515014011661
F,TTC,-0.213869065018495
G,GGG,0.46787011544108403
G,GGC,0.367254242581129
H,CAC,-0.476345739183823
I,ATC,-0.0737313993379474
K,AAG,-0.477527792012692
L,CTC,0.05530283604462999
L,TTG,-0.275846736866236
N,AAC,-0.507409857428074
P,CCG,0.490959737964471
P,CCC,0.0955893073576192
Q,CAG,-0.0336943702098603
R,AGG,0.840262207370997
R,CGG,-1.467618685527638
R,CGC,0.520744771989187
S,TCG,-0.266834803072611
S,TCC,-0.0412826309368014
T,ACG,0.016504237482945994
T,ACC,-0.115290575368206
V,GTG,-0.32026007622281705
V,GTC,-0.0395583161556472
Y,TAC,-0.46256851777037
Z,AGC,-0.101642743610094
