AA,Codon,Mean
A,GCG,0.547547525850928
A,GCC,-0.39255109868447
C,TGC,-0.68326969063282
D,GAC,-0.816587533605099
E,GAG,-0.460744361350934
F,TTC,-0.0971376791124543
G,GGG,0.013932008087635062
G,GGC,-0.950761874258518
H,CAC,-0.903678015053272
I,ATC,-0.54654380086263
K,AAG,-0.411172422462702
L,CTC,-0.761776419733962
L,TTG,-1.68353807679017
N,AAC,-0.832357351974646
P,CCG,-0.342791781826814
P,CCC,-0.521311498983701
Q,CAG,-0.650769843395551
R,AGG,0.3464974221816079
R,CGG,-0.3175183581471439
R,CGC,-0.97041567966938
S,TCG,-0.6938184514845409
S,TCC,-0.195651140466332
T,ACG,0.038526960436503055
T,ACC,-0.515154893348614
V,GTG,-1.258614580462868
V,GTC,0.124781018784146
Y,TAC,-1.1112817865928
Z,AGC,-0.782317894991239
