AA,Codon,Mean
A,GCG,1.326847873087724
A,GCC,0.407867999468247
C,TGC,0.047794171600427
D,GAC,0.341045983874798
E,GAG,0.309283091044426
F,TTC,0.150431684162219
G,GGG,0.500147697629531
G,GGC,0.200900163497527
H,CAC,0.282464470615983
I,ATC,0.264999871372183
K,AAG,0.0983372980842988
L,CTC,0.10409547497034105
L,TTG,-0.563222286744912
N,AAC,0.228330629985531
P,CCG,0.685687334920963
P,CCC,0.353534909754992
Q,CAG,0.281420186981559
R,AGG,0.465282025889557
R,CGG,0.6758383465657629
R,CGC,-0.0287398306251411
S,TCG,0.48433714896539803
S,TCC,0.398691398006678
T,ACG,0.755415485664209
T,ACC,0.404851178137461
V,GTG,-0.3170958460556961
V,GTC,0.605720163726807
Y,TAC,-0.0554244878965119
Z,AGC,0.147067371753852
