AA,Codon,Mean
A,GCG,0.857918362452587
A,GCC,0.633951473486423
C,TGC,0.189812951049705
D,GAC,1.02229240059058
E,GAG,0.628610023919741
F,TTC,0.584993048401674
G,GGG,0.7692858334754602
G,GGC,0.496328249883652
H,CAC,1.0001591615955
I,ATC,0.664464913268884
K,AAG,0.550315804501375
L,CTG,0.004386941826343027
L,CTC,0.6430435431102959
L,TTG,0.0432149981380751
N,AAC,0.782757351036866
P,CCG,0.770172062038879
P,CCC,0.573836158843835
Q,CAG,0.571324902153015
R,AGG,0.5106282459855042
R,CGG,0.850177054482699
R,CGC,0.620864657469591
S,TCG,0.689816978099445
S,TCC,0.539564594904582
T,ACG,0.65162758197685
T,ACC,0.58293168563048
V,GTG,0.18591148996154502
V,GTC,0.803581034306685
Y,TAC,0.643828867717584
Z,AGC,0.339389096212387
