AA,Codon,Mean
A,GCG,0.23784588618278502
A,GCC,0.0903340723603964
C,TGC,0.451962377806505
D,GAC,-0.0299206592361132
E,GAG,0.21707649298509
F,TTC,-0.176090180716912
G,GGG,0.082217687229316
G,GGC,0.519445912289619
H,CAC,-0.107086225183805
I,ATC,-0.0481148382348319
K,AAG,-0.128818430199722
L,CTG,0.22865304714639997
L,CTC,0.29265436841845505
L,TTG,-0.120532323013246
N,AAC,-0.202674751791358
P,CCG,0.6219015443404521
P,CCC,0.349368855341276
Q,CAG,0.319109747604529
R,AGG,0.4913151385322937
R,CGG,-0.2550837649901698
R,CGC,0.487754821300507
S,TCG,0.08637678116460595
S,TCC,0.0477351479008794
T,ACG,0.116782618796825
T,ACC,-0.0126429792568009
V,GTG,-0.08532566970586802
V,GTC,-3.01178671090914e-5
Y,TAC,-0.170242115475734
Z,AGC,0.130064238848289
