AA,Codon,Mean
A,GCG,0.706437597445647
A,GCC,0.189897155302763
C,TGC,0.00257917176757983
D,GAC,0.117056312527756
E,GAG,0.319473708146811
F,TTC,0.605434539151192
G,GGG,0.33304583945473
G,GGC,-0.182810031621655
H,CAC,0.607310534226894
I,ATC,0.706087872163455
K,AAG,-0.0990204520663557
L,CTG,-0.1609968449465929
L,CTC,0.19443913332422602
L,TTG,-0.259175973828634
N,AAC,0.330395782919725
P,CCG,0.64080895037204
P,CCC,0.571902196868261
Q,CAG,0.153701431475083
R,AGG,0.15275029381513594
R,CGG,0.2850618520895639
R,CGC,-0.343918385636806
S,TCG,0.3564976707186734
S,TCC,0.468404767407974
T,ACG,0.40243119635582003
T,ACC,0.357550129679839
V,GTG,-0.23421012871141247
V,GTC,0.252329176994165
Y,TAC,0.300755087964733
Z,AGC,0.058975938740621
