AA,Codon,Mean
A,GCG,-0.010227911174297
A,GCC,-0.0304107382833337
C,TGC,-0.257039009504517
D,GAC,-0.335591079378128
E,GAG,-0.676869672850768
F,TTC,-0.377933171027899
G,GGG,1.2721822489192067
G,GGC,0.241497974166274
H,CAC,-0.756697617010275
I,ATC,-0.0975990755746762
K,AAG,-1.25780185361703
L,CTG,-1.133848058444261
L,CTC,-0.13094659403562497
L,TTG,-1.29770697534084
N,AAC,-0.676007549961408
P,CCG,0.33349433760245395
P,CCC,-0.102995575372875
Q,CAG,-0.973285433864594
R,AGG,0.7261711260398199
R,CGG,0.8102099832398194
R,CGC,0.291873098150889
S,TCG,-0.68391648794065
S,TCC,-0.0713921065211296
T,ACG,-0.042889855444431024
T,ACC,-0.151409464043876
V,GTG,-0.42644507381728225
V,GTC,-0.135285964837174
Y,TAC,-0.843665465509892
Z,AGC,-0.289271317535639
