AA,Codon,Mean
A,GCG,1.5717734172940259
A,GCC,0.241868314432104
C,TGC,0.364471186596155
D,GAC,0.691148082129161
E,GAG,0.481828351948659
F,TTC,0.356994190726678
G,GGG,0.33013122366333264
G,GGC,0.169769554061194
H,CAC,0.797147905878226
I,ATC,0.304460287384192
K,AAG,0.42132375416557
L,CTC,0.38601123790529857
L,TTG,-0.424727466406425
N,AAC,0.651307666913668
P,CCG,0.47675495672970997
P,CCC,0.286146171683073
Q,CAG,0.206216881165902
R,AGG,0.167569171478351
R,CGG,0.017966580686966993
R,CGC,0.104128199694647
S,TCG,0.5505550313711444
S,TCC,0.285993773984909
T,ACG,0.5853862035151703
T,ACC,0.293598426574469
V,GTG,-0.8396976637343561
V,GTC,0.500445064344009
Y,TAC,0.405494389210145
Z,AGC,0.466106372835239
