AA,Codon,Mean
A,GCG,0.17364857116937593
A,GCC,0.102007483138641
C,TGC,0.206891296585401
D,GAC,-0.205725974938273
E,GAG,-0.183937369460861
F,TTC,-0.23057227520148
G,GGG,0.732563536455237
G,GGC,0.405725694127878
H,CAC,-0.428698078789314
I,ATC,-0.00559179292275465
K,AAG,-0.433305087606112
L,CTC,0.152322248524428
L,TTG,-0.41757868874073
N,AAC,-0.374269039450089
P,CCG,0.8774684277303514
P,CCC,0.304550273511807
Q,CAG,0.208596175078551
R,AGG,0.784858951648076
R,CGG,-0.7634992232640619
R,CGC,0.544926576749484
S,TCG,-0.22880064620176893
S,TCC,0.08622415152813
T,ACG,-0.03446053947409
T,ACC,-0.0225745776601136
V,GTG,-0.405153024686376
V,GTC,0.005136245595268
Y,TAC,-0.400907364382346
Z,AGC,-0.0628104582909495
