AA,Codon,Mean
A,GCG,1.30511287873586
A,GCC,-0.312405098927021
C,TGC,0.0272200397219946
D,GAC,0.207116954098145
E,GAG,-0.0169808733604664
F,TTC,-0.0555406970959157
G,GGG,0.23264288339602493
G,GGC,-0.397143827205896
H,CAC,0.306711097635825
I,ATC,-0.164783866204818
K,AAG,-0.0682373313869039
L,CTC,-0.01654793225824902
L,TTG,-0.972749364614487
N,AAC,0.0297620560149041
P,CCG,0.02638436043957801
P,CCC,-0.111333459274719
Q,CAG,-0.284557348929842
R,AGG,0.206330054195722
R,CGG,-0.29210369459986596
R,CGC,-0.289921748103698
S,TCG,-0.23394955479602
S,TCC,-0.28387414291203
T,ACG,0.07778007648717651
T,ACC,-0.298436560791731
V,GTG,-1.316566645483176
V,GTC,0.0364641169189006
Y,TAC,-0.189263952626785
Z,AGC,0.00431623868862075
