AA,Codon,Mean
A,GCG,0.181521584715445
A,GCC,0.0642956866915027
C,TGC,0.525708188897371
D,GAC,-0.0710351044682165
E,GAG,0.451346815554301
F,TTC,-0.345015480196476
G,GGG,0.38242884290218404
G,GGC,0.408455651477973
H,CAC,-0.343607150189082
I,ATC,-0.0670938133346538
K,AAG,-0.365749535944064
L,CTG,0.293009592764079
L,CTC,0.331475621082385
L,TTG,0.243800487694144
N,AAC,-0.38196215905944497
P,CCG,0.594578380179406
P,CCC,0.733809443132083
Q,CAG,0.562879333400726
R,AGG,0.8607179012417789
R,CGG,0.2815814859469701
R,CGC,0.760418971268336
S,TCG,0.355284580193957
S,TCC,-0.0349458709055247
T,ACG,0.34072061956723604
T,ACC,-0.0953261619051298
V,GTG,-0.8055359565019581
V,GTC,-0.021266265791137
Y,TAC,-0.342957388399045
Z,AGC,0.146812834641834
