AA,Codon,Mean
A,GCG,1.548306865971285
A,GCC,0.885209478763739
C,TGC,0.602797429535786
D,GAC,1.21865598248641
E,GAG,0.756433620154858
F,TTC,0.730275854794184
G,GGG,0.5397164290341354
G,GGC,1.04539401081403
H,CAC,1.13713539238771
I,ATC,0.803623657472928
K,AAG,0.963445873959859
L,CTG,0.43534423717260506
L,CTC,0.7799440121531499
L,TTG,-0.12573556864957
N,AAC,0.68631730393966
P,CCG,1.314563729353745
P,CCC,0.844669782066345
Q,CAG,0.752998590687911
R,AGG,0.8006183364788729
R,CGG,0.481423915593326
R,CGC,1.10221435921987
S,TCG,1.170901012732586
S,TCC,0.714930148140589
T,ACG,1.0994859153310461
T,ACC,0.862219842147827
V,GTG,-0.04025493781169298
V,GTC,1.41431154685815
Y,TAC,0.660140595038732
Z,AGC,0.736117258270582
