AA,Codon,Mean
A,GCG,1.680242608127995
A,GCC,0.953058506500721
C,TGC,1.41571299515565
D,GAC,1.15844614409606
E,GAG,1.44974179730415
F,TTC,0.263978310450912
G,GGG,0.8444064386685701
G,GGC,1.77473167065779
H,CAC,0.633660732897123
I,ATC,0.768354697859287
K,AAG,0.441910417284568
L,CTG,0.848923091971872
L,CTC,1.17882657787005
L,TTG,0.199515046141545
N,AAC,0.0720830772223417
P,CCG,2.124025343656536
P,CCC,1.69916858843962
Q,CAG,1.53035937027931
R,AGG,1.8552774302335773
R,CGG,0.8504053111791599
R,CGC,1.89086629713376
S,TCG,1.675699770317727
S,TCC,0.785233234767119
T,ACG,1.472875257752337
T,ACC,0.821733299704393
V,GTG,-1.00802023390134
V,GTC,1.3856018843015
Y,TAC,0.0991190361901497
Z,AGC,0.986223918775717
