AA,Codon,Mean
A,GCG,0.7892668936788999
A,GCC,0.0578189967667063
C,TGC,0.104679781060417
D,GAC,-0.0299959491229927
E,GAG,0.652481171921889
F,TTC,-0.29490739410917
G,GGG,0.47826191065310986
G,GGC,0.421898655998707
H,CAC,-0.264164738184214
I,ATC,-0.0267254619525745
K,AAG,-0.303397396840652
L,CTG,0.13787762949466698
L,CTC,0.27005122666160203
L,TTG,-0.515059793968995
N,AAC,-0.231112006771564
P,CCG,1.192400508638223
P,CCC,1.07865387206475
Q,CAG,0.508429546753565
R,AGG,1.1515839836828738
R,CGG,0.91624487708807
R,CGC,1.79775436842442
S,TCG,0.49701119475265304
S,TCC,0.065997009139508
T,ACG,0.5543253394484469
T,ACC,0.0101866938292327
V,GTG,0.092151953633626
V,GTC,0.0065212008641931
Y,TAC,-0.21172485875984
Z,AGC,0.0619221996745716
