AA,Codon,Mean
A,GCG,0.552626123686631
A,GCC,0.305323622812827
C,TGC,0.109927239531279
D,GAC,0.208799793472886
E,GAG,-0.063415514785548
F,TTC,0.421944700324535
G,GGG,0.187335176964104
G,GGC,-0.0679289364018788
H,CAC,0.622908517054717
I,ATC,0.362009976653258
K,AAG,0.0204599033067301
L,CTG,-0.690543652293086
L,CTC,0.085994120581944
L,TTG,-0.721935753107071
N,AAC,0.104326499162614
P,CCG,0.059435599450462395
P,CCC,0.286107811625799
Q,CAG,-0.352683102281888
R,AGG,0.0749167308092119
R,CGG,0.12804969386855702
R,CGC,-0.256521250481407
S,TCG,-0.13812218230962803
S,TCC,0.369023893841108
T,ACG,0.20328156598225033
T,ACC,0.240484024181962
V,GTG,-0.3274491128896672
V,GTC,0.387286687958241
Y,TAC,0.289107821446657
Z,AGC,-0.00633285518346274
