AA,Codon,Mean
A,GCG,-0.6705856926381589
A,GCC,-0.610632590711117
C,TGC,-0.256835863252481
D,GAC,-0.671599940578143
E,GAG,-0.491608096023401
F,TTC,-0.297037444770336
G,GGG,-0.361392399488887
G,GGC,-0.746665636185805
H,CAC,-0.440083125295242
I,ATC,-0.461374321935574
K,AAG,-0.323607229157289
L,CTG,-0.8013163045098379
L,CTC,-0.542346712749204
L,TTG,-0.547848419207335
N,AAC,-0.61881588212649
P,CCG,-0.6840968748567489
P,CCC,-0.50261641519467
Q,CAG,-0.549777019447088
R,AGG,0.039470793114106006
R,CGG,-0.713650700929761
R,CGC,-0.436774251093467
S,TCG,-1.042979426399867
S,TCC,-0.464646955599388
T,ACG,-0.666082555189729
T,ACC,-0.634216169834137
V,GTG,-0.876241480992238
V,GTC,-0.418311160482963
Y,TAC,-0.343798962446054
Z,AGC,-0.433130503145854
