AA,Codon,Mean
A,GCG,1.475932678059737
A,GCC,0.78922262057066
C,TGC,0.58732945868969
D,GAC,0.683973454229037
E,GAG,0.433805547495683
F,TTC,0.249166863105694
G,GGG,1.466616363408166
G,GGC,1.12804436167081
H,CAC,0.583788580687841
I,ATC,0.545731893797715
K,AAG,0.362668824313084
L,CTG,0.14708568505446096
L,CTC,0.7596582647204401
L,TTG,-0.449966147184372
N,AAC,0.471954681201776
P,CCG,1.316991879966851
P,CCC,1.07565585194429
Q,CAG,0.776124847877026
R,AGG,1.299829378169775
R,CGG,0.8069491075793891
R,CGC,0.510105078995228
S,TCG,0.800236319492509
S,TCC,0.608417517757416
T,ACG,1.105120018926261
T,ACC,0.525941112971306
V,GTG,-0.75089364007711
V,GTC,0.772827414484819
Y,TAC,0.151748972060283
Z,AGC,0.446134590593974
