AA,Codon,Mean
A,GCG,1.438569777109225
A,GCC,-0.0646154812886069
C,TGC,-0.0127434122889087
D,GAC,0.300357987342278
E,GAG,0.0887049696971973
F,TTC,0.0194025772403244
G,GGG,0.568709452490164
G,GGC,-0.0680865908273185
H,CAC,0.328003770186504
I,ATC,0.0415765815657253
K,AAG,0.0531214763344886
L,CTC,-0.04446641039848298
L,TTG,-0.807974963215987
N,AAC,0.257875700491667
P,CCG,0.6514361386333898
P,CCC,-0.0343361355931885
Q,CAG,-0.0489441137907018
R,AGG,0.32811580387751393
R,CGG,0.28404110550383693
R,CGC,-0.179333687878648
S,TCG,0.2746163901090317
S,TCC,-0.0977218216009438
T,ACG,0.648593694363038
T,ACC,-0.128544204367201
V,GTG,-0.6060499286289021
V,GTC,0.19073672332863
Y,TAC,-0.0455839599576061
Z,AGC,0.0237232103646943
