AA,Codon,Mean
A,GCG,0.16039107089440396
A,GCC,0.205467567935586
C,TGC,0.721674803884824
D,GAC,-0.0410257130689919
E,GAG,0.469067523266872
F,TTC,-0.379738107975324
G,GGG,0.58120918744405
G,GGC,0.837883451477687
H,CAC,-0.30107210025986
I,ATC,0.0394163110159337
K,AAG,-0.608939472941558
L,CTC,0.346216452308496
L,TTG,-0.0713491613139709
N,AAC,-0.465146306580305
P,CCG,1.436132215661804
P,CCC,0.566636759575208
Q,CAG,0.693430930236975
R,AGG,1.217656213677927
R,CGG,-0.5076294125080099
R,CGC,1.41988679916064
S,TCG,0.03133793504635496
S,TCC,0.128110080903769
T,ACG,0.3187524740815211
T,ACC,0.0594310602327188
V,GTG,-0.30822367503246195
V,GTC,0.0829042364003758
Y,TAC,-0.397032076034943
Z,AGC,0.232127873227994
