AA,Codon,Mean
A,GCG,0.677552048891783
A,GCC,-0.842457984924316
C,TGC,-0.631109567352136
D,GAC,-0.865717107109229
E,GAG,-0.640336980338891
F,TTC,-0.530791738231977
G,GGG,0.19927056556344003
G,GGC,-1.15564758176009
H,CAC,-0.771058483533064
I,ATC,-0.85242368461291
K,AAG,-0.600597206421693
L,CTC,-0.9823612258404519
L,TTG,-1.93379247184594
N,AAC,-0.852208787624041
P,CCG,-0.1216245456907015
P,CCC,-0.803198219474157
Q,CAG,-1.18144984086355
R,AGG,0.216108523599307
R,CGG,-0.37943954978386507
R,CGC,-1.03206591198047
S,TCG,-0.9682298007205141
S,TCC,-0.924705403077602
T,ACG,-0.17348096078534897
T,ACC,-1.04817860658964
V,GTG,-1.6127866685474526
V,GTC,-0.664032755903403
Y,TAC,-1.12529328617255
Z,AGC,-0.76869088546435
