AA,Codon,Mean
A,GCG,0.39460514154037296
A,GCC,-0.187497278045615
C,TGC,-0.253304838332534
D,GAC,0.104630140371124
E,GAG,-0.0955186070106924
F,TTC,0.613853637941678
G,GGG,-0.05676855206489595
G,GGC,-1.14172929415703
H,CAC,0.858824520552158
I,ATC,0.132908939568698
K,AAG,0.543126236760616
L,CTC,0.039311336898804006
L,TTG,-0.935198324600856
N,AAC,0.296557335889339
P,CCG,-1.064839929439624
P,CCC,-0.418284340004126
Q,CAG,-0.700046445067724
R,AGG,0.0025333483487369746
R,CGG,-1.093827686293923
R,CGC,-0.882512321257591
S,TCG,-0.338015444916486
S,TCC,0.0697105630483789
T,ACG,0.0029040381352110067
T,ACC,-0.126163982034723
V,GTG,-0.54065172637105
V,GTC,0.242865955224633
Y,TAC,0.492241057916482
Z,AGC,-0.323185484125217
