AA,Codon,Mean
A,GCG,0.9075089561144503
A,GCC,0.525498531150818
C,TGC,0.93736152258714
D,GAC,0.112209887987375
E,GAG,0.606775572522481
F,TTC,-0.279051230841875
G,GGG,0.9175925895333299
G,GGC,1.17983125887712
H,CAC,-0.089527786528257
I,ATC,0.152693241658807
K,AAG,-0.23615684307913
L,CTC,0.679634412330392
L,TTG,-0.183803575664759
N,AAC,-0.231315914268295
P,CCG,2.414056446427102
P,CCC,1.91751498076916
Q,CAG,1.02701780265967
R,AGG,1.931758167847002
R,CGG,0.9349978873332401
R,CGC,1.84639779775937
S,TCG,0.705821382025874
S,TCC,0.370290025816361
T,ACG,1.0002702353874902
T,ACC,0.212501209872961
V,GTG,0.18208019833564992
V,GTC,0.131852539641162
Y,TAC,-0.222656601903836
Z,AGC,0.542831152176857
