AA,Codon,Mean
A,GCG,0.334845556316773
A,GCC,0.782462182656924
C,TGC,0.701694918060303
D,GAC,0.0947170576823254
E,GAG,0.176410066865881
F,TTC,0.442269243997335
G,GGG,0.749045778416439
G,GGC,0.0161253959464678
H,CAC,0.515192175946633
I,ATC,0.412097802251577
K,AAG,0.33332574532032
L,CTG,-0.6091175736216206
L,CTC,-0.2670578434427531
L,TTG,-0.806656038832664
N,AAC,-0.0905646352872873
P,CCG,0.21975416234036302
P,CCC,0.851229705321789
Q,CAG,-0.154414886693656
R,AGG,0.453634805079299
R,CGG,0.1435423983406022
R,CGC,0.233835201904178
S,TCG,0.2283572003916778
S,TCC,0.736373746550083
T,ACG,0.12242492320180971
T,ACC,0.622909920390447
V,GTG,-1.011733870688081
V,GTC,0.143433954888086
Y,TAC,-0.176237874799967
Z,AGC,0.825528334637483
