AA,Codon,Mean
A,GCG,-0.13225680387417704
A,GCC,-0.459163812663158
C,TGC,-0.380004568324486
D,GAC,-0.401858109889428
E,GAG,-1.22191621476014
F,TTC,-0.587951930844784
G,GGG,1.6208610454261259
G,GGC,0.0312720968676421
H,CAC,-0.746151369762421
I,ATC,-0.282129050940275
K,AAG,-1.720703987511
L,CTG,-1.830180746839444
L,CTC,-0.22075536426704012
L,TTG,-2.01869654653867
N,AAC,-1.46978848165671
P,CCG,-0.6623376973629
P,CCC,-0.639852261734009
Q,CAG,-1.56871287399928
R,AGG,1.729251136891051
R,CGG,1.09234410019269
R,CGC,0.756053371604284
S,TCG,-1.034553838348393
S,TCC,-0.304390815252066
T,ACG,-0.25299378939867
T,ACC,-0.543546286898851
V,GTG,-1.286813164414964
V,GTC,-0.2597280015558
Y,TAC,-1.32958001546065
Z,AGC,-1.04167355347474
