AA,Codon,Mean
A,GCG,1.0000098098091215
A,GCC,0.755123061621189
C,TGC,0.825182460216681
D,GAC,0.968707712272803
E,GAG,0.432645091267427
F,TTC,0.526251905407508
G,GGG,0.527690187320113
G,GGC,1.03167104282777
H,CAC,0.937792026333014
I,ATC,0.733395256284873
K,AAG,0.53528274850448
L,CTG,0.20024314358184697
L,CTC,0.5450850800524151
L,TTG,0.459544855006536
N,AAC,0.842751820548375
P,CCG,0.7925383580797479
P,CCC,0.905881967043877
Q,CAG,0.371535601335764
R,AGG,0.40935180928707393
R,CGG,0.2616068447297225
R,CGC,0.976438347884019
S,TCG,0.8340763047434385
S,TCC,0.869948124599457
T,ACG,0.9365049303300683
T,ACC,0.784420406623681
V,GTG,0.3049392278555157
V,GTC,0.916302467874686
Y,TAC,0.692705048231284
Z,AGC,0.73311525015831
