AA,Codon,Mean
A,GCG,0.13749855358997998
A,GCC,0.0149708697570973
C,TGC,0.312163905255993
D,GAC,-0.274698768721024
E,GAG,0.0516108006760478
F,TTC,-0.531354542462031
G,GGG,-0.088705289483068
G,GGC,0.470706773374478
H,CAC,-0.49163212557435
I,ATC,-0.244479606518149
K,AAG,-0.696072572032611
L,CTG,0.23401000716586903
L,CTC,0.33914434735576304
L,TTG,-0.650727965243657
N,AAC,-0.634210956974824
P,CCG,1.00914125443101
P,CCC,0.609423265095552
Q,CAG,0.283151488313079
R,AGG,0.676379460485858
R,CGG,-0.7834920619805703
R,CGC,0.59690387792786
S,TCG,-0.04263045842647495
S,TCC,-0.102942532364527
T,ACG,0.076483116660515
T,ACC,-0.128110544420779
V,GTG,-0.27248324512441896
V,GTC,-0.171394656644265
Y,TAC,-0.616886081345876
Z,AGC,-0.0164537195677188
