AA,Codon,Mean
A,GCG,0.935230970531704
A,GCC,0.626138862729073
C,TGC,0.473365549993515
D,GAC,0.376694715074698
E,GAG,0.441920844159524
F,TTC,0.177752358528475
G,GGG,0.79371548442841
G,GGC,0.758238369965553
H,CAC,0.303277384802699
I,ATC,0.325319761651754
K,AAG,-0.00375184850683171
L,CTG,0.3970629558563199
L,CTC,0.5775216621796301
L,TTG,-0.309470095694065
N,AAC,0.0407469902285774
P,CCG,1.297458422148228
P,CCC,0.92698454335928
Q,CAG,0.510666249197722
R,AGG,1.380113672171041
R,CGG,0.612600545249379
R,CGC,0.8527732355992
S,TCG,0.8105367381468722
S,TCC,0.36250018766125
T,ACG,0.9212873695641709
T,ACC,0.457638626259565
V,GTG,-0.8300592073162419
V,GTC,0.57834084409078
Y,TAC,0.00433304759234373
Z,AGC,0.34294699113071
