AA,Codon,Mean
A,GCG,0.565553386746844
A,GCC,0.366676252871752
C,TGC,0.594854126854738
D,GAC,0.83197284412384
E,GAG,0.486829881960154
F,TTC,0.329732747989893
G,GGG,0.19136182694048642
G,GGC,0.501198699931304
H,CAC,0.92937417596976
I,ATC,0.375918489897251
K,AAG,0.676469064346949
L,CTG,0.16265251824359103
L,CTC,0.4608982423528692
L,TTG,0.420900322912137
N,AAC,0.826814088241259
P,CCG,0.27573905605350957
P,CCC,0.269478120927016
Q,CAG,0.528189853000641
R,AGG,0.098752373422931
R,CGG,0.386715356084953
R,CGC,0.514264638253053
S,TCG,0.429882047024369
S,TCC,0.405791616940498
T,ACG,0.34998953643019
T,ACC,0.398894502747059
V,GTG,0.496830779644847
V,GTC,0.546355169485013
Y,TAC,0.856124803475539
Z,AGC,0.691166152596474
