AA,Codon,Mean
A,GCG,1.4601425632715201
A,GCC,1.00962335939407
C,TGC,1.36451241892179
D,GAC,0.694571892658869
E,GAG,1.05673977397283
F,TTC,-0.149541573609412
G,GGG,1.21489868148963
G,GGC,1.82933313141664
H,CAC,0.399383549469709
I,ATC,0.362270679777861
K,AAG,-0.00942678799477714
L,CTG,0.78191622539759
L,CTC,0.9843347874959301
L,TTG,0.0901021061149736
N,AAC,0.00175041660888948
P,CCG,2.2159318497578298
P,CCC,1.83146146026452
Q,CAG,1.30145682090918
R,AGG,2.590925061255692
R,CGG,0.5531282903830201
R,CGC,1.73097327133814
S,TCG,1.334332390302917
S,TCC,0.559251136513551
T,ACG,1.4575407336592652
T,ACC,0.613499953997135
V,GTG,-1.45114025411606
V,GTC,0.737321431982517
Y,TAC,-0.0461176669172899
Z,AGC,0.828813026777903
