AA,Codon,Mean
A,GCG,1.984172534838315
A,GCC,1.23898931047122
C,TGC,0.974022858655453
D,GAC,1.53805389672915
E,GAG,1.15021255822579
F,TTC,0.962156706726551
G,GGG,1.445287807434797
G,GGC,1.0722988270243
H,CAC,1.51250548790296
I,ATC,1.1123842618227
K,AAG,1.16715632688999
L,CTC,0.873113839862744
L,TTG,0.728281376810869
N,AAC,1.34128438580036
P,CCG,1.884531591290238
P,CCC,1.07442510706981
Q,CAG,1.16064446576834
R,AGG,1.4602387560049657
R,CGG,1.339724159323175
R,CGC,0.822640076806148
S,TCG,1.8138767640849
S,TCC,0.967396619832516
T,ACG,1.655429350416702
T,ACC,1.22694664930503
V,GTG,0.540792262852191
V,GTC,1.68334549767176
Y,TAC,1.61843166128
Z,AGC,1.19624966438214
