AA,Codon,Mean
A,GCG,2.2227058951924192
A,GCC,1.47142798412641
C,TGC,2.62130085935593
D,GAC,2.10259781498909
E,GAG,1.94558452477455
F,TTC,1.05984394721587
G,GGG,1.6421596455971401
G,GGC,2.68672585199674
H,CAC,2.19316175669829
I,ATC,1.5879023681879
K,AAG,1.8312534330368
L,CTC,2.26253424106836
L,TTG,2.41477094768683
N,AAC,1.88615060228507
P,CCG,2.4301867979804723
P,CCC,2.18477814218203
Q,CAG,2.14620795358817
R,AGG,2.196632458249652
R,CGG,1.69928483382066
R,CGC,3.1994773525238
S,TCG,2.2968713360667876
S,TCC,1.71167655612628
T,ACG,2.3926650383333348
T,ACC,1.48464947930177
V,GTG,1.771854649305339
V,GTC,1.5876282107989
Y,TAC,2.00879185880025
Z,AGC,2.01876419061025
