AA,Codon,Mean
A,GCG,0.623736977101862
A,GCC,0.297090433301528
C,TGC,-0.914691031891108
D,GAC,0.183746104343606
E,GAG,-0.0349775871673686
F,TTC,0.237495289480189
G,GGG,0.18464927151600996
G,GGC,-0.639977838784456
H,CAC,0.130975216929748
I,ATC,0.144675872379926
K,AAG,-0.00559207249324994
L,CTC,-0.22196437729199991
L,TTG,-0.948887242839734
N,AAC,0.18230850125514
P,CCG,0.349150309467812
P,CCC,-0.115459137873051
Q,CAG,-0.2307096615955
R,AGG,-0.022329022868480042
R,CGG,0.48142127944230995
R,CGC,-0.665890998653571
S,TCG,0.149854489501074
S,TCC,-0.0605431051265447
T,ACG,0.27329360925990237
T,ACC,0.243028163941701
V,GTG,-0.5126659882121472
V,GTC,0.519967568266392
Y,TAC,0.102310824887874
Z,AGC,-0.276911030646303
