AA,Codon,Mean
A,GCG,1.162922255765399
A,GCC,-0.421994897717237
C,TGC,-0.0934148470672468
D,GAC,0.0759816528571149
E,GAG,0.0148925597227955
F,TTC,-0.0583791584345202
G,GGG,0.06302214065392797
G,GGC,-0.69848894174099
H,CAC,0.153081974381208
I,ATC,-0.262159773074587
K,AAG,0.0304738795314642
L,CTC,-0.179694046856463
L,TTG,-1.1259662235419
N,AAC,0.0344988367245741
P,CCG,-0.1922260050475625
P,CCC,-0.297139126055439
Q,CAG,-0.444005249460538
R,AGG,0.04453474806547103
R,CGG,-0.488332423394918
R,CGC,-0.458005605473121
S,TCG,-0.314899378569921
S,TCC,-0.295497072704633
T,ACG,-0.076340265450875
T,ACC,-0.376558569057783
V,GTG,-1.460043430729712
V,GTC,-0.024749403808592
Y,TAC,-0.227800960640113
Z,AGC,-0.036332880448367
