AA,Codon,Mean
A,GCG,0.11866393928925201
A,GCC,0.0777116699181497
C,TGC,0.231318730519215
D,GAC,-0.286113558957974
E,GAG,-0.278520486734311
F,TTC,-0.306413050425053
G,GGG,0.7411774749437939
G,GGC,0.415893455950419
H,CAC,-0.498898927948872
I,ATC,-0.0307437454765042
K,AAG,-0.576486480903626
L,CTC,0.12797709452708594
L,TTG,-0.523643638821443
N,AAC,-0.510446445558469
P,CCG,0.8553778126344087
P,CCC,0.266545917226871
Q,CAG,0.168452712667982
R,AGG,0.882955992698669
R,CGG,-0.772638072093325
R,CGC,0.519210097434123
S,TCG,-0.44265447566707905
S,TCC,0.00969953867849786
T,ACG,-0.13630625737309404
T,ACC,-0.0330464933458502
V,GTG,-0.568385375427206
V,GTC,-0.0313701807034202
Y,TAC,-0.526102276062965
Z,AGC,-0.107886530298491
