AA,Codon,Mean
A,GCG,0.34380463676750705
A,GCC,0.464693274466197
C,TGC,-0.0034307338449572
D,GAC,0.301841289824247
E,GAG,-0.0129124208627038
F,TTC,0.351170966690779
G,GGG,0.195980021409194
G,GGC,-0.0567097814737198
H,CAC,0.160076120423277
I,ATC,0.135462618306776
K,AAG,0.197576730475823
L,CTG,-0.7268723336512842
L,CTC,0.191715355119606
L,TTG,-0.764670390776793
N,AAC,0.0664860010823856
P,CCG,-0.08833536580304302
P,CCC,0.213412243955334
Q,CAG,-0.25289157072107
R,AGG,0.45907296515305795
R,CGG,0.28258038804332397
R,CGC,0.0584742974085423
S,TCG,-0.025416651431719006
S,TCC,0.434505373960733
T,ACG,0.1796100110726429
T,ACC,0.133760835847755
V,GTG,-0.598621053928634
V,GTC,0.747571972839038
Y,TAC,-0.0178286592119491
Z,AGC,-0.00522777220200207
