AA,Codon,Mean
A,GCG,0.04049564394354799
A,GCC,-0.0281551806573446
C,TGC,0.0394497939486367
D,GAC,-0.155236433554689
E,GAG,-0.0475682713143527
F,TTC,-0.122493530535698
G,GGG,0.259400737192234
G,GGC,0.256165952557325
H,CAC,-0.303203240265449
I,ATC,-0.0890366027752558
K,AAG,-0.190813241759936
L,CTG,-0.15587876722961702
L,CTC,0.013378289365892602
L,TTG,-0.278810188407699
N,AAC,-0.338838789069653
P,CCG,0.296643897989889
P,CCC,0.0433188176862895
Q,CAG,0.0684107760258019
R,AGG,0.41297551695773593
R,CGG,-0.6282735540191319
R,CGC,0.233511231442293
S,TCG,-0.028649550025660997
S,TCC,-0.0318706038213025
T,ACG,0.142078331943353
T,ACC,-0.0937882039114833
V,GTG,-0.066078894855579
V,GTC,0.00311073100458457
Y,TAC,-0.310322554993629
Z,AGC,-0.0168947235776393
