AA,Codon,Mean
A,GCG,1.103031832462549
A,GCC,0.974316100056966
C,TGC,0.483457982875903
D,GAC,1.13929314441681
E,GAG,0.534761903750896
F,TTC,1.188608390522
G,GGG,0.627281280516585
G,GGC,1.07931501719157
H,CAC,1.1845415014108
I,ATC,1.25133417668343
K,AAG,0.816577510333061
L,CTG,0.46415193551381506
L,CTC,1.2594398026247842
L,TTG,-0.0402643068496332
N,AAC,0.910676251256466
P,CCG,0.6957783092488841
P,CCC,0.987395731258392
Q,CAG,0.316915534733733
R,AGG,0.34197429825365505
R,CGG,0.801387815578778
R,CGC,1.03713724073569
S,TCG,0.926877936031421
S,TCC,1.08311058044434
T,ACG,0.796780040802558
T,ACC,1.06086232022444
V,GTG,-0.07870832311113696
V,GTC,1.58320684849421
Y,TAC,0.638629416894913
Z,AGC,0.732247186005116
