AA,Codon,Mean
A,GCG,0.8995630042299619
A,GCC,0.666306609133879
C,TGC,0.676807061521212
D,GAC,0.166495828175545
E,GAG,0.820029483580589
F,TTC,-0.48046967783769
G,GGG,1.0860573070247999
G,GGC,0.88959079635938
H,CAC,-0.153966125302017
I,ATC,-0.121498807362219
K,AAG,-0.228034347676237
L,CTG,0.17688829976717602
L,CTC,0.1323578178415854
L,TTG,0.528567675499121
N,AAC,-0.175249011699359
P,CCG,1.464694242064161
P,CCC,1.11493792765141
Q,CAG,1.05076553416649
R,AGG,1.1877917880932491
R,CGG,0.0018117564598800762
R,CGC,0.988598460396131
S,TCG,1.070825891954697
S,TCC,0.0164852445197206
T,ACG,1.034748806997135
T,ACC,0.0627930819500238
V,GTG,0.30684763333797793
V,GTC,-0.0557498319528997
Y,TAC,-0.179040095587571
Z,AGC,0.403371349235376
