AA,Codon,Mean
A,GCG,1.366371147652465
A,GCC,0.752959231801828
C,TGC,0.502237292734782
D,GAC,0.682239480431875
E,GAG,0.813472611343861
F,TTC,1.39878584738572
G,GGG,0.741244842129946
G,GGC,0.134702579925458
H,CAC,0.931316592208544
I,ATC,1.02953885104259
K,AAG,1.10999223922888
L,CTG,0.47761039123555304
L,CTC,1.0218370036265452
L,TTG,0.323911842189233
N,AAC,0.587532700876395
P,CCG,1.1357239435507924
P,CCC,0.880457206853231
Q,CAG,0.691637780785561
R,AGG,0.923348664804797
R,CGG,0.7160987787681319
R,CGC,0.27094892086486
S,TCG,1.17665372916758
S,TCC,1.22063817107677
T,ACG,1.321646903006241
T,ACC,0.987981241329511
V,GTG,0.484878738592069
V,GTC,0.943865183309714
Y,TAC,0.646226369055112
Z,AGC,0.389604668571552
