AA,Codon,Mean
A,GCG,0.36839181048473
A,GCC,-0.0626892922962705
C,TGC,-0.358835120785236
D,GAC,-0.251896894076467
E,GAG,0.166880111977458
F,TTC,-0.389574841793378
G,GGG,0.515479226835566
G,GGC,0.28641904031237
H,CAC,-0.569355835556984
I,ATC,-0.173453617145618
K,AAG,-0.74809488008817
L,CTG,-0.249824380004406
L,CTC,-0.162007318042219
L,TTG,-0.50808144423763
N,AAC,-0.457348328268528
P,CCG,0.884101965255538
P,CCC,0.049802873932446
Q,CAG,0.345048427363237
R,AGG,0.823627269818384
R,CGG,0.737573532764114
R,CGC,0.209248088617126
S,TCG,0.14176900969147693
S,TCC,-0.0965094512537122
T,ACG,0.348813452963035
T,ACC,-0.147607715248565
V,GTG,0.26349101010561005
V,GTC,-0.195504483426611
Y,TAC,-0.46963027407527
Z,AGC,-0.156629825693369
