AA,Codon,Mean
A,GCG,1.811535079861682
A,GCC,0.935309082603455
C,TGC,0.724211444179217
D,GAC,1.46335436356068
E,GAG,0.966002295692762
F,TTC,0.996961282114188
G,GGG,0.837500636313357
G,GGC,1.20411650769711
H,CAC,1.40947281579177
I,ATC,1.18969357694785
K,AAG,0.545024848828713
L,CTG,0.626958163114391
L,CTC,1.5195284603873849
L,TTG,0.60321946212450706
N,AAC,1.27177019178073
P,CCG,1.911764145143829
P,CCC,1.58713047124545
Q,CAG,0.977551192009449
R,AGG,1.084506401389842
R,CGG,1.181051158938804
R,CGC,1.96476977586746
S,TCG,1.1723702438565609
S,TCC,1.13196734155814
T,ACG,1.632697841637337
T,ACC,0.973321688222885
V,GTG,0.6405156695683799
V,GTC,1.30545257184505
Y,TAC,1.25800461262067
Z,AGC,0.882840345684687
