AA,Codon,Mean
A,GCG,-0.3836077104050668
A,GCC,-0.668552088387807
C,TGC,-0.410166550652186
D,GAC,-1.3528687420845
E,GAG,-0.486902805254857
F,TTC,-1.40143732523918
G,GGG,-0.605666393175225
G,GGC,-0.500821456863483
H,CAC,-1.30700456222693
I,ATC,-1.45226427036921
K,AAG,-1.00620657250881
L,CTG,-0.5956790329953041
L,CTC,-1.5869023966103761
L,TTG,-0.879678474911054
N,AAC,-1.60936146990458
P,CCG,-0.36817031713525505
P,CCC,-0.788405475453536
Q,CAG,-0.646027774818738
R,AGG,-0.020651147497003905
R,CGG,-1.505670974802971
R,CGC,-0.87090928624471
S,TCG,-0.5220192511133848
S,TCC,-1.04875989422401
T,ACG,-0.34245928256611
T,ACC,-0.913199584329128
V,GTG,-0.781450488669674
V,GTC,-1.37689529424508
Y,TAC,-1.750891756471
Z,AGC,-0.794981547657649
