AA,Codon,Mean
A,GCG,1.219484004716079
A,GCC,-0.26807722256581
C,TGC,-0.0440126238598411
D,GAC,0.186398798782627
E,GAG,0.0947281452124318
F,TTC,0.0395120574518611
G,GGG,0.17374729526440302
G,GGC,-0.484818300437927
H,CAC,0.254971289180716
I,ATC,-0.124283092881739
K,AAG,0.0832021981231868
L,CTC,-0.084393796141943
L,TTG,-0.940098070073128
N,AAC,0.162779058156411
P,CCG,-0.004954748737314996
P,CCC,-0.161244032163421
Q,CAG,-0.316208234606187
R,AGG,0.089917588961124
R,CGG,-0.30138923528989103
R,CGC,-0.373871821212769
S,TCG,-0.125680103587853
S,TCC,-0.171209731726845
T,ACG,0.0803629029718723
T,ACC,-0.199087433879574
V,GTG,-1.256884442168474
V,GTC,0.0873861289672554
Y,TAC,-0.1143525181065
Z,AGC,0.0321974045847834
