AA,Codon,Mean
A,GCG,0.13440170112848293
A,GCC,0.057874205369254
C,TGC,0.219129327947895
D,GAC,-0.266451408122977
E,GAG,-0.268665466633439
F,TTC,-0.302676879201333
G,GGG,0.7061553595085899
G,GGC,0.374681819746892
H,CAC,-0.483934323459864
I,ATC,-0.0523343728358547
K,AAG,-0.540985067611933
L,CTC,0.11382179951270399
L,TTG,-0.502787926948071
N,AAC,-0.499968542295694
P,CCG,0.7827005386737488
P,CCC,0.24030180294315
Q,CAG,0.142468500742813
R,AGG,0.804576420089603
R,CGG,-0.7841280166705469
R,CGC,0.504471554539601
S,TCG,-0.37645823023517905
S,TCC,0.0153426363976722
T,ACG,-0.11227864830096501
T,ACC,-0.0841258178407947
V,GTG,-0.507030883615216
V,GTC,-0.0402526180752864
Y,TAC,-0.500681835405032
Z,AGC,-0.112245121066769
