AA,Codon,Mean
A,GCG,0.7757704770048449
A,GCC,0.249421956948439
C,TGC,0.815013788795471
D,GAC,0.250508570281665
E,GAG,0.796586817002296
F,TTC,-0.278164192849398
G,GGG,-0.29639954694112003
G,GGC,1.21268892041047
H,CAC,-0.162749496364594
I,ATC,0.200438321045041
K,AAG,-0.67272824845314
L,CTG,0.4410032084584251
L,CTC,0.510454287932813
L,TTG,0.196481475062172
N,AAC,-0.292544822993875
P,CCG,1.63853928245306
P,CCC,1.61531983671188
Q,CAG,0.899848887614409
R,AGG,1.364587149576346
R,CGG,0.33928920079073
R,CGC,1.58219494060675
S,TCG,0.774206950418157
S,TCC,0.155538548391064
T,ACG,0.758121705929435
T,ACC,0.120251117607454
V,GTG,-0.19508748940626996
V,GTC,0.198849710233013
Y,TAC,-0.325608915829659
Z,AGC,0.503029541450739
