AA,Codon,Mean
A,GCG,-1.3400150763670629
A,GCC,-1.04651872963905
C,TGC,-0.993115100069841
D,GAC,-1.22407750196457
E,GAG,-1.20961552097003
F,TTC,-0.626040883044402
G,GGG,-0.38342143210768703
G,GGC,-1.58957601208687
H,CAC,-0.609823041991393
I,ATC,-1.07778427111308
K,AAG,-0.345507379959027
L,CTG,-1.5095371247092881
L,CTC,-1.325700127764719
L,TTG,-1.91886795683702
N,AAC,-0.980504847073555
P,CCG,-1.661627083762487
P,CCC,-1.04273081196944
Q,CAG,-1.93098808977604
R,AGG,-0.03990276262958903
R,CGG,-0.610714810858167
R,CGC,-1.67682842050393
S,TCG,-1.791608092308043
S,TCC,-0.838385546716054
T,ACG,-1.111268165338036
T,ACC,-1.20876749440034
V,GTG,-2.306207531591253
V,GTC,-0.780464380375544
Y,TAC,-0.847652431726456
Z,AGC,-1.3506156125466
