AA,Codon,Mean
A,GCG,0.13607767031788903
A,GCC,0.0713433141097426
C,TGC,0.00156397754154394
D,GAC,0.416379823966821
E,GAG,0.0896112565842768
F,TTC,0.359558334533373
G,GGG,0.293656762217606
G,GGC,-0.150464106656611
H,CAC,0.651065232678254
I,ATC,0.192038765579462
K,AAG,0.759116478029887
L,CTG,-0.2508383652081089
L,CTC,-0.03479323031901993
L,TTG,-0.428204601669312
N,AAC,0.544058425621192
P,CCG,-0.2025645008676379
P,CCC,-0.0686235168835631
Q,CAG,-0.226893752635519
R,AGG,0.09713363754749305
R,CGG,0.22232708421548303
R,CGC,-0.516653879231215
S,TCG,0.09462383774518895
S,TCC,0.256859235369166
T,ACG,0.312771622406443
T,ACC,0.127581822148462
V,GTG,-0.6230869621808948
V,GTC,0.495841589361429
Y,TAC,0.386852248708407
Z,AGC,-0.00106036095076955
