AA,Codon,Mean
A,GCG,0.7543046381711898
A,GCC,0.847128132037322
C,TGC,0.995833976395925
D,GAC,0.344719882947207
E,GAG,1.10348022144636
F,TTC,-0.143891695657372
G,GGG,0.5924156275113401
G,GGC,1.79252981556257
H,CAC,0.0320754091939428
I,ATC,0.579619706189632
K,AAG,-0.316580658990145
L,CTC,0.9465472386459459
L,TTG,0.314213668300708
N,AAC,0.0339011966078018
P,CCG,2.241876768634718
P,CCC,1.38120105934938
Q,CAG,1.32588563295205
R,AGG,1.451584104537964
R,CGG,0.33448054749965994
R,CGC,2.12376994917393
S,TCG,0.35031791661580014
S,TCC,0.546173674478133
T,ACG,0.6487510976950299
T,ACC,0.682909869380792
V,GTG,0.24971892135539986
V,GTC,0.604423415100575
Y,TAC,-0.0777115744451682
Z,AGC,0.632036191876729
