AA,Codon,Mean
A,GCG,-0.3440323458830499
A,GCC,-2.15298666232427
C,TGC,-0.577209725912412
D,GAC,-1.41399243871371
E,GAG,-0.895115562009811
F,TTC,-0.331911015226444
G,GGG,-0.577418477578959
G,GGC,-2.51704899818103
H,CAC,-1.15411387372812
I,ATC,-1.55899542978605
K,AAG,-1.12471064227422
L,CTC,-1.6470559957822162
L,TTG,-2.67025049373309
N,AAC,-1.71647605691751
P,CCG,-2.26584387967437
P,CCC,-2.23588222877185
Q,CAG,-1.96717665045261
R,AGG,0.0843164164728192
R,CGG,-1.756036384841299
R,CGC,-2.04325286159515
S,TCG,-2.239432958245276
S,TCC,-1.47564926944574
T,ACG,-1.6591101924180949
T,ACC,-2.2920315562884
V,GTG,-2.0552945614476408
V,GTC,-1.47365137112935
Y,TAC,-1.54978361680508
Z,AGC,-1.1916124241511
