AA,Codon,Mean
A,GCG,0.7905961391011901
A,GCC,-0.922138910969098
C,TGC,-0.192364477326969
D,GAC,-0.204577438963453
E,GAG,-0.200694079610705
F,TTC,0.189197954295079
G,GGG,0.250496439325809
G,GGC,-1.19016464169025
H,CAC,-0.015559953144922
I,ATC,-0.406487049798171
K,AAG,-0.18267773548464
L,CTC,-0.5401507643029091
L,TTG,-1.23862073450089
N,AAC,-0.367710883492231
P,CCG,-0.867133889023464
P,CCC,-0.955995259054502
Q,CAG,-0.772028200332324
R,AGG,0.087702944350243
R,CGG,-0.587796087042488
R,CGC,-1.06149957647721
S,TCG,-0.5602327854553889
S,TCC,-0.450376811124881
T,ACG,-0.29479795278310805
T,ACC,-0.846186248834928
V,GTG,-0.85141187207083735
V,GTC,-0.287209823569655
Y,TAC,-0.386858661830425
Z,AGC,-0.344319517290592
