AA,Codon,Mean
A,GCG,0.03608078880508797
A,GCC,0.0628687380937239
C,TGC,0.0655027572500209
D,GAC,-0.013697060216543
E,GAG,-0.0199268262272623
F,TTC,-0.0920211272165179
G,GGG,0.6507909086227419
G,GGC,0.337165481183926
H,CAC,-0.226747079865138
I,ATC,0.0416810771436741
K,AAG,-0.362124774299065
L,CTG,-0.14812259584069293
L,CTC,0.05644445548539727
L,TTG,-0.387125268707673
N,AAC,-0.147517096040646
P,CCG,0.06483137981494203
P,CCC,0.0133456854951113
Q,CAG,0.0096411592338284
R,AGG,0.420342870521546
R,CGG,1.18668700004816
R,CGC,0.833272471948465
S,TCG,0.14145950434009302
S,TCC,0.0451660592587044
T,ACG,0.166254530509313
T,ACC,0.0460082809669276
V,GTG,0.04824967597822297
V,GTC,0.0109666800253057
Y,TAC,-0.18394042301774
Z,AGC,0.0719449183277786
