AA,Codon,Mean
A,GCG,0.28349116419878195
A,GCC,0.496543278384209
C,TGC,0.471483200830221
D,GAC,0.0593850010265907
E,GAG,0.207669800782204
F,TTC,-0.103384653496742
G,GGG,0.5109915009088669
G,GGC,-0.0511062089302577
H,CAC,0.816798985962073
I,ATC,0.00232272825515611
K,AAG,0.352139271952709
L,CTG,-0.5773625015353167
L,CTC,0.18122200198570904
L,TTG,-0.250595547732711
N,AAC,0.0121486979896595
P,CCG,-0.04806766623059899
P,CCC,1.41618783997695
Q,CAG,-0.030492871900483
R,AGG,0.29826418354687306
R,CGG,-0.22769786277466883
R,CGC,0.194828290458024
S,TCG,-0.10051025988161602
S,TCC,0.547071133613586
T,ACG,0.1416524977250611
T,ACC,0.432525109432141
V,GTG,-0.221911121749878
V,GTC,-0.165415852790078
Y,TAC,0.471170248633623
Z,AGC,0.0832712665185332
