AA,Codon,Mean
A,GCG,1.7603789078958303
A,GCC,1.07844344155788
C,TGC,1.61637452069918
D,GAC,1.69979657523632
E,GAG,1.50452680828571
F,TTC,0.937332824206352
G,GGG,0.3819670945247
G,GGC,2.02973175446192
H,CAC,1.73597624539534
I,ATC,1.44242044943968
K,AAG,1.00246592781941
L,CTG,0.93310431280930906
L,CTC,1.942121820330625
L,TTG,0.91679192644755
N,AAC,1.48078166383902
P,CCG,2.109865720554191
P,CCC,0.679295669448376
Q,CAG,1.75884501296679
R,AGG,1.690263871707523
R,CGG,1.1694686790307303
R,CGC,2.38673230280876
S,TCG,1.7641325100461671
S,TCC,1.09528133622805
T,ACG,1.6846227690619842
T,ACC,1.2861254862229
V,GTG,0.5676756017088851
V,GTC,1.36480554974874
Y,TAC,1.40594772396882
Z,AGC,1.62006258552869
