AA,Codon,Mean
A,GCG,1.53985780931016
A,GCC,0.967739419285456
C,TGC,1.05601863042514
D,GAC,1.35783194460869
E,GAG,1.17131105478605
F,TTC,1.05787202332815
G,GGG,0.8066254070957479
G,GGC,1.34679671092828
H,CAC,1.481385916996
I,ATC,1.29448584055901
K,AAG,1.03381915170352
L,CTG,0.423360439066094
L,CTC,1.2213422165195191
L,TTG,0.480927540222804
N,AAC,1.29653818450769
P,CCG,1.489932374159491
P,CCC,0.507917043405771
Q,CAG,1.24602885992527
R,AGG,1.111612502426901
R,CGG,1.17968942159017
R,CGC,1.47304433287779
S,TCG,1.337662214827537
S,TCC,0.995573967238267
T,ACG,1.268556804447368
T,ACC,1.11271140649319
V,GTG,0.5291524644921219
V,GTC,1.21702137591044
Y,TAC,1.2274994505167
Z,AGC,1.10258809982141
