AA,Codon,Mean
A,GCG,0.32626837579409307
A,GCC,0.060782526726524
C,TGC,0.379546459229787
D,GAC,-0.0600881453146537
E,GAG,0.506499788612127
F,TTC,-0.298238835040728
G,GGG,-0.29084788855314303
G,GGC,0.383410908383131
H,CAC,-0.216515849451224
I,ATC,-0.0720508056461811
K,AAG,-0.180312660491467
L,CTG,0.607599574225644
L,CTC,0.630823494475086
L,TTG,0.430461987912655
N,AAC,-0.291430835157633
P,CCG,0.851315148317814
P,CCC,0.682957167963187
Q,CAG,0.674780165529251
R,AGG,0.7526323406423128
R,CGG,0.5221243911345801
R,CGC,0.555079183288415
S,TCG,0.509236560372512
S,TCC,0.0249302554538163
T,ACG,0.5401383361240182
T,ACC,-0.039207271998624
V,GTG,-0.021466965387265002
V,GTC,-0.0316832197476178
Y,TAC,-0.318877301683029
Z,AGC,-0.00409790369249362
