AA,Codon,Mean
A,GCG,0.6424461435635931
A,GCC,-0.066542867624263
C,TGC,0.68517862669626906
D,GAC,-0.143645218710105
E,GAG,1.04289418394168
F,TTC,-0.61039739938577
G,GGG,0.560354259196915
G,GGC,0.792323986744881
H,CAC,-0.494760408075651
I,ATC,-0.220455141489704
K,AAG,-0.478869818832477
L,CTG,0.863047730141878
L,CTC,0.722258266760905
L,TTG,0.34212377563715
N,AAC,-0.495075490144889
P,CCG,1.103420001516739
P,CCC,1.65634484070142
Q,CAG,1.42762727678617
R,AGG,1.7571055251479102
R,CGG,-0.018092817250890292
R,CGC,1.46148699307442
S,TCG,1.461065091661614
S,TCC,-0.112349981257816
T,ACG,1.5795188534180349
T,ACC,-0.122568304205438
V,GTG,0.870157261367641
V,GTC,-0.122070146213969
Y,TAC,-0.522034815824032
Z,AGC,0.00828939018471055
