AA,Codon,Mean
A,GCG,1.87850903361241
A,GCC,2.03574277816614
C,TGC,1.14367627195517
D,GAC,1.90923142253558
E,GAG,0.985819596719742
F,TTC,1.87400832379659
G,GGG,0.9084440063531201
G,GGC,1.54557765785853
H,CAC,1.86650964981715
I,ATC,1.8433308891058
K,AAG,1.47168125010331
L,CTG,1.184824289938315
L,CTC,1.9369186772759892
L,TTG,1.33493769871394
N,AAC,1.50451774075031
P,CCG,1.974529050078988
P,CCC,1.8576182450374
Q,CAG,1.20633203058243
R,AGG,1.538134599316121
R,CGG,1.243790544317169
R,CGC,1.58166699835459
S,TCG,1.959403621492783
S,TCC,1.9505798989296
T,ACG,1.9206990603546292
T,ACC,1.67974960160255
V,GTG,0.8311356054186789
V,GTC,2.26989057496389
Y,TAC,1.70161292962233
Z,AGC,1.38138982872168
