AA,Codon,Mean
A,GCG,-0.2647968810081499
A,GCC,-0.439676366508007
C,TGC,-0.443337047870954
D,GAC,-0.495549065581957
E,GAG,-1.36738795510928
F,TTC,-0.532996814978123
G,GGG,1.7363830298384002
G,GGC,0.00403226267752308
H,CAC,-0.888254529480139
I,ATC,-0.216951327598095
K,AAG,-1.86235422261556
L,CTG,-2.091163582528632
L,CTC,-0.2931779946645099
L,TTG,-1.29643061269124
N,AAC,-1.62411534573237
P,CCG,-0.6593013854583099
P,CCC,-0.661888724950949
Q,CAG,-1.70882877454758
R,AGG,2.002333481872082
R,CGG,1.001531610633926
R,CGC,0.588990646960338
S,TCG,-1.4225298513968792
S,TCC,-0.298798200174173
T,ACG,-0.3900374554792989
T,ACC,-0.621588720142841
V,GTG,-1.4972299207260191
V,GTC,-0.235576600928108
Y,TAC,-1.57149752538204
Z,AGC,-1.06653079205751
