AA,Codon,Mean
A,GCG,0.16703183069129804
A,GCC,0.352496830161413
C,TGC,0.47503024178346
D,GAC,-0.267186628572146
E,GAG,0.12497823591282
F,TTC,0.122091899479429
G,GGG,0.8389986639088882
G,GGC,-0.312825065590938
H,CAC,0.183938596913219
I,ATC,0.0731700438521802
K,AAG,0.0975614483981704
L,CTG,-1.06507292608718
L,CTC,-0.449306740216414
L,TTG,-1.44853232247035
N,AAC,-0.327224727452795
P,CCG,-0.04095308837046299
P,CCC,0.465175394117832
Q,CAG,-0.445401683886846
R,AGG,0.6107771021783319
R,CGG,0.10337237635028311
R,CGC,0.119853148750092
S,TCG,-0.1534058663133177
S,TCC,0.378649640427033
T,ACG,-0.04682331872731402
T,ACC,0.188347716967265
V,GTG,-1.41742303266128
V,GTC,-0.200339972575506
Y,TAC,-0.429194390996297
Z,AGC,0.494619885903597
