AA,Codon,Mean
A,GCG,1.43239684881757
A,GCC,1.09391198254426
C,TGC,0.73039535904328
D,GAC,1.28324577844938
E,GAG,1.00546646349827
F,TTC,0.825334631244342
G,GGG,0.7765077861607119
G,GGC,1.07124890236855
H,CAC,1.18625675198237
I,ATC,1.09096212761402
K,AAG,0.515474994035562
L,CTG,0.7210790907343221
L,CTC,1.150262631549442
L,TTG,0.481475431821744
N,AAC,0.917641984534264
P,CCG,1.435054056233165
P,CCC,1.20135560456912
Q,CAG,0.741353078432878
R,AGG,0.54573693062067
R,CGG,0.65075456438065
R,CGC,1.16823115977446
S,TCG,1.2716352969825369
S,TCC,1.01132446864843
T,ACG,1.228375127172344
T,ACC,0.944048691002528
V,GTG,0.498987664550539
V,GTC,1.30246341980298
Y,TAC,0.921745577859879
Z,AGC,0.704813343989849
