AA,Codon,Mean
A,GCG,-0.7616235125020141
A,GCC,-0.344078841686249
C,TGC,-0.169967253073057
D,GAC,-0.475961486798525
E,GAG,-0.654909395356973
F,TTC,-0.30758355798622
G,GGG,-0.655322601963083
G,GGC,-0.313265537770589
H,CAC,-0.487662832218409
I,ATC,-0.437074302327633
K,AAG,-0.655642411490281
L,CTG,-0.548080484826118
L,CTC,-0.3981379205007698
L,TTG,-0.807585693784555
N,AAC,-0.49696048664252
P,CCG,-0.540500118802115
P,CCC,-0.362042065258821
Q,CAG,-0.613234118684133
R,AGG,-0.17264055100753903
R,CGG,-0.856744983722766
R,CGC,-0.298524104826649
S,TCG,-0.871605802901586
S,TCC,-0.32634347388347
T,ACG,-0.754512208726009
T,ACC,-0.389862146520615
V,GTG,-0.733570375101765
V,GTC,-0.328477673993508
Y,TAC,-0.505743565607071
Z,AGC,-0.265996146851778
