AA,Codon,Mean
A,GCG,0.9835622590134541
A,GCC,0.505602203329404
C,TGC,0.490957920952638
D,GAC,0.862693589099248
E,GAG,0.174148758614063
F,TTC,-0.128857274809976
G,GGG,0.4777598609527186
G,GGC,0.672476348292828
H,CAC,0.957613505915801
I,ATC,-0.217987939941883
K,AAG,-0.214869262366494
L,CTG,-0.20615409528016998
L,CTC,0.17116181807716702
L,TTG,-0.529301408032576
N,AAC,0.371055003035068
P,CCG,0.9780161772608751
P,CCC,0.767740014644464
Q,CAG,-0.128256422254443
R,AGG,0.4877578717748281
R,CGG,0.34646021224757095
R,CGC,0.695683453603586
S,TCG,0.840023042756319
S,TCC,0.499837778033813
T,ACG,0.725093031415343
T,ACC,0.508080222121875
V,GTG,-0.664659795173009
V,GTC,0.312072556950649
Y,TAC,0.613220879419645
Z,AGC,0.489916596279542
