AA,Codon,Mean
A,GCG,1.081383719770116
A,GCC,0.614028129843871
C,TGC,0.837845503469308
D,GAC,0.863047444430987
E,GAG,0.156028861418366
F,TTC,-0.217276817869147
G,GGG,0.543792892857392
G,GGC,1.1350715404431
H,CAC,0.811212458388011
I,ATC,-0.196269562111298
K,AAG,-0.399143727227052
L,CTG,-0.369342473614215
L,CTC,0.268587375239531
L,TTG,-0.89934884920915
N,AAC,0.0991804157984753
P,CCG,1.4499974791129429
P,CCC,1.26940273683071
Q,CAG,0.176957812532783
R,AGG,1.1497852780160986
R,CGG,0.6345897988637199
R,CGC,1.26605283567905
S,TCG,0.881790108452239
S,TCC,0.607100848154227
T,ACG,0.8573790906839074
T,ACC,0.589461301175753
V,GTG,-0.9820600351035549
V,GTC,0.323757544191678
Y,TAC,0.407406299855312
Z,AGC,0.625021332116922
