AA,Codon,Mean
A,GCG,-0.05473455418944301
A,GCC,-0.00324641516237499
C,TGC,0.264662698733807
D,GAC,-0.174994741330544
E,GAG,-0.232285007837415
F,TTC,-0.222983346521854
G,GGG,-0.044772586313883034
G,GGC,0.21667739195625
H,CAC,-0.390270860894521
I,ATC,-0.0891989384382963
K,AAG,-0.310279591786861
L,CTG,-0.276765654102961
L,CTC,-0.092751719245314
L,TTG,-0.449769640592734
N,AAC,-0.456869955257575
P,CCG,0.3858987807395728
P,CCC,0.392254986397425
Q,CAG,0.200039630420009
R,AGG,0.67355071534322
R,CGG,0.0027737696091298947
R,CGC,0.211861241116126
S,TCG,-0.08710069045424507
S,TCC,-0.0790639427095652
T,ACG,0.019903843696912005
T,ACC,-0.131330931501587
V,GTG,-0.34236168513794707
V,GTC,-0.0468232641057422
Y,TAC,-0.407383894991875
Z,AGC,-0.100028045256436
