AA,Codon,Mean
A,GCG,0.8922046788965619
A,GCC,0.0456203786417531
C,TGC,0.538969377930959
D,GAC,0.25953379774193
E,GAG,-0.53952394700249
F,TTC,-0.055091644366445
G,GGG,0.8320176887532111
G,GGC,0.528667772380511
H,CAC,-0.0476960180188113
I,ATC,-0.0228264155973147
K,AAG,-0.833541524044673
L,CTG,-1.093069471530116
L,CTC,-0.11840854890946559
L,TTG,-1.37169148997466
N,AAC,-0.380692439800501
P,CCG,1.387693245639403
P,CCC,0.204136978515983
Q,CAG,-0.735168155030409
R,AGG,0.42644099045991907
R,CGG,-0.29297455262343
R,CGC,0.862207845608393
S,TCG,0.299379631435872
S,TCC,0.249362277986606
T,ACG,0.8695794118341684
T,ACC,-0.133346737654507
V,GTG,-1.115631998302539
V,GTC,0.680992475263278
Y,TAC,-0.185255753130714
Z,AGC,-0.00936827854200857
