AA,Codon,Mean
A,GCG,0.07910844521125199
A,GCC,0.0379063303345193
C,TGC,0.0772938547323147
D,GAC,-0.166307821140687
E,GAG,-0.258763995056351
F,TTC,-0.142511474467814
G,GGG,0.24621553463935897
G,GGC,0.179005322248737
H,CAC,-0.267387403749426
I,ATC,-0.066909470141679
K,AAG,-0.396769782439868
L,CTG,-0.3006769795584182
L,CTC,-0.010382243871689012
L,TTG,-0.451369358325005
N,AAC,-0.324177081261079
P,CCG,0.458569469285011
P,CCC,0.106563305099308
Q,CAG,-0.315574242224296
R,AGG,0.3458939090212183
R,CGG,-0.5114515892744079
R,CGC,0.17243690554897
S,TCG,-0.03209490818083299
S,TCC,-0.0355161481944844
T,ACG,0.07086154608925199
T,ACC,-0.0908309098705649
V,GTG,-0.20092890506188096
V,GTC,-0.0472574572163324
Y,TAC,-0.338353911552827
Z,AGC,-0.0796012610207001
