AA,Codon,Mean
A,GCG,0.810002087875208
A,GCC,0.175257408383489
C,TGC,0.379512030913432
D,GAC,0.667335362593333
E,GAG,-0.032184977124678
F,TTC,0.188792517925302
G,GGG,0.368200046284496
G,GGC,0.215471666102608
H,CAC,0.484223714311918
I,ATC,0.140242319906751
K,AAG,-0.0382036884509609
L,CTG,-0.432715181899071
L,CTC,-0.020459453608592026
L,TTG,-0.578207722393672
N,AAC,0.26623182571133
P,CCG,0.6978577339626495
P,CCC,0.247156028031309
Q,CAG,-0.0413464293837082
R,AGG,-0.027847332131867075
R,CGG,0.2278655476405409
R,CGC,0.322516936884324
S,TCG,0.5673745620060714
S,TCC,0.37737202671965
T,ACG,0.823279772339264
T,ACC,0.10945484542052
V,GTG,-0.525135965729753
V,GTC,0.749297341195742
Y,TAC,0.39858384198149
Z,AGC,0.109353911209106
