AA,Codon,Mean
A,GCG,0.023340495256582994
A,GCC,0.145048711179197
C,TGC,0.405621116542816
D,GAC,-0.29957184043328
E,GAG,0.440655372256041
F,TTC,-0.287939858158429
G,GGG,0.06604641927083299
G,GGC,0.575313440382481
H,CAC,-0.443601793237527
I,ATC,-0.0432369541920722
K,AAG,-0.623776020658016
L,CTC,0.150238668227196
L,TTG,-0.367020895057917
N,AAC,-0.501293414485455
P,CCG,1.031859084863961
P,CCC,0.458745610833168
Q,CAG,0.349456794490417
R,AGG,1.04181848262151
R,CGG,-0.63292602744102
R,CGC,0.987218489424388
S,TCG,-0.30984902351498594
S,TCC,0.0486352626337359
T,ACG,0.03404209322929397
T,ACC,-0.0109431683492545
V,GTG,-0.24099232660532
V,GTC,-0.0386078226332863
Y,TAC,-0.480959939726194
Z,AGC,0.065744837767755
