AA,Codon,Mean
A,GCG,0.7267015238781801
A,GCC,-0.366419309997559
C,TGC,0.568796004474163
D,GAC,0.337663328067462
E,GAG,0.0853563761547208
F,TTC,0.458476225274801
G,GGG,0.6005839938259252
G,GGC,-0.583731494847933
H,CAC,0.273198077792923
I,ATC,-0.374595663156112
K,AAG,0.049774999885069
L,CTC,-0.07531334887742999
L,TTG,-1.14255248601437
N,AAC,-0.297183184791605
P,CCG,-0.373129844749967
P,CCC,-0.294186482550701
Q,CAG,-0.729614510309696
R,AGG,0.8536687992751579
R,CGG,-0.305482561863462
R,CGC,-0.323291174782316
S,TCG,-0.32446503478685695
S,TCC,-0.189136685671409
T,ACG,-0.16740623590946202
T,ACC,-0.689215104269981
V,GTG,-0.9474632204118949
V,GTC,0.0209697651628371
Y,TAC,-0.310332441614072
Z,AGC,-0.0396474619685906
