AA,Codon,Mean
A,GCG,1.665266160921256
A,GCC,0.215136145635446
C,TGC,0.580482206189632
D,GAC,0.779355672951539
E,GAG,0.50592786171039
F,TTC,0.633939029637973
G,GGG,0.881983391408126
G,GGC,0.382796656127771
H,CAC,0.678449388492107
I,ATC,0.402877632214626
K,AAG,0.223690348163247
L,CTC,0.5571049408793449
L,TTG,-0.354808528900146
N,AAC,0.443916322922707
P,CCG,0.7911177850951749
P,CCC,0.27430370769302
Q,CAG,0.152300531337162
R,AGG,0.777338625405233
R,CGG,0.48901271166865173
R,CGC,0.412432639420032
S,TCG,0.706764612938961
S,TCC,0.28499959893922
T,ACG,0.828563622738917
T,ACC,0.136102365428706
V,GTG,-0.158312984336416
V,GTC,0.658993375682831
Y,TAC,0.256931221489112
Z,AGC,0.505001702489456
