AA,Codon,Mean
A,GCG,-0.126056979695956
A,GCC,0.058316158562464
C,TGC,-0.271916762028138
D,GAC,-0.0998042459358772
E,GAG,-0.244770903320114
F,TTC,0.109982506007453
G,GGG,-0.148873266174893
G,GGC,-0.176728345397115
H,CAC,-0.356879879834255
I,ATC,-0.235596194595099
K,AAG,0.178199164414406
L,CTG,-1.198606011299292
L,CTC,-0.419134544823567
L,TTG,-1.04092347119252
N,AAC,-0.406483902472258
P,CCG,-0.28430794121594477
P,CCC,0.100357436575741
Q,CAG,-0.48807493454814
R,AGG,0.038241464793681956
R,CGG,-0.151690062071631
R,CGC,-0.193435415728887
S,TCG,-0.532409352521102
S,TCC,0.13470098045518
T,ACG,-0.13722376409769
T,ACC,-0.131545989882946
V,GTG,-1.006903569193681
V,GTC,0.269030532043179
Y,TAC,-0.50785294903715394
Z,AGC,-0.361568804999193
