AA,Codon,Mean
A,GCG,0.36535850979213896
A,GCC,0.464152262034019
C,TGC,0.172933412251373
D,GAC,0.508106657753388
E,GAG,0.201828908632199
F,TTC,0.301684030773242
G,GGG,0.3292973477906242
G,GGC,0.422783866667747
H,CAC,0.380166594282786
I,ATC,0.181235534574588
K,AAG,0.361736783603827
L,CTG,-0.5471148910671471
L,CTC,0.176405672446887
L,TTG,-0.561227604560057
N,AAC,0.188723633451263
P,CCG,0.3012357981882815
P,CCC,0.500816066614787
Q,CAG,0.0519531242523342
R,AGG,0.336276299389204
R,CGG,0.2835655844353406
R,CGC,0.137884398778776
S,TCG,0.21831133938233038
S,TCC,0.508782298670212
T,ACG,0.316884714105229
T,ACC,0.300699372529984
V,GTG,-0.46099680574213475
V,GTC,0.540154216325283
Y,TAC,0.144035066227118
Z,AGC,0.121223813206454
