AA,Codon,Mean
A,GCG,-0.03970531108379399
A,GCC,-0.00734738570767109
C,TGC,0.0149858704348933
D,GAC,-0.141867245603601
E,GAG,-0.0959170675640305
F,TTC,-0.0753765553685526
G,GGG,0.256578132302563
G,GGC,0.19213426344792
H,CAC,-0.262979304632545
I,ATC,-0.0687192197330296
K,AAG,-0.154088905615608
L,CTG,-0.152598893548052
L,CTC,-0.0741121652048081
L,TTG,-0.361524993139505
N,AAC,-0.248399234216412
P,CCG,0.290139668049912
P,CCC,0.12599045496881
Q,CAG,0.0343534427080303
R,AGG,0.3389494254631303
R,CGG,-0.41641503450870787
R,CGC,0.213574638445179
S,TCG,-0.07534276295503001
S,TCC,-0.00673138067337471
T,ACG,0.08383925100366199
T,ACC,-0.0643137578691045
V,GTG,-0.11580930193613001
V,GTC,-0.0126052178150819
Y,TAC,-0.232907333218058
Z,AGC,-0.0513791736679773
