AA,Codon,Mean
A,GCG,0.565030660913385
A,GCC,-0.576312246040503
C,TGC,-0.392029893660545
D,GAC,-0.204578915603956
E,GAG,0.00457448445598959
F,TTC,0.0539629010201742
G,GGG,0.09440648666024198
G,GGC,-1.09122589251995
H,CAC,-0.258740078882376
I,ATC,-0.20353252388835
K,AAG,0.0985901807571451
L,CTC,-0.2958369130418632
L,TTG,-1.52499522760709
N,AAC,-0.238542603158951
P,CCG,-0.7549429731746511
P,CCC,-0.617346271236738
Q,CAG,-0.628730313030879
R,AGG,0.1859714853253973
R,CGG,-0.672021357089283
R,CGC,-0.925344999011358
S,TCG,-0.5239858566586859
S,TCC,-0.351813652924697
T,ACG,-0.25207196350495
T,ACC,-0.473744665199518
V,GTG,-1.940620138065024
V,GTC,0.0195169540469302
Y,TAC,-0.568159165068467
Z,AGC,-0.629518132865429
