AA,Codon,Mean
A,GCG,0.30044097705681805
A,GCC,0.145836333825688
C,TGC,0.272714133122563
D,GAC,-0.185229981637994
E,GAG,-0.317998845219612
F,TTC,-0.294016537714004
G,GGG,0.8350724955777351
G,GGC,0.607933218868574
H,CAC,-0.31435749783814
I,ATC,-0.0301245661277091
K,AAG,-0.523905776687463
L,CTC,0.23544938770930002
L,TTG,-0.302102292285363
N,AAC,-0.36640455198288
P,CCG,1.274620198498047
P,CCC,0.405184484366576
Q,CAG,0.221010609873136
R,AGG,0.89784770074288
R,CGG,-0.16998375848135017
R,CGC,0.752136811033885
S,TCG,-0.11361548087398204
S,TCC,0.0890719135262072
T,ACG,0.16332103704810097
T,ACC,-0.0119175603294588
V,GTG,-0.27552755318681305
V,GTC,-0.0140663482481487
Y,TAC,-0.350127842070659
Z,AGC,0.095013191494594
