AA,Codon,Mean
A,GCG,-0.07444866394003302
A,GCC,0.0842578233686586
C,TGC,-0.242823808397849
D,GAC,-0.0739860879868269
E,GAG,-0.274110027506948
F,TTC,-0.376349986263116
G,GGG,0.39724133754769997
G,GGC,0.19441240156889
H,CAC,-0.26829326343437
I,ATC,-0.0853766780182719
K,AAG,-0.415002656883001
L,CTG,-0.13450419237514302
L,CTC,-0.01706764325996199
L,TTG,-0.465671553101142
N,AAC,-0.281470927524567
P,CCG,0.08572876260280698
P,CCC,-0.0157579730545871
Q,CAG,-0.316494449941317
R,AGG,0.25548551740249004
R,CGG,0.35568001494208906
R,CGC,0.204580412746469
S,TCG,-0.117548763351639
S,TCC,-0.0428658289649834
T,ACG,0.023601111501454997
T,ACC,-0.0282823250570529
V,GTG,-0.09469037674466801
V,GTC,-0.0259786571692588
Y,TAC,-0.222092611111204
Z,AGC,-0.186358509634932
