AA,Codon,Mean
A,GCG,-0.002032389632861009
A,GCC,-0.406521967717012
C,TGC,-0.17528723218888
D,GAC,-0.146690145991246
E,GAG,0.0771911255394419
F,TTC,0.153332855748634
G,GGG,0.19775373199374952
G,GGC,-0.540867903912067
H,CAC,0.249992347789804
I,ATC,-0.08883007731239
K,AAG,0.00744223730796821
L,CTG,-0.729705508039395
L,CTC,-0.283928396750489
L,TTG,-0.519936109014352
N,AAC,0.109814487055192
P,CCG,-0.24029237822294203
P,CCC,0.249248935487866
Q,CAG,-0.00838819201938715
R,AGG,-0.08683734466508
R,CGG,-0.3719418943385281
R,CGC,-0.52197516882817
S,TCG,-0.301754799713691
S,TCC,-0.0535899289985808
T,ACG,-0.11844347369074798
T,ACC,-0.113065500385066
V,GTG,-0.727176594548424
V,GTC,-0.420113186019659
Y,TAC,-0.0232902088429326
Z,AGC,-0.0639517601794946
