AA,Codon,Mean
A,GCG,0.20371061743497798
A,GCC,0.152821853933235
C,TGC,0.0720643593835334
D,GAC,0.255073112575213
E,GAG,0.270398120761911
F,TTC,0.486400210036834
G,GGG,0.4360840394944394
G,GGC,-0.160259744636714
H,CAC,0.630724973817666
I,ATC,0.452442159100374
K,AAG,0.133459431145589
L,CTG,-0.28848495032439603
L,CTC,0.30581575584809
L,TTG,-0.160906747816503
N,AAC,0.616470412552357
P,CCG,0.07131462844610198
P,CCC,0.657623887169361
Q,CAG,0.149771052714189
R,AGG,0.133038729536534
R,CGG,-0.011834176230430038
R,CGC,-0.138407501906653
S,TCG,0.04225460257331498
S,TCC,0.411511675737302
T,ACG,0.07699423263470301
T,ACC,0.399468404058615
V,GTG,-0.449150904129943
V,GTC,0.127257869069775
Y,TAC,0.374448538094759
Z,AGC,0.283899498125911
