AA,Codon,Mean
A,GCG,-0.572126854835699
A,GCC,-0.275933536236485
C,TGC,-1.27021838285923
D,GAC,-0.655809997677803
E,GAG,-0.911095876467228
F,TTC,-0.962901249841849
G,GGG,-0.23556150865356096
G,GGC,-0.970163438753287
H,CAC,-0.493416407964627
I,ATC,-0.699738837011655
K,AAG,-0.622200443526109
L,CTG,-1.228731913584967
L,CTC,-0.8936220770925289
L,TTG,-1.6773193967104
N,AAC,-0.49015416517059
P,CCG,-0.535875151002083
P,CCC,-0.490007420247793
Q,CAG,-0.991256841353575
R,AGG,-0.36022749888499406
R,CGG,0.15373676487604693
R,CGC,-0.915363204220931
S,TCG,-0.819356639949481
S,TCC,-0.144569764900704
T,ACG,-0.42483858130127095
T,ACC,-0.284358668467402
V,GTG,-1.341153584849772
V,GTC,-0.48953947652181
Y,TAC,-0.930562271491686
Z,AGC,-0.907976959685485
