AA,Codon,Mean
A,GCG,1.9270819909046129
A,GCC,0.817675651737054
C,TGC,2.24992891159058
D,GAC,1.60942376536528
E,GAG,1.73476876646678
F,TTC,0.699580594702562
G,GGG,1.320130443096165
G,GGC,2.30922797520955
H,CAC,1.34831662681897
I,ATC,1.02487954727411
K,AAG,1.12491413956483
L,CTG,0.8006823258082099
L,CTC,1.367938807369024
L,TTG,1.39044618973732
N,AAC,1.20348062709967
P,CCG,2.2033434743791833
P,CCC,1.2903947106123
Q,CAG,1.80791413450241
R,AGG,1.75537723123431
R,CGG,0.69281413434347
R,CGC,1.86473869353135
S,TCG,1.676112851819395
S,TCC,0.765129566196601
T,ACG,1.597161276441814
T,ACC,0.713226878476143
V,GTG,0.91236741713285
V,GTC,1.01444980228345
Y,TAC,1.15993844551245
Z,AGC,1.63728503946463
