AA,Codon,Mean
A,GCG,0.24311594223976196
A,GCC,0.100985636831323
C,TGC,0.443072791479031
D,GAC,-0.077371677899609
E,GAG,0.127335042900344
F,TTC,-0.231768350744247
G,GGG,0.042795984184742064
G,GGC,0.492710569510857
H,CAC,-0.241380643002192
I,ATC,-0.0898241407737136
K,AAG,-0.22067016073068
L,CTG,0.31092684015333605
L,CTC,0.225818395894766
L,TTG,-0.394169949402412
N,AAC,-0.35800007541577
P,CCG,0.856283895534277
P,CCC,0.334637344628572
Q,CAG,0.261238588722547
R,AGG,0.6400293492143284
R,CGG,-0.5631255112528799
R,CGC,0.589088899415731
S,TCG,-0.067277748241028
S,TCC,0.00948288119067624
T,ACG,0.07994861941734893
T,ACC,-0.00972724854174665
V,GTG,-0.33873229749103395
V,GTC,-0.0354716909406086
Y,TAC,-0.304703377598524
Z,AGC,0.0501935402224461
