AA,Codon,Mean
A,GCG,0.7108390272070968
A,GCC,0.442966614494721
C,TGC,0.166984683630367
D,GAC,0.724714054183165
E,GAG,0.2248064479659
F,TTC,0.159171707251668
G,GGG,0.48763070007115605
G,GGC,0.566054717369874
H,CAC,0.703492483679453
I,ATC,0.230104608003298
K,AAG,0.0300553425986165
L,CTG,-0.25539884652495404
L,CTC,0.270661450316509
L,TTG,-0.307203033487002
N,AAC,0.492963828142484
P,CCG,0.625499628185232
P,CCC,0.438745851514737
Q,CAG,0.212331645685434
R,AGG,0.33880287971893897
R,CGG,0.771848190059265
R,CGC,0.516820639850696
S,TCG,0.410751594932874
S,TCC,0.485529725843668
T,ACG,0.5634206251421319
T,ACC,0.538479699083169
V,GTG,-0.18660073104997502
V,GTC,0.417094249699513
Y,TAC,0.17814089050293
Z,AGC,0.374505498013894
