AA,Codon,Mean
A,GCG,1.161142454703649
A,GCC,0.68251371632417
C,TGC,0.417009331438939
D,GAC,0.818048946738243
E,GAG,0.253322461137176
F,TTC,0.32528022617499
G,GGG,0.6449972960839669
G,GGC,0.703382485961914
H,CAC,0.869924881951014
I,ATC,0.339942442405224
K,AAG,0.236066255442301
L,CTG,-0.30589485553205
L,CTC,0.483843082642555
L,TTG,-0.434594215077162
N,AAC,0.533332271166643
P,CCG,1.026001905443768
P,CCC,0.608270412079493
Q,CAG,0.0739386765339722
R,AGG,0.7846411616007509
R,CGG,0.5909839271994652
R,CGC,0.573716353257497
S,TCG,0.908000096867482
S,TCC,0.564589528175195
T,ACG,1.025695645948251
T,ACC,0.677146101884047
V,GTG,-0.11975273948113097
V,GTC,0.751616276605924
Y,TAC,0.544132036399841
Z,AGC,0.472905110424757
