AA,Codon,Mean
A,GCG,1.384204607150949
A,GCC,0.726807102521261
C,TGC,0.994252839318911
D,GAC,0.725436569714546
E,GAG,0.455374260511001
F,TTC,0.0724434705269213
G,GGG,0.8108286704460739
G,GGC,1.43972301244736
H,CAC,0.675406057989597
I,ATC,0.279881963846087
K,AAG,0.296301534553369
L,CTG,-0.02768733687400804
L,CTC,0.627352375543113
L,TTG,-0.496686776091655
N,AAC,0.215263384152452
P,CCG,1.875564904306332
P,CCC,1.48998281559149
Q,CAG,0.397873891699314
R,AGG,1.682841946960959
R,CGG,0.54456884755293
R,CGC,1.14033387169043
S,TCG,1.0818610214155429
S,TCC,0.603320103645325
T,ACG,1.1858707572750826
T,ACC,0.723098819208145
V,GTG,-0.37881753605604607
V,GTC,0.704899156419436
Y,TAC,0.28559289594094
Z,AGC,0.654539508700371
