AA,Codon,Mean
A,GCG,0.15814306808114104
A,GCC,0.0379900377564132
C,TGC,0.423633677703142
D,GAC,-0.0356748233513907
E,GAG,0.246867482968171
F,TTC,-0.167148719318708
G,GGG,0.22452227134505898
G,GGC,0.37077659416
H,CAC,-0.178995654171705
I,ATC,-0.0507664335732659
K,AAG,0.115364218960206
L,CTG,0.366808575393757
L,CTC,0.17215302425225604
L,TTG,0.0126088430099767
N,AAC,-0.19247007813255
P,CCG,0.555500065773726
P,CCC,0.640487533426285
Q,CAG,0.375898344314098
R,AGG,0.5779080078302202
R,CGG,0.19233087251185998
R,CGC,0.479253145726522
S,TCG,0.29214789257198603
S,TCC,0.0182876941476008
T,ACG,0.29968900455037806
T,ACC,-0.0574513651972016
V,GTG,-0.06730617167949698
V,GTC,-0.0128194190450677
Y,TAC,-0.184640996033947
Z,AGC,0.123877569758644
