AA,Codon,Mean
A,GCG,1.83558077865839
A,GCC,0.38143600735863
C,TGC,0.415071023712556
D,GAC,1.03098073457082
E,GAG,0.807398240776857
F,TTC,0.427467417732875
G,GGG,0.945611668256918
G,GGC,0.621700382987658
H,CAC,1.10204072756767
I,ATC,0.495224197618167
K,AAG,0.652809910734495
L,CTC,0.641963391802709
L,TTG,-0.0385008920358116
N,AAC,0.924196741096179
P,CCG,1.1553976151003735
P,CCC,0.502932937852542
Q,CAG,0.700378353134791
R,AGG,0.5915297806322619
R,CGG,0.756423107620081
R,CGC,0.720405508224169
S,TCG,1.0245962326049811
S,TCC,0.407079538993041
T,ACG,1.1357640987793611
T,ACC,0.349070485069354
V,GTG,-0.11568272097756441
V,GTC,0.775989347644647
Y,TAC,0.647594516881307
Z,AGC,0.559652641399701
