AA,Codon,Mean
A,GCG,0.15101865740616893
A,GCC,-0.0545057814899832
C,TGC,0.526970397794247
D,GAC,-0.552730651903153
E,GAG,0.0111481065727777
F,TTC,-0.72943673239549
G,GGG,0.663679207253452
G,GGC,0.530832643681765
H,CAC,-0.819951108678182
I,ATC,-0.336956359527508
K,AAG,-0.911408487741152
L,CTC,-0.19171490861177504
L,TTG,-0.660076496656736
N,AAC,-0.917399079485734
P,CCG,1.045943556420009
P,CCC,0.274022889432311
Q,CAG,0.443633065448205
R,AGG,1.3137346052015775
R,CGG,-1.2665315360546099
R,CGC,0.594698731384675
S,TCG,-0.334799114052454
S,TCC,-0.188202614282568
T,ACG,0.19536978182395603
T,ACC,-0.3280097044607
V,GTG,-0.6873848980029429
V,GTC,-0.231254305009047
Y,TAC,-0.905730240078767
Z,AGC,-0.0811198686040938
