AA,Codon,Mean
A,GCG,2.285767336491747
A,GCC,0.929704234826565
C,TGC,1.30036947534084
D,GAC,0.894931185177962
E,GAG,1.57847588348389
F,TTC,0.258273827316364
G,GGG,1.454288452267647
G,GGC,2.06694776185354
H,CAC,0.61141314051946
I,ATC,1.00377275654078
K,AAG,-0.114358713889867
L,CTC,1.230653670736154
L,TTG,-0.0321822262241425
N,AAC,0.455681842815876
P,CCG,2.693914625583091
P,CCC,1.51187055051327
Q,CAG,1.58878006825447
R,AGG,1.939775114486618
R,CGG,0.5621342686931299
R,CGC,1.98302745716572
S,TCG,0.8441526295185111
S,TCC,0.87957960190773
T,ACG,1.278743271533649
T,ACC,0.869845380139351
V,GTG,0.13470698572794015
V,GTC,1.16603773157597
Y,TAC,0.147124021890759
Z,AGC,0.91720897264878
