AA,Codon,Mean
A,GCG,-1.3764396659215248
A,GCC,-1.68520136195819
C,TGC,-0.789577076971531
D,GAC,-1.41555679949125
E,GAG,-1.1227722588857
F,TTC,-0.476100218689442
G,GGG,-1.097037072380383
G,GGC,-2.16227119239171
H,CAC,-1.15763794138432
I,ATC,-1.48922796545029
K,AAG,-0.845892044552167
L,CTC,-1.4823018839577862
L,TTG,-1.72781995250384
N,AAC,-1.47398506012758
P,CCG,-2.2579542685264764
P,CCC,-1.87271667088668
Q,CAG,-1.76054430019061
R,AGG,-0.523948672103882
R,CGG,-1.3443158916019273
R,CGC,-1.68741209926605
S,TCG,-1.898715902668241
S,TCC,-1.3938073693037
T,ACG,-1.658522406657538
T,ACC,-1.87567516431808
V,GTG,-1.332683944847184
V,GTC,-1.52918371558189
Y,TAC,-1.19591401724021
Z,AGC,-1.12534283656279
