AA,Codon,Mean
A,GCG,1.242046798158684
A,GCC,0.814352562669913
C,TGC,0.408457462708155
D,GAC,0.844383039430777
E,GAG,0.399606908500195
F,TTC,0.466373918861151
G,GGG,0.640365013033151
G,GGC,0.675045938138167
H,CAC,0.610189483543237
I,ATC,0.434824723088741
K,AAG,0.567152550109227
L,CTC,0.54599437638124
L,TTG,-0.641186028881868
N,AAC,0.52950921942393
P,CCG,1.125474839250243
P,CCC,0.418711436198155
Q,CAG,0.523529969040553
R,AGG,0.7505551390965701
R,CGG,0.727987365766366
R,CGC,0.500554488601287
S,TCG,0.688504504136244
S,TCC,0.481116565916936
T,ACG,0.8509621002038319
T,ACC,0.628467850852013
V,GTG,-0.172275722587109
V,GTC,0.840844657095273
Y,TAC,0.49094353668491
Z,AGC,0.460445058500767
