AA,Codon,Mean
A,GCG,0.13844814810752892
A,GCC,0.0779210602318247
C,TGC,0.549175546117624
D,GAC,0.00478169155448437
E,GAG,0.416450215069453
F,TTC,-0.215167673417926
G,GGG,0.22653031016985503
G,GGC,0.618379360759258
H,CAC,-0.117828679633637
I,ATC,-0.0387115996327251
K,AAG,0.104935589635372
L,CTC,0.18645846768220298
L,TTG,0.230902367419998
N,AAC,-0.18144234122932
P,CCG,0.878892596298456
P,CCC,0.555445677216848
Q,CAG,0.491507753839095
R,AGG,0.826522976708412
R,CGG,0.3508854081153898
R,CGC,0.734292754050096
S,TCG,0.4159467807297903
S,TCC,0.0490272407655915
T,ACG,0.47891300566196393
T,ACC,-0.0362942622452353
V,GTG,-0.028391011289755075
V,GTC,0.0253992775889114
Y,TAC,-0.18518608144025
Z,AGC,0.185114776255687
