AA,Codon,Mean
A,GCG,0.071114425595602
A,GCC,0.0623975442431867
C,TGC,0.0193616060637869
D,GAC,-0.0934732677082221
E,GAG,-0.34357252108256
F,TTC,-0.251040051412582
G,GGG,0.9483124873240811
G,GGC,0.235437920102477
H,CAC,-0.518502690917254
I,ATC,-0.0744777371130884
K,AAG,-0.509713647882144
L,CTG,-0.499989036564033
L,CTC,0.006491955950856998
L,TTG,-0.802663053846359
N,AAC,-0.393169226700068
P,CCG,0.843746246943871
P,CCC,0.168779893319805
Q,CAG,-0.47348850872914
R,AGG,0.3133691539692421
R,CGG,0.7369685209103937
R,CGC,0.945344081262747
S,TCG,-0.13734343008994998
S,TCC,-0.0204489227203308
T,ACG,0.004354723374048963
T,ACC,-0.0323677674750797
V,GTG,-0.444675232877334
V,GTC,-0.0513793565964947
Y,TAC,-0.468921159881353
Z,AGC,-0.140564273235202
