AA,Codon,Mean
A,GCG,-0.17417482112447497
A,GCC,-0.367836955257257
C,TGC,-0.399932753087083
D,GAC,-0.746175833857059
E,GAG,-0.773469084306558
F,TTC,-0.281554399212201
G,GGG,1.195306372535231
G,GGC,-0.412170620588462
H,CAC,-0.940903043691317
I,ATC,0.0383214472111294
K,AAG,-1.20826625599861
L,CTG,-1.459316335513194
L,CTC,-0.613537527322769
L,TTG,-1.93875120404561
N,AAC,-1.09421469417413
P,CCG,0.49571801775246793
P,CCC,-0.152609299383064
Q,CAG,-1.33148761583964
R,AGG,0.140330586675803
R,CGG,0.8868230120698639
R,CGC,0.406946765758594
S,TCG,-0.6343718993550791
S,TCC,-0.0183976996080733
T,ACG,-0.20262738841076727
T,ACC,-0.169160880662004
V,GTG,-1.996647016261019
V,GTC,-0.305830713888009
Y,TAC,-1.20805213618278
Z,AGC,-0.623715445041657
