AA,Codon,Mean
A,GCG,-0.013405523139237985
A,GCC,-0.267335075666507
C,TGC,-0.341870704907179
D,GAC,-0.399985777205229
E,GAG,-0.182766041098038
F,TTC,0.166347137604157
G,GGG,0.21705768021792202
G,GGC,-0.699258888578415
H,CAC,-0.0976382498302807
I,ATC,0.202164164895813
K,AAG,-0.350409246563911
L,CTG,-0.6427711486309771
L,CTC,-0.326933902855218
L,TTG,-0.886582073744138
N,AAC,-0.331509641454617
P,CCG,-0.37787014877547803
P,CCC,-0.0484564243080046
Q,CAG,-0.457784039711952
R,AGG,-0.03194346672693904
R,CGG,-0.10868902444044792
R,CGC,-0.568242397509019
S,TCG,-0.12682813268303805
S,TCC,0.148882636984189
T,ACG,-0.08924701287349102
T,ACC,-0.0024045730257667
V,GTG,-1.206096099281311
V,GTC,-0.0914459500133991
Y,TAC,-0.380167461494605
Z,AGC,-0.440441613298655
