AA,Codon,Mean
A,GCG,0.005727042472361998
A,GCC,-0.139644726946453
C,TGC,-0.166250331726174
D,GAC,-0.347375795825322
E,GAG,-0.541335988221566
F,TTC,-0.262468521562219
G,GGG,0.827986232201261
G,GGC,0.12755692508171
H,CAC,-0.532277625242869
I,ATC,-0.131292011707028
K,AAG,-0.873330305564403
L,CTG,-1.044700502358874
L,CTC,-0.22428611338436596
L,TTG,-1.31287720944881
N,AAC,-0.536608357934157
P,CCG,0.658676423794031
P,CCC,-0.086298861302187
Q,CAG,-0.663703127276897
R,AGG,0.887475210247685
R,CGG,0.34613500873247993
R,CGC,0.251016958047946
S,TCG,-0.417268935223421
S,TCC,-0.173370751629273
T,ACG,-0.07007738810380304
T,ACC,-0.236637040699522
V,GTG,-0.283199977282683
V,GTC,-0.176074782033761
Y,TAC,-0.692257179816564
Z,AGC,-0.365144367893537
