AA,Codon,Mean
A,GCG,0.596868626244863
A,GCC,0.44079566227595
C,TGC,0.0234777249171186
D,GAC,0.35109352397918703
E,GAG,0.261778619335095
F,TTC,0.570957348688444
G,GGG,0.6564726070781539
G,GGC,-0.0652710088757177
H,CAC,0.51571004033486
I,ATC,0.55912895018657
K,AAG,0.0111885511376826
L,CTG,-0.295281875784198
L,CTC,0.302717889718215
L,TTG,-0.433072898024321
N,AAC,0.318009232240915
P,CCG,0.19043862307617998
P,CCC,0.715027521820863
Q,CAG,0.0688546699783454
R,AGG,0.2955387570192419
R,CGG,0.502233469599869
R,CGC,-0.109869175304969
S,TCG,0.3702606243439183
S,TCC,0.654476515833537
T,ACG,0.430247333529592
T,ACC,0.589062040905158
V,GTG,-0.3712506581388418
V,GTC,0.394692333894968
Y,TAC,0.325177077120543
Z,AGC,0.137488185981909
