AA,Codon,Mean
A,GCG,-0.933244855658214
A,GCC,-1.13319001541932
C,TGC,-0.638956822462877
D,GAC,-1.09847775669893
E,GAG,-0.509416247014205
F,TTC,-0.191501796003183
G,GGG,-0.864537659217917
G,GGC,-1.51158838342031
H,CAC,-0.976562024645011
I,ATC,-0.706139776484172
K,AAG,-0.245559056380391
L,CTC,-0.818717181379596
L,TTG,-1.53125548966726
N,AAC,-0.812301336244742
P,CCG,-1.6354263597660956
P,CCC,-1.26831674162547
Q,CAG,-1.04191875759761
R,AGG,-0.06874476044243183
R,CGG,-0.9186705076098451
R,CGC,-1.25609298947652
S,TCG,-1.7608543834308799
S,TCC,-0.990293599148591
T,ACG,-1.026586050120988
T,ACC,-1.32808477541606
V,GTG,-1.255207747118674
V,GTC,-0.643065880401929
Y,TAC,-0.909338292606672
Z,AGC,-0.846047368709246
