AA,Codon,Mean
A,GCG,1.6666139289105921
A,GCC,0.810843119760354
C,TGC,0.682347099546591
D,GAC,0.663432830782731
E,GAG,0.620114869813124
F,TTC,0.136901372936368
G,GGG,1.642243437518677
G,GGC,1.26257175315221
H,CAC,0.682049706721306
I,ATC,0.560866818098227
K,AAG,-0.0940663295296331
L,CTC,0.770374691899617
L,TTG,-0.380091756487886
N,AAC,0.332748966157436
P,CCG,1.981305692436046
P,CCC,1.02571671102047
Q,CAG,0.929342667969068
R,AGG,1.1625775213877358
R,CGG,0.7853483127077411
R,CGC,1.2412986111323
S,TCG,0.8636809612203576
S,TCC,0.743595990343889
T,ACG,1.020625780701633
T,ACC,0.577090733909607
V,GTG,-0.09505233344236996
V,GTC,0.785351618385315
Y,TAC,0.183917260151108
Z,AGC,0.521412345862389
