AA,Codon,Mean
A,GCG,0.527561580398182
A,GCC,0.153342075390617
C,TGC,-0.00804790637143457
D,GAC,0.485583613997698
E,GAG,0.413522736102343
F,TTC,0.408340285927057
G,GGG,0.32404700988031687
G,GGC,0.0984958836146941
H,CAC,0.555589582335949
I,ATC,0.365207084188859
K,AAG,0.47258129308025
L,CTG,-0.26455710174789004
L,CTC,0.30034785969058697
L,TTG,0.0156879083161692
N,AAC,0.413267918038368
P,CCG,0.15221176448983612
P,CCC,0.0596544576349532
Q,CAG,0.256421688126524
R,AGG,0.2242421940326702
R,CGG,0.218037411128605
R,CGC,0.112799045568798
S,TCG,0.308271559174359
S,TCC,0.314866988684734
T,ACG,0.29993556064500315
T,ACC,0.291201285560926
V,GTG,-0.07806058254567891
V,GTC,0.460086190402508
Y,TAC,0.373228181356192
Z,AGC,0.188548945401112
