AA,Codon,Mean
A,GCG,0.36332804721991196
A,GCC,0.0891526397888859
C,TGC,0.612641509584586
D,GAC,-0.091482148792843
E,GAG,0.477042669806878
F,TTC,-0.323601840424538
G,GGG,-0.08292931505441503
G,GGC,0.634944737676779
H,CAC,-0.169393676742911
I,ATC,-0.0836132103187343
K,AAG,-0.304130149861177
L,CTG,0.39095717343489306
L,CTC,0.435917470510801
L,TTG,-0.208123484870791
N,AAC,-0.331128592908382
P,CCG,1.151702805795272
P,CCC,0.446128213912249
Q,CAG,0.619519511079788
R,AGG,0.8380253035766042
R,CGG,0.24180442503293986
R,CGC,0.933900048851967
S,TCG,0.289803579092026
S,TCC,0.00143443573431198
T,ACG,0.481413747388125
T,ACC,-0.0311579331111784
V,GTG,-0.06815020124912308
V,GTC,-0.0665517444623013
Y,TAC,-0.350141629040241
Z,AGC,0.146459472514689
