AA,Codon,Mean
A,GCG,0.287687765467167
A,GCC,0.0767950125277042
C,TGC,0.487774665989478
D,GAC,-0.0296720972765004
E,GAG,0.327669579261541
F,TTC,-0.257080246027311
G,GGG,0.621487070159121
G,GGC,0.755578090588252
H,CAC,-0.315908238866925
I,ATC,-0.0477944363941749
K,AAG,-0.197109536703428
L,CTC,0.23439882874488893
L,TTG,-0.0152470983422988
N,AAC,-0.277730921989679
P,CCG,1.0822155228217438
P,CCC,0.648177008517583
Q,CAG,0.493348349616925
R,AGG,0.778014396066466
R,CGG,0.29169187231858995
R,CGC,1.43343580325445
S,TCG,0.26701536732911996
S,TCC,0.00285596001733111
T,ACG,0.40267365991274506
T,ACC,-0.0370915273336073
V,GTG,0.569199582684043
V,GTC,-0.05374486975347
Y,TAC,-0.286630978170037
Z,AGC,0.173489861146112
