AA,Codon,Mean
A,GCG,1.586735757471126
A,GCC,0.668486519547304
C,TGC,0.821676921395461
D,GAC,0.774976958409945
E,GAG,0.281665087707837
F,TTC,0.286618803576628
G,GGG,0.5389935562228166
G,GGC,0.679254114194711
H,CAC,1.01033519538641
I,ATC,0.505532350905736
K,AAG,0.132522617305319
L,CTC,0.6620779957957947
L,TTG,0.00503424866530951
N,AAC,0.707948987221718
P,CCG,0.9210762621472321
P,CCC,0.61044396500587506
Q,CAG,0.235005216632287
R,AGG,0.7465232717295521
R,CGG,0.0056064309160304
R,CGC,0.635024841384093
S,TCG,0.7347268945232952
S,TCC,0.636112124053637
T,ACG,0.832882886968058
T,ACC,0.641290442613761
V,GTG,-0.08150823869340433
V,GTC,0.830394178533554
Y,TAC,0.600518964246909
Z,AGC,0.830400394908587
