AA,Codon,Mean
A,GCG,1.7611472540378579
A,GCC,0.658328636181355
C,TGC,0.711891364300251
D,GAC,0.933032254127661
E,GAG,0.372845606776079
F,TTC,0.34531172606945
G,GGG,0.452901794403294
G,GGC,0.537523173018297
H,CAC,1.2483981802543
I,ATC,0.476294257547458
K,AAG,0.289060401018461
L,CTC,0.5893128131144993
L,TTG,0.123654750329753
N,AAC,0.928967575863997
P,CCG,0.776144041456782
P,CCC,0.482993779573838
Q,CAG,0.342180236903826
R,AGG,0.445937122690675
R,CGG,0.36007925298512006
R,CGC,0.39938203766942
S,TCG,0.856656589859724
S,TCC,0.627262168117364
T,ACG,0.8697221401267673
T,ACC,0.66037067668438
V,GTG,0.011437122299274016
V,GTC,0.826028851095835
Y,TAC,0.85541425375541
Z,AGC,0.771979152814547
