AA,Codon,Mean
A,GCG,0.897862943568825
A,GCC,0.564243271124363
C,TGC,0.58242574520508394
D,GAC,0.46125671252807
E,GAG,0.539763543037573
F,TTC,0.524057622422775
G,GGG,0.595947741840283
G,GGC,0.291991257766883
H,CAC,0.811536058787505
I,ATC,0.561176881198088
K,AAG,0.632231630051136
L,CTG,-0.15135719666991498
L,CTC,0.3568302171387745
L,TTG,0.112471143327157
N,AAC,0.586443926779429
P,CCG,0.696291179474195
P,CCC,0.678851969699065
Q,CAG,-0.0281244297301497
R,AGG,0.32823390045563394
R,CGG,0.5899029196935389
R,CGC,0.315034012786547
S,TCG,0.46811928308904205
S,TCC,0.746802890678247
T,ACG,0.714369908852378
T,ACC,0.51645476406614
V,GTG,0.0762698151985711
V,GTC,0.456578431463242
Y,TAC,0.620259829215209
Z,AGC,0.412279824908574
