AA,Codon,Mean
A,GCG,0.22179177867968392
A,GCC,-0.00987863715572513
C,TGC,0.255145091148218
D,GAC,-0.147076949995756
E,GAG,-0.358406446560224
F,TTC,-0.417541085169713
G,GGG,1.017087321412559
G,GGC,0.295221828661362
H,CAC,-0.520859114720424
I,ATC,-0.100879613223175
K,AAG,-0.690999547433853
L,CTG,-0.448417478551467
L,CTC,0.02334623750840083
L,TTG,-0.595498696482182
N,AAC,-0.410060392185052
P,CCG,0.6749982768058809
P,CCC,-0.011412722003376
Q,CAG,0.364878495538235
R,AGG,1.194677888089414
R,CGG,0.4019579129179329
R,CGC,0.47801878584226
S,TCG,-0.291226451689005
S,TCC,0.0222605974925837
T,ACG,0.10263301295836802
T,ACC,-0.044983497830232
V,GTG,-0.287893830742439
V,GTC,-0.0578193870442609
Y,TAC,-0.36639629286925
Z,AGC,-0.0175513697302512
