AA,Codon,Mean
A,GCG,-0.14840850024720104
A,GCC,-0.085849870767196
C,TGC,0.0889347279106577
D,GAC,-0.215676711637775
E,GAG,0.0185596039298922
F,TTC,-0.305556481383244
G,GGG,0.08648120426336903
G,GGC,0.225715573298931
H,CAC,-0.337372300257285
I,ATC,-0.174069645316402
K,AAG,-0.254786147996783
L,CTG,0.12804845236738502
L,CTC,-0.13080623930891397
L,TTG,-0.4515788740019
N,AAC,-0.416485483284791
P,CCG,0.578799598431587
P,CCC,0.0778875702957312
Q,CAG,0.0782411113443474
R,AGG,0.6058746787585029
R,CGG,-0.806909030584493
R,CGC,0.228845109701157
S,TCG,-0.32707075244635403
S,TCC,-0.0623672578692436
T,ACG,-0.112272373296817
T,ACC,-0.115553078921636
V,GTG,-0.3357524075580144
V,GTC,-0.101495233141383
Y,TAC,-0.404765392210086
Z,AGC,-0.122547924373547
