AA,Codon,Mean
A,GCG,0.5273118895280485
A,GCC,0.364038955700398
C,TGC,-0.0646494335345924
D,GAC,0.298913713385661
E,GAG,0.338316218189398
F,TTC,0.316070171072086
G,GGG,0.5200138090880588
G,GGC,0.0195188169188291
H,CAC,0.314112775989374
I,ATC,0.409117412424088
K,AAG,0.349710375416279
L,CTG,-0.31738605101704603
L,CTC,0.374485642512639
L,TTG,-0.334597849073013
N,AAC,0.266337200954556
P,CCG,0.3796283866189372
P,CCC,0.395192457677921
Q,CAG,0.363641204927365
R,AGG,0.47337349445819804
R,CGG,0.600123085163782
R,CGC,-0.150927448210617
S,TCG,0.3244046708175947
S,TCC,0.437932274721066
T,ACG,0.439476768131057
T,ACC,0.331341862648726
V,GTG,-0.12472338402767899
V,GTC,0.453410949867964
Y,TAC,0.0162238724414673
Z,AGC,-0.0579717012775441
