AA,Codon,Mean
A,GCG,1.371291684687138
A,GCC,-0.157118654010693
C,TGC,0.109238552771012
D,GAC,0.396672211148342
E,GAG,0.230511287607749
F,TTC,0.117543872501949
G,GGG,0.218802927720547
G,GGC,-0.285503413408001
H,CAC,0.503931860119104
I,ATC,-0.0332121213925653
K,AAG,0.209817723290126
L,CTC,0.104947243254383
L,TTG,-0.724454755830765
N,AAC,0.320699604556958
P,CCG,0.135409163062771
P,CCC,-0.0243046306545739
Q,CAG,-0.140089135162036
R,AGG,0.12512718026340097
R,CGG,-0.22385565303564103
R,CGC,-0.1976481403778
S,TCG,0.07580723991603541
S,TCC,-0.0780856658957899
T,ACG,0.24364835677395302
T,ACC,-0.0839287929835419
V,GTG,-1.145517352332671
V,GTC,0.210873358552655
Y,TAC,0.0906240566312025
Z,AGC,0.198875695783893
