AA,Codon,Mean
A,GCG,0.11372051502466207
A,GCC,0.0543165518296262
C,TGC,0.196590331769983
D,GAC,-0.32293399323225
E,GAG,-0.303679072584709
F,TTC,-0.332921508739392
G,GGG,0.724820886615914
G,GGC,0.375468215759595
H,CAC,-0.571258675018946
I,ATC,-0.0676082662237187
K,AAG,-0.595312677848339
L,CTC,0.06006466940243993
L,TTG,-0.598683227292697
N,AAC,-0.559931514410178
P,CCG,0.8098211226276436
P,CCC,0.266612001211445
Q,CAG,0.133528620520234
R,AGG,0.838800344918172
R,CGG,-0.7703829037944461
R,CGC,0.46708192713658
S,TCG,-0.43222224088609196
S,TCC,0.0134894291310619
T,ACG,-0.14039555468360598
T,ACC,-0.105054611760378
V,GTG,-0.5536534370223689
V,GTC,-0.0521597904447466
Y,TAC,-0.588673040187359
Z,AGC,-0.16239773837477
