AA,Codon,Mean
A,GCG,1.23041509573261
A,GCC,1.19170771529675
C,TGC,0.716092399132252
D,GAC,1.3145660314401
E,GAG,1.06808103876909
F,TTC,1.81778692223231
G,GGG,1.3180558459977312
G,GGC,0.630467966171106
H,CAC,1.48456367162863
I,ATC,1.63004704808394
K,AAG,0.990399763333797
L,CTG,0.7645248714367572
L,CTC,2.16527654009759
L,TTG,0.58094405768315
N,AAC,1.38497719416618
P,CCG,1.0978976037979131
P,CCC,1.67025678589344
Q,CAG,0.904415393741926
R,AGG,1.1701483472034395
R,CGG,1.251769187355042
R,CGC,0.78268774908781
S,TCG,1.221217309638366
S,TCC,1.69542895087401
T,ACG,1.1869861736871261
T,ACC,1.34623060940107
V,GTG,0.5833351523359651
V,GTC,1.54269900224209
Y,TAC,1.42266828610102
Z,AGC,0.858233730296294
