AA,Codon,Mean
A,GCG,-0.8395838489373519
A,GCC,-1.02899154276053
C,TGC,-1.06928796150287
D,GAC,-0.930500376983484
E,GAG,-0.444693870480855
F,TTC,-0.907816766111056
G,GGG,-0.413397185210387
G,GGC,-0.702779999903838
H,CAC,-0.826102892573675
I,ATC,-0.947886185427507
K,AAG,-1.09944982440472
L,CTG,-1.58398669117888
L,CTC,-1.197507636062305
L,TTG,-1.06292739452521
N,AAC,-1.22676774462859
P,CCG,-1.002868646661689
P,CCC,-0.933180340691408
Q,CAG,-0.442078229022026
R,AGG,-0.957942350116866
R,CGG,-1.024070652419329
R,CGC,-0.762403221690655
S,TCG,-0.853914719240864
S,TCC,-1.15787565038204
T,ACG,-1.421534102886911
T,ACC,-1.21656643492381
V,GTG,-1.479891234626373
V,GTC,-0.945306331435839
Y,TAC,-1.23704413525263
Z,AGC,-0.822299932670593
