AA,Codon,Mean
A,GCG,1.15578723637263
A,GCC,-0.0741946464801828
C,TGC,-0.246796321352323
D,GAC,0.0143045680340311
E,GAG,-0.0187204617963617
F,TTC,-0.0717545253768563
G,GGG,0.3579444534415227
G,GGC,-0.595206373624007
H,CAC,0.0830233677010362
I,ATC,-0.144183963721494
K,AAG,-0.0293105801983303
L,CTC,0.024173915374733672
L,TTG,-1.02300454235474
N,AAC,-0.0747661783841128
P,CCG,-0.0785188228176414
P,CCC,-0.0320164508783347
Q,CAG,-0.220867818428079
R,AGG,0.23990971640944497
R,CGG,0.11903211376567702
R,CGC,-0.0999690527682503
S,TCG,0.029026145590345
S,TCC,-0.0949629856529335
T,ACG,0.24140546799699497
T,ACC,-0.18169078837633101
V,GTG,-1.203100934602817
V,GTC,0.0458649203610917
Y,TAC,-0.423210205415885
Z,AGC,-0.375981806796789
