AA,Codon,Mean
A,GCG,-0.229810652029514
A,GCC,-0.020704737969015
C,TGC,0.279065610273679
D,GAC,-0.514548746887843
E,GAG,-0.486315874093771
F,TTC,-0.46078624868989
G,GGG,0.759200012755392
G,GGC,0.358814573450883
H,CAC,-0.743913612107436
I,ATC,-0.0854508096039295
K,AAG,-0.723350181714694
L,CTC,0.042611234100660034
L,TTG,-1.06988852963845
N,AAC,-0.740930732544263
P,CCG,0.9816573286968523
P,CCC,0.139144561817249
Q,CAG,-0.555758467078209
R,AGG,1.015096662652493
R,CGG,-0.88817660606702
R,CGC,0.544426895596584
S,TCG,-0.734090607198082
S,TCC,-0.0337172685536866
T,ACG,-0.266833793336153
T,ACC,-0.17114226073126
V,GTG,-0.826147633508841
V,GTC,-0.0831833858624101
Y,TAC,-0.763925636680921
Z,AGC,-0.146083643351495
