AA,Codon,Mean
A,GCG,0.3391166099866303
A,GCC,-0.122532352198063
C,TGC,-0.747712720572948
D,GAC,0.916302162547906
E,GAG,-1.44011047349771
F,TTC,1.75881889879704
G,GGG,0.10515028951963012
G,GGC,-1.34470724744797
H,CAC,1.92295631327629
I,ATC,0.783969267642498
K,AAG,0.559197075740496
L,CTC,0.29220311735470994
L,TTG,1.5935078125
N,AAC,2.20580184810956
P,CCG,-1.88534433064262
P,CCC,-1.49048362081846
Q,CAG,-1.40907123126189
R,AGG,-2.3389097373326653
R,CGG,2.3519350181818
R,CGC,-0.2659579899629
S,TCG,-0.059492427460349884
S,TCC,0.116306297039889
T,ACG,-0.18400324301720028
T,ACC,0.317928069650133
V,GTG,0.4918078698158199
V,GTC,0.71002581871748
Y,TAC,2.25917653312683
Z,AGC,0.409694291965167
