AA,Codon,Mean
A,GCG,1.6439892681598702
A,GCC,0.916970888825258
C,TGC,2.29681181542079
D,GAC,0.378985558015108
E,GAG,2.7157832710743
F,TTC,-0.976770038890839
G,GGG,0.8680272984981499
G,GGC,3.15000494163831
H,CAC,-0.766978779530525
I,ATC,0.239515777773658
K,AAG,0.00971935675014188
L,CTC,1.0935902224381802
L,TTG,-1.68111515497367
N,AAC,-1.36357716834545
P,CCG,3.95021491893133
P,CCC,2.78901854454676
Q,CAG,2.74259436615308
R,AGG,4.17215013020833
R,CGG,-0.9070272048632302
R,CGC,2.15135183793704
S,TCG,1.48325702088674
S,TCC,0.491123028759162
T,ACG,1.67008551041285
T,ACC,0.298607479687532
V,GTG,-0.3742948886871398
V,GTC,0.548856204080582
Y,TAC,-1.47550710562865
Z,AGC,0.872306636369228
