AA,Codon,Mean
A,GCG,2.4885566722711
A,GCC,1.45880150958697
C,TGC,3.77091922750473
D,GAC,1.60976714218458
E,GAG,4.00221442839305
F,TTC,-0.42618579022487
G,GGG,1.49025864837964
G,GGC,4.45659637327194
H,CAC,0.458514436831077
I,ATC,1.11979936083158
K,AAG,0.886568305353324
L,CTC,2.1666840049584803
L,TTG,-0.671655091575782
N,AAC,-0.283979353986184
P,CCG,5.09348274468581
P,CCC,3.82234982134501
Q,CAG,4.21207572676341
R,AGG,5.33414211421013
R,CGG,-0.20848825090725942
R,CGC,3.49664319562912
S,TCG,2.8121511002779
S,TCC,1.11381408004761
T,ACG,2.6041108930269896
T,ACC,0.910575384096305
V,GTG,0.3168105178197198
V,GTC,1.50218238257567
Y,TAC,-0.216402235878011
Z,AGC,2.11743398735523
