AA,Codon,Mean
A,GCG,0.08075979024966606
A,GCC,0.0396451501220465
C,TGC,0.170333545985818
D,GAC,-0.356314001180728
E,GAG,-0.341928460403283
F,TTC,-0.375474325583378
G,GGG,0.735902249213056
G,GGC,0.344779101957877
H,CAC,-0.629203523544471
I,ATC,-0.104186455253263
K,AAG,-0.646347489090761
L,CTC,0.007437497178713004
L,TTG,-0.658146537717183
N,AAC,-0.611777657079697
P,CCG,0.7409215580469622
P,CCC,0.225557721162836
Q,CAG,0.128862033898632
R,AGG,0.9011692580103869
R,CGG,-0.86259520237048
R,CGC,0.422740184998512
S,TCG,-0.494222688793142
S,TCC,0.00212121554226002
T,ACG,-0.19643450817366398
T,ACC,-0.13682777222544
V,GTG,-0.585517860509952
V,GTC,-0.0758383982338011
Y,TAC,-0.641759916611513
Z,AGC,-0.208561110435923
