AA,Codon,Mean
A,GCG,1.474299443082014
A,GCC,-0.0333370826113144
C,TGC,0.186842339430749
D,GAC,0.540108749339978
E,GAG,0.33963292118907
F,TTC,0.236839071941376
G,GGG,0.254063800066213
G,GGC,-0.114849967769285
H,CAC,0.681027052978675
I,ATC,0.101376400320729
K,AAG,0.330769273187717
L,CTC,0.24353195451669468
L,TTG,-0.534985870746772
N,AAC,0.491667595775922
P,CCG,0.281120657611886
P,CCC,0.110290254734208
Q,CAG,-0.0259463373801953
R,AGG,0.06855374526381397
R,CGG,-0.04085936503012999
R,CGC,-0.0814239102967083
S,TCG,0.3077418866216831
S,TCC,0.0356918074484837
T,ACG,0.414813338977843
T,ACC,0.0650066947586834
V,GTG,-0.963119611732165
V,GTC,0.317505955773592
Y,TAC,0.26233318887651
Z,AGC,0.313787917512655
