AA,Codon,Mean
A,GCG,1.285257911139727
A,GCC,0.418815025852124
C,TGC,0.694147651493549
D,GAC,0.872389933037758
E,GAG,0.181232044888536
F,TTC,-0.0301311823637562
G,GGG,0.5077999962856371
G,GGC,1.07528892695109
H,CAC,0.948600242336591
I,ATC,-0.0934175119730333
K,AAG,-0.211969492463271
L,CTG,0.17850535968095102
L,CTC,0.20525860026554613
L,TTG,0.0438032243167504
N,AAC,0.365238121084372
P,CCG,1.125264277013143
P,CCC,0.230248777290682
Q,CAG,0.617580233522256
R,AGG,0.44175721970399207
R,CGG,0.7834898780869647
R,CGC,0.677884278508027
S,TCG,1.117234762688478
S,TCC,0.376336489681403
T,ACG,0.8734231870810191
T,ACC,0.505460464106003
V,GTG,-0.44574097708519506
V,GTC,0.481672493195534
Y,TAC,0.437829882858197
Z,AGC,0.769756174703439
