AA,Codon,Mean
A,GCG,0.14741713612874996
A,GCC,0.00191036559221695
C,TGC,0.242872389137745
D,GAC,-0.39150145187974
E,GAG,-0.564531208479404
F,TTC,-0.39673686218063
G,GGG,0.8181930247783602
G,GGC,0.393575726487239
H,CAC,-0.859376573948065
I,ATC,-0.0603930086135864
K,AAG,-0.771122932569186
L,CTG,-0.7501727470040371
L,CTC,-0.142525405005614
L,TTG,-1.46238495866458
N,AAC,-0.813547572616736
P,CCG,0.889244698522488
P,CCC,1.04384563061396
Q,CAG,-0.851281239402294
R,AGG,1.4000522079179671
R,CGG,1.5599122048026715e-4
R,CGC,0.544270595985651
S,TCG,-0.3178655715028411
S,TCC,-0.0833819196306169
T,ACG,0.305661874930064
T,ACC,-0.166434702374538
V,GTG,-0.703421160578728
V,GTC,-0.0878700030297041
Y,TAC,-0.772612943220139
Z,AGC,-0.207480433320999
