AA,Codon,Mean
A,GCG,0.38051217648237956
A,GCC,0.626687878441811
C,TGC,0.520745567961534
D,GAC,0.232950538871686
E,GAG,0.266831385149558
F,TTC,-0.115478984391689
G,GGG,0.5775456161513925
G,GGC,0.15910802748998
H,CAC,0.896677838412921
I,ATC,0.0983940192143122
K,AAG,0.394022444961468
L,CTG,-0.40468937735756305
L,CTC,0.330796366290252
L,TTG,-0.189685347396135
N,AAC,0.109636894770463
P,CCG,0.07775228473345397
P,CCC,1.58898113525709
Q,CAG,0.0976162923318644
R,AGG,0.38138211727607957
R,CGG,0.055588188330828986
R,CGC,0.496977411023776
S,TCG,0.04737986273070205
S,TCC,0.613710527141889
T,ACG,0.2611448802330843
T,ACC,0.578108221228917
V,GTG,-0.115032215646903
V,GTC,-0.0713946517546972
Y,TAC,0.549069234065215
Z,AGC,0.217617892634869
