AA,Codon,Mean
A,GCG,0.22215352754167184
A,GCC,0.355425352283319
C,TGC,0.415390211842457
D,GAC,-0.127158889464537
E,GAG,0.141071772777538
F,TTC,-0.0836993620706101
G,GGG,0.45465996595521696
G,GGC,-0.241126968758305
H,CAC,0.737058499832948
I,ATC,-0.130355887262523
K,AAG,0.294831968794266
L,CTG,-0.7234688776445185
L,CTC,-0.003074984169006978
L,TTG,-0.324635485859712
N,AAC,-0.0592253815833479
P,CCG,-0.09746278842488898
P,CCC,1.26440858442783
Q,CAG,-0.133665719484786
R,AGG,0.2049252422077142
R,CGG,-0.3822326457087626
R,CGC,0.0373424674159503
S,TCG,-0.17760460798218902
S,TCC,0.503953103490671
T,ACG,0.0769144779132256
T,ACC,0.291753836818536
V,GTG,-0.34090256080428794
V,GTC,-0.289608920503656
Y,TAC,0.356793134516478
Z,AGC,-0.00774400788930006
