AA,Codon,Mean
A,GCG,-0.009583933126926014
A,GCC,0.0308662616542851
C,TGC,0.0466316271882019
D,GAC,-0.0690730367253224
E,GAG,-0.0385451381651064
F,TTC,-0.0915542210777601
G,GGG,0.638357591803868
G,GGC,0.267427705055475
H,CAC,-0.251313874571522
I,ATC,0.0126672599285346
K,AAG,-0.380087095552683
L,CTG,-0.241968785568078
L,CTC,0.012323282045653697
L,TTG,-0.4276754479448
N,AAC,-0.183925627170006
P,CCG,-0.006178213071823091
P,CCC,-0.0298381510304908
Q,CAG,-0.0285409292794454
R,AGG,0.40623732578009397
R,CGG,1.059215741403898
R,CGC,0.697576353172461
S,TCG,0.08202102964520497
S,TCC,0.025388138394081
T,ACG,0.11045652256608002
T,ACC,0.00690482613692966
V,GTG,0.009435318064689002
V,GTC,-0.0165001637183977
Y,TAC,-0.211787134844065
Z,AGC,0.0324439447284987
