AA,Codon,Mean
A,GCG,2.937846456250551
A,GCC,2.02961305347284
C,TGC,3.8959995839119
D,GAC,2.8811533569177
E,GAG,2.47338615028063
F,TTC,1.55501637368997
G,GGG,2.61723558693727
G,GGC,3.63355603709221
H,CAC,2.98073769137065
I,ATC,2.08759559183915
K,AAG,2.42483581337929
L,CTC,2.589118391450246
L,TTG,3.45297598422368
N,AAC,2.48707405263583
P,CCG,3.224201565766336
P,CCC,2.64906597890854
Q,CAG,2.94289702413877
R,AGG,3.034330973569551
R,CGG,1.88679532159964
R,CGC,3.35147864737511
S,TCG,3.4064699416379103
S,TCC,2.23801703599294
T,ACG,3.038567120595381
T,ACC,2.06078038462798
V,GTG,2.243451112492881
V,GTC,2.4459797577858
Y,TAC,3.12696421416601
Z,AGC,3.01077771674792
