AA,Codon,Mean
A,GCG,0.730324953535199
A,GCC,0.338776458087564
C,TGC,-1.03039896268447
D,GAC,0.233362817852137
E,GAG,0.133533129708604
F,TTC,0.182311042621235
G,GGG,-0.021516935267051007
G,GGC,-0.516846935694416
H,CAC,0.198339706616129
I,ATC,0.226815137104193
K,AAG,0.0966890441518306
L,CTC,0.12042549505234001
L,TTG,-0.971956755181154
N,AAC,0.279779376244048
P,CCG,0.478477641212941
P,CCC,0.14936941115697
Q,CAG,-0.174331053552997
R,AGG,0.027166053398449908
R,CGG,0.766723296349285
R,CGC,0.0321511798953897
S,TCG,0.050924774677803014
S,TCC,0.047215603709018
T,ACG,0.45243607649405804
T,ACC,0.274975951265295
V,GTG,-0.35885649999976105
V,GTC,0.391652470179399
Y,TAC,-0.0763959371595445
Z,AGC,-0.373484469010433
