AA,Codon,Mean
A,GCG,0.440894239445527
A,GCC,0.154767695726951
C,TGC,-0.157311748242875
D,GAC,0.0103481872166972
E,GAG,0.198944938239455
F,TTC,0.135353359257678
G,GGG,0.44568403780063004
G,GGC,-0.181142865726352
H,CAC,0.140247380427519
I,ATC,0.166585368394852
K,AAG,0.363629841834307
L,CTG,-0.7205770479157433
L,CTC,0.16274564011792403
L,TTG,-0.598093364874522
N,AAC,0.0940496613765756
P,CCG,0.2468717631722493
P,CCC,0.132482413298885
Q,CAG,0.116129494890074
R,AGG,0.46359370119373006
R,CGG,0.5177064215860023
R,CGC,-0.188632245193919
S,TCG,0.0446149762345537
S,TCC,0.278388825178146
T,ACG,0.23494026209209862
T,ACC,0.0991110788851976
V,GTG,-0.5310822939932349
V,GTC,0.221321247527003
Y,TAC,-0.17983496020933
Z,AGC,-0.20052013327678
