AA,Codon,Mean
A,GCG,-0.14745543826421104
A,GCC,-0.1007280414626
C,TGC,0.0186204986758374
D,GAC,-0.293280927987893
E,GAG,-0.0168517596530631
F,TTC,-0.334029362340768
G,GGG,0.11568512183229102
G,GGC,0.216364629755418
H,CAC,-0.39506030608813
I,ATC,-0.201960546683272
K,AAG,-0.307724869783719
L,CTG,0.187154204521577
L,CTC,-0.091775609463453
L,TTG,-0.751389288143317
N,AAC,-0.533097867409388
P,CCG,0.6135070565978683
P,CCC,0.0910863266341388
Q,CAG,-0.00838712562654368
R,AGG,0.7038660608619451
R,CGG,-0.7524063350399369
R,CGC,0.271321830411752
S,TCG,-0.42810131369978205
S,TCC,-0.0826014564814667
T,ACG,-0.092582416756948
T,ACC,-0.139952722094953
V,GTG,-0.41979379467823646
V,GTC,-0.11951811674883
Y,TAC,-0.508602297625939
Z,AGC,-0.162621657580634
