AA,Codon,Mean
A,GCG,0.6611256078064399
A,GCC,-1.51959737157822
C,TGC,0.563792976530393
D,GAC,-1.19943418330352
E,GAG,-0.43193981183966
F,TTC,-1.3615001184543
G,GGG,-0.48555989256203197
G,GGC,0.259603380443777
H,CAC,-1.78271676938534
I,ATC,-1.58327418073018
K,AAG,-2.4494695177873
L,CTG,-2.272491985115404
L,CTC,0.6123612949927602
L,TTG,-2.5063667784214
N,AAC,-2.35646529707909
P,CCG,1.5353558810571828
P,CCC,0.280767300664579
Q,CAG,-0.267299534465829
R,AGG,2.42098532271386
R,CGG,0.17265685727894298
R,CGC,0.60840308881466
S,TCG,1.606250767322381
S,TCC,-2.03686736369133
T,ACG,1.7567344870924981
T,ACC,-1.46666810967127
V,GTG,-2.345123812313871
V,GTC,-0.493728618550301
Y,TAC,-2.25844095389048
Z,AGC,-0.782646963600318
