AA,Codon,Mean
A,GCG,0.34085947556098006
A,GCC,-1.26373520552317
C,TGC,-0.37952832031697
D,GAC,-0.808110494200389
E,GAG,-1.21086759573619
F,TTC,-0.540601740082105
G,GGG,-0.6090220657030719
G,GGC,-0.879684598505497
H,CAC,-0.859300646122297
I,ATC,-1.26849404030641
K,AAG,-1.47643325479031
L,CTG,-2.8661808340152097
L,CTC,-0.399397304830514
L,TTG,-2.56536039611499
N,AAC,-1.4464266521136
P,CCG,0.32777893936761404
P,CCC,-1.21299360969464
Q,CAG,-1.45525236355464
R,AGG,0.2891690315564499
R,CGG,-0.073426660627127
R,CGC,-0.0240918068230238
S,TCG,0.5507260613719629
S,TCC,-1.63720443793138
T,ACG,0.745597960964838
T,ACC,-1.13060435405175
V,GTG,-2.9099521333456098
V,GTC,-0.273014978593091
Y,TAC,-1.34237818934917
Z,AGC,-0.771732668511073
