AA,Codon,Mean
A,GCG,1.49377788536549
A,GCC,1.59672289714813
C,TGC,1.08395424821377
D,GAC,1.42601799222628
E,GAG,1.92140496506691
F,TTC,0.921046602106094
G,GGG,1.4435749755501752
G,GGC,1.82620106860002
H,CAC,1.29633782629967
I,ATC,1.65509574424426
K,AAG,1.48831900572777
L,CTG,2.839776039881504
L,CTC,1.6224256471772982
L,TTG,2.00031410672665
N,AAC,1.41371673187415
P,CCG,1.480849641056357
P,CCC,2.39690346035957
Q,CAG,2.380014179039
R,AGG,1.611201102972031
R,CGG,1.2185965740958813
R,CGC,1.50061235996882
S,TCG,1.23253905010224
S,TCC,1.90462601335049
T,ACG,1.1092715118090302
T,ACC,1.40867407269478
V,GTG,2.7826385859986136
V,GTC,1.20160601967176
Y,TAC,1.32933533556461
Z,AGC,1.07929104156494
