AA,Codon,Mean
A,GCG,-0.37186838690439994
A,GCC,-0.919476053802172
C,TGC,-0.715657192957401
D,GAC,-0.659989605124791
E,GAG,-0.95491033059756
F,TTC,-0.0459482686060908
G,GGG,-0.570751913365225
G,GGC,-1.03626910161575
H,CAC,-0.890078114684423
I,ATC,-0.60779370786349
K,AAG,-0.867115281367302
L,CTC,-0.9644520939608421
L,TTG,-1.65755218919118
N,AAC,-0.972589336780707
P,CCG,-1.0986503055781172
P,CCC,-1.01142567606767
Q,CAG,-1.42625106906096
R,AGG,0.10642497142752
R,CGG,-1.081719849132498
R,CGC,-1.45109669816494
S,TCG,-1.0519038684432669
S,TCC,-0.791592225364844
T,ACG,-0.8064617474873831
T,ACC,-1.27646754091581
V,GTG,-1.553149002083179
V,GTC,-0.471926302832365
Y,TAC,-0.917646327586969
Z,AGC,-0.943663420299689
