AA,Codon,Mean
A,GCG,-0.1473230135520298
A,GCC,0.13810345993042
C,TGC,0.476163465513786
D,GAC,-0.0198764563236949
E,GAG,0.368762021591266
F,TTC,-0.332159463723501
G,GGG,-0.23825184257030296
G,GGC,0.784080317644278
H,CAC,-0.271333974976341
I,ATC,0.0222734834721088
K,AAG,-0.559753608675798
L,CTC,0.41308662928740203
L,TTG,-0.167993147798379
N,AAC,-0.284770798487465
P,CCG,0.98147510582606
P,CCC,1.03041019768715
Q,CAG,0.154471058999002
R,AGG,0.974899356888731
R,CGG,0.35795794637998
R,CGC,1.12462117378712
S,TCG,0.02301812597514008
S,TCC,0.152803727430602
T,ACG,0.13531396994590983
T,ACC,0.0565489249438047
V,GTG,-0.14372936508655698
V,GTC,0.0634180295728147
Y,TAC,-0.391200262498856
Z,AGC,0.230384990014633
