AA,Codon,Mean
A,GCG,0.41415326843261213
A,GCC,-0.474421546749274
C,TGC,-0.398470301733414
D,GAC,-0.0921057116458813
E,GAG,-0.364570239375035
F,TTC,0.258477049077551
G,GGG,-0.05054653368592199
G,GGC,-0.591905520113309
H,CAC,-0.320458487036824
I,ATC,-0.231249699219068
K,AAG,-0.185366005618374
L,CTC,-0.452421104953189
L,TTG,-1.0483755521973
N,AAC,-0.397475793560346
P,CCG,-0.565637916470815
P,CCC,-0.737544230083625
Q,CAG,-0.67097199391524
R,AGG,-0.127561635216077
R,CGG,-0.616965356030062
R,CGC,-1.01022715760469
S,TCG,-0.397433130161464
S,TCC,-0.379752453758319
T,ACG,-0.20749736076593406
T,ACC,-0.726304308760166
V,GTG,-1.0348383591830586
V,GTC,0.00669704506675113
Y,TAC,-0.394934983579318
Z,AGC,-0.537717519489924
