AA,Codon,Mean
A,GCG,0.09738595259984295
A,GCC,0.140538668970764
C,TGC,0.305575731673837
D,GAC,-0.266375039566557
E,GAG,-0.282016744577885
F,TTC,-0.338774997222424
G,GGG,0.8757757526040031
G,GGC,0.522865929575761
H,CAC,-0.550952032957474
I,ATC,-0.0268582710045079
K,AAG,-0.67665901119709
L,CTC,0.13372763241728103
L,TTG,-0.459068648999929
N,AAC,-0.489951195069154
P,CCG,1.063735269691547
P,CCC,0.651027791575591
Q,CAG,-0.365297012676795
R,AGG,1.031010735547543
R,CGG,-0.6096751775344202
R,CGC,0.62788926195701
S,TCG,-0.270878692001104
S,TCC,0.065671015047282
T,ACG,0.199222694726785
T,ACC,-0.016003414522118
V,GTG,-0.5097525932053719
V,GTC,-0.0326254166832194
Y,TAC,-0.466045456236601
Z,AGC,-0.0239579807435432
