AA,Codon,Mean
A,GCG,0.7566815719048191
A,GCC,-0.2927581147482
C,TGC,-0.265054674712817
D,GAC,-0.356808726322651
E,GAG,-0.453148767242829
F,TTC,0.0175319283101643
G,GGG,0.029480703503886985
G,GGC,-0.279260227060318
H,CAC,-0.501155698442459
I,ATC,-0.271188537467519
K,AAG,-0.492589064107339
L,CTC,-0.40342022809585004
L,TTG,-1.55063938774268
N,AAC,-0.577422048362096
P,CCG,-0.12655568416565702
P,CCC,-0.344332926678658
Q,CAG,-0.583929099563758
R,AGG,-0.1620385230591847
R,CGG,-0.24112522454553822
R,CGC,-0.582571351377169
S,TCG,-0.526004223472874
S,TCC,-0.132029503650963
T,ACG,0.14818709412415898
T,ACC,-0.362486041198174
V,GTG,-1.231332895261049
V,GTC,0.119636343326668
Y,TAC,-0.698968177175522
Z,AGC,-0.231260559188326
