AA,Codon,Mean
A,GCG,1.167070657564208
A,GCC,0.290246020246545
C,TGC,-0.0750406120947252
D,GAC,0.16767268541952
E,GAG,0.190158189408978
F,TTC,0.233464764673511
G,GGG,0.2235136159013811
G,GGC,0.115818806092938
H,CAC,0.0999148736062149
I,ATC,0.143092251134912
K,AAG,0.0594394334188973
L,CTC,0.094716908971468
L,TTG,-0.726752131215731
N,AAC,0.028203058811381
P,CCG,0.37348002603873703
P,CCC,0.12423368926694
Q,CAG,0.170512687541048
R,AGG,0.05898029363155399
R,CGG,0.21546837822844234
R,CGC,-0.304763041737676
S,TCG,0.25248379893253237
S,TCC,0.370903300060829
T,ACG,0.581047600218654
T,ACC,0.232012794764837
V,GTG,-0.541243315914273
V,GTC,0.474704364820321
Y,TAC,-0.193833502653241
Z,AGC,0.0450049308520625
