AA,Codon,Mean
A,GCG,0.068075072799126
A,GCC,-0.0736415047749877
C,TGC,-0.0932639252612988
D,GAC,-0.109594158899784
E,GAG,-0.168078317095836
F,TTC,-0.24203101122876
G,GGG,0.5812036990659928
G,GGC,0.163916754683852
H,CAC,-0.281809223459164
I,ATC,-0.126629182312886
K,AAG,-0.398102830469608
L,CTG,-0.155082074350119
L,CTC,-0.09097615585029119
L,TTG,-0.413688749913375
N,AAC,-0.31649331232508
P,CCG,0.12279902005195598
P,CCC,-0.166115046155949
Q,CAG,-0.0174472772675262
R,AGG,0.35846968994538003
R,CGG,0.288259486424923
R,CGC,0.249662523532907
S,TCG,-0.012196847914656
S,TCC,-0.0741075950446228
T,ACG,0.054191100454330954
T,ACC,-0.132945878938337
V,GTG,-0.021389756578206992
V,GTC,-0.114815638172626
Y,TAC,-0.335973182332516
Z,AGC,-0.174689061458906
