AA,Codon,Mean
A,GCG,1.518668678007525
A,GCC,1.06008283185164
C,TGC,1.39541267704169
D,GAC,1.23428328368664
E,GAG,1.0313115334789
F,TTC,0.57585505105257
G,GGG,1.33217300406297
G,GGC,0.504422878050804
H,CAC,2.18568400958379
I,ATC,0.680738649598757
K,AAG,0.918305357543627
L,CTG,0.55463185756008
L,CTC,1.5306821514313411
L,TTG,0.61388181167841
N,AAC,1.3124705802838
P,CCG,0.882950638202828
P,CCC,1.98271248172124
Q,CAG,1.25201908272902
R,AGG,0.6520238388578101
R,CGG,1.0251607248160093
R,CGC,0.975549158275127
S,TCG,0.649139278314511
S,TCC,1.18349029846191
T,ACG,0.966674028738841
T,ACC,1.26447235484918
V,GTG,0.521173616659641
V,GTC,0.879770290764173
Y,TAC,1.83716621936162
Z,AGC,1.22161176350911
