AA,Codon,Mean
A,GCG,0.9211996404846541
A,GCC,0.668657052910328
C,TGC,0.600730414938927
D,GAC,0.558598665308952
E,GAG,0.598002907590071
F,TTC,0.403345225888491
G,GGG,0.849229288939635
G,GGC,-0.127955492609243
H,CAC,1.2719805968682
I,ATC,0.309780046099424
K,AAG,0.641187069964409
L,CTG,0.04743176897366802
L,CTC,0.9078642960481966
L,TTG,0.227081859062115
N,AAC,0.642197373410066
P,CCG,0.42850585317810397
P,CCC,1.42871027027766
Q,CAG,0.476128308786949
R,AGG,0.386148097519079
R,CGG,0.397160053821405
R,CGC,0.184403463053207
S,TCG,0.31840053826222897
S,TCC,0.822392626436551
T,ACG,0.596604590125378
T,ACC,0.85347175744772
V,GTG,0.171207017356654
V,GTC,0.489150096863508
Y,TAC,1.00246755326192
Z,AGC,0.479652134728432
