AA,Codon,Mean
A,GCG,0.277860559592645
A,GCC,0.0693990299008787
C,TGC,0.194550539687276
D,GAC,-0.238742733211319
E,GAG,-0.222983938161532
F,TTC,-0.320796891671419
G,GGG,0.948591490165394
G,GGC,0.508043725713094
H,CAC,-0.431553379948934
I,ATC,-0.0547358138091862
K,AAG,-0.471238360875845
L,CTG,-0.498538079388936
L,CTC,0.08270429620693098
L,TTG,-0.642459178360303
N,AAC,-0.451500450442235
P,CCG,0.683023801472783
P,CCC,0.854586993304888
Q,CAG,0.0909842502998809
R,AGG,1.181145551713308
R,CGG,-0.8449804502924249
R,CGC,0.744176144691308
S,TCG,-0.42300630807876594
S,TCC,-0.0165154101177543
T,ACG,0.02987586674292897
T,ACC,-0.0568768756637971
V,GTG,-1.1854885460893279
V,GTC,-0.00583348226363537
Y,TAC,-0.431744806259871
Z,AGC,-0.00467771880369839
