AA,Codon,Mean
A,GCG,-0.272677858982484
A,GCC,-0.671348162130515
C,TGC,-0.25804396387438
D,GAC,-0.922154811382294
E,GAG,-0.582399426460266
F,TTC,-0.189725557375948
G,GGG,-0.18369665447871109
G,GGC,-1.16135515649319
H,CAC,-0.331706079216798
I,ATC,-0.601062271503607
K,AAG,-0.10452274183929
L,CTG,-1.588480698998769
L,CTC,-0.4712056391177074
L,TTG,-1.3750310781161
N,AAC,-0.970872691444556
P,CCG,-0.848541185844943
P,CCC,-0.551429547508558
Q,CAG,-1.02447462429206
R,AGG,0.697071163210273
R,CGG,-0.47113579998016797
R,CGC,-1.07967382907073
S,TCG,-1.285557581702868
S,TCC,-0.252009597863754
T,ACG,-0.28349233568906895
T,ACC,-0.824917846230666
V,GTG,-2.152594596529002
V,GTC,0.17852572170198
Y,TAC,-0.798653050037225
Z,AGC,-0.757985390730699
