AA,Codon,Mean
A,GCG,0.593213817474246
A,GCC,0.0329404286243165
C,TGC,0.0943581955821253
D,GAC,-0.0114084059949506
E,GAG,0.0282101205609324
F,TTC,0.0118249572357179
G,GGG,0.565349887521069
G,GGC,-0.14513673551182
H,CAC,0.234975010406971
I,ATC,-0.0526818559626117
K,AAG,0.219075680395961
L,CTG,-0.7488288347746905
L,CTC,0.19251302389105202
L,TTG,-0.762629861195882
N,AAC,-0.210830783148607
P,CCG,0.085951817240566
P,CCC,0.193650615251561
Q,CAG,-0.190528647327423
R,AGG,0.7701915158788822
R,CGG,0.189827478230993
R,CGC,-0.3122143927296
S,TCG,-0.2062686882571712
S,TCC,0.20644840272665
T,ACG,0.42594576898575776
T,ACC,-0.178748972340922
V,GTG,-1.4150621263990781
V,GTC,0.456262369968494
Y,TAC,-0.228362818157673
Z,AGC,-0.187651822586358
