AA,Codon,Mean
A,GCG,0.74820877207766
A,GCC,0.43934303013285
C,TGC,-0.034438732807653
D,GAC,0.86540833577315
E,GAG,0.343132591305176
F,TTC,0.736229681718349
G,GGG,0.4159429954121335
G,GGC,0.107646816833317
H,CAC,0.733245365917683
I,ATC,0.635247566012541
K,AAG,0.282984963795543
L,CTG,0.29593004254698696
L,CTC,0.742956200465064
L,TTG,-0.00102551890138473
N,AAC,0.58755208619833
P,CCG,0.3975341532535467
P,CCC,0.471415320507685
Q,CAG,0.157213660975794
R,AGG,0.2703392188707969
R,CGG,0.14170196513334904
R,CGC,0.224673143958052
S,TCG,0.532006264744202
S,TCC,0.572819236663977
T,ACG,0.6655880085117045
T,ACC,0.543164145890872
V,GTG,-0.2688156577771623
V,GTC,0.896617674048742
Y,TAC,0.531038394959768
Z,AGC,0.179486733244856
