AA,Codon,Mean
A,GCG,0.0010221867402390172
A,GCC,-0.430682432385286
C,TGC,-0.751353393900394
D,GAC,-0.0554302841695297
E,GAG,-0.539240889143944
F,TTC,0.00522349172035568
G,GGG,-0.03259410108327898
G,GGC,-0.852641261367003
H,CAC,-0.335281714716554
I,ATC,-0.274056019587318
K,AAG,-0.397065906238556
L,CTG,-0.458063472640515
L,CTC,-0.1157589254258818
L,TTG,-1.10922666211128
N,AAC,-0.343727215699355
P,CCG,-0.375179167817036
P,CCC,-0.129789606975267
Q,CAG,-0.754263731328646
R,AGG,-0.160675612195333
R,CGG,-0.8878031204839499
R,CGC,-0.571735621768236
S,TCG,-0.615505105540156
S,TCC,-0.00518630564682987
T,ACG,-0.2506398064732581
T,ACC,-0.120208592558901
V,GTG,-1.366385421242317
V,GTC,0.358259849719206
Y,TAC,-0.514296289545298
Z,AGC,-0.617361784807841
