AA,Codon,Mean
A,GCG,0.85524116227031
A,GCC,0.27889382285277
C,TGC,0.350447271746397
D,GAC,0.143259715452294
E,GAG,-0.0407333847237751
F,TTC,-0.202243588883678
G,GGG,1.091324653526149
G,GGC,0.808024341634909
H,CAC,0.0415008893616219
I,ATC,0.158321425694227
K,AAG,-0.271558003878593
L,CTG,0.322715876444181
L,CTC,0.366754094063739
L,TTG,-0.230881250317891
N,AAC,-0.056430325368916
P,CCG,1.1105816556459893
P,CCC,0.875899805402756
Q,CAG,0.00157499893462265
R,AGG,0.653838322806358
R,CGG,0.08662915812333982
R,CGC,1.03580984049241
S,TCG,0.371438531823953
S,TCC,0.170200285495321
T,ACG,0.450238918846845
T,ACC,0.126128349204858
V,GTG,-0.591675042863688
V,GTC,0.0969987444490194
Y,TAC,-0.0443840704399549
Z,AGC,0.345596381151676
