AA,Codon,Mean
A,GCG,1.0107017569690941
A,GCC,0.389509525785844
C,TGC,0.0686312162891186
D,GAC,0.62416670093139
E,GAG,0.264414861236016
F,TTC,0.665893973251184
G,GGG,0.636055207521593
G,GGC,0.289471638460954
H,CAC,0.559421715801954
I,ATC,0.493741293124358
K,AAG,0.306616319777568
L,CTG,-0.07092358616193095
L,CTC,0.587062792658809
L,TTG,-0.445379248577356
N,AAC,0.449231025656064
P,CCG,0.5749370756462221
P,CCC,0.568462458103895
Q,CAG,-0.12420320066462
R,AGG,0.7558823560079
R,CGG,0.029221439232132787
R,CGC,0.486197679545482
S,TCG,0.705430817906062
S,TCC,0.530797709272305
T,ACG,0.787681934118271
T,ACC,0.355913580185175
V,GTG,-0.5732242749405404
V,GTC,0.800074331621329
Y,TAC,0.277908362563451
Z,AGC,0.0943194426735242
