AA,Codon,Mean
A,GCG,0.34005639718063196
A,GCC,-0.225256579071283
C,TGC,-0.396612499548992
D,GAC,-0.193046614798903
E,GAG,-0.356696988956133
F,TTC,0.282766235980392
G,GGG,0.09080126515527603
G,GGC,-0.462228194055955
H,CAC,-0.181894312504431
I,ATC,-0.131402480827769
K,AAG,-0.224857744930188
L,CTG,-0.476708202455441
L,CTC,-0.25499432126681
L,TTG,-1.15235303821564
N,AAC,-0.306666199052334
P,CCG,0.010149169169367006
P,CCC,0.150264820020646
Q,CAG,-0.872455734185378
R,AGG,0.54925791400273
R,CGG,-0.615737251642347
R,CGC,-0.0540653376045415
S,TCG,-0.16229330342896237
S,TCC,0.0761081414214025
T,ACG,0.16335391514499997
T,ACC,-0.244042188193401
V,GTG,-1.3495186371823151
V,GTC,0.365875113942226
Y,TAC,-0.485830194654067
Z,AGC,-0.51342137619853
