AA,Codon,Mean
A,GCG,0.149638228438298
A,GCC,0.0628143679842353
C,TGC,0.545639270492395
D,GAC,-0.14120523361067
E,GAG,-0.0660463180897137
F,TTC,-0.258486311072111
G,GGG,0.675199871142704
G,GGC,0.5865525354743
H,CAC,-0.404601346711318
I,ATC,-0.0853310157189767
K,AAG,-0.495524996501207
L,CTG,0.28230661739110996
L,CTC,0.13535162468751305
L,TTG,-0.173031249778469
N,AAC,-0.553532087435325
P,CCG,0.9554953840812049
P,CCC,1.12936305597623
Q,CAG,0.379191696566343
R,AGG,1.291921549699704
R,CGG,-0.39756434566974996
R,CGC,0.891709564546744
S,TCG,0.05506297939419802
S,TCC,-0.0713633698664606
T,ACG,0.17991467057665195
T,ACC,-0.109797273700436
V,GTG,-1.543072962836423
V,GTC,-0.0545313650079072
Y,TAC,-0.425066413885355
Z,AGC,0.0468857811194115
