AA,Codon,Mean
A,GCG,-1.079030410311621
A,GCC,-1.50055762418111
C,TGC,-0.954926536067327
D,GAC,-1.34430623438358
E,GAG,-1.08844510661761
F,TTC,-0.942800753529867
G,GGG,-0.905221346290907
G,GGC,-1.55833807811737
H,CAC,-1.12050408345858
I,ATC,-1.48069943519433
K,AAG,-0.920472812481721
L,CTG,-1.476028451992071
L,CTC,-1.5066697222868561
L,TTG,-1.6401949126482
N,AAC,-1.36449864107768
P,CCG,-1.1349864428650405
P,CCC,-1.21902053201993
Q,CAG,-1.3142502439181
R,AGG,-0.71089454531769
R,CGG,-1.047121003317834
R,CGC,-1.28564983375867
S,TCG,-1.580911915746203
S,TCC,-1.37109241060416
T,ACG,-1.1623748258511202
T,ACC,-1.56141400690079
V,GTG,-1.5008100187730886
V,GTC,-1.22132943267822
Y,TAC,-1.19423385118643
Z,AGC,-1.08838322942654
