AA,Codon,Mean
A,GCG,2.0345629007438872
A,GCC,1.17235078127384
C,TGC,1.36091581134001
D,GAC,1.58555679912567
E,GAG,1.6608346811374
F,TTC,0.983527600908279
G,GGG,1.49870099522272
G,GGC,1.92291998683612
H,CAC,1.27182961676121
I,ATC,1.38674528241158
K,AAG,1.08184178593953
L,CTG,0.79479136765003
L,CTC,1.567911996809646
L,TTG,0.656499824424585
N,AAC,1.26866385702292
P,CCG,1.908634928560256
P,CCC,1.47517515640259
Q,CAG,1.42751246980826
R,AGG,1.731520619889348
R,CGG,0.943357416145005
R,CGC,2.39962935202916
S,TCG,1.595997306110463
S,TCC,0.924061585871379
T,ACG,1.6972706940338058
T,ACC,0.964831564195951
V,GTG,0.3964099303483999
V,GTC,1.44557798676491
Y,TAC,1.17498605909348
Z,AGC,1.23699086101055
