AA,Codon,Mean
A,GCG,1.711667095362151
A,GCC,1.25287524980704
C,TGC,0.717010654954116
D,GAC,1.5229166860342
E,GAG,1.03690541392962
F,TTC,1.05110711152554
G,GGG,0.9723734748879251
G,GGC,1.16175919763247
H,CAC,1.53421986171405
I,ATC,1.25747980913321
K,AAG,0.990711571792761
L,CTG,0.7282817299008381
L,CTC,1.096012805583078
L,TTG,0.493564888640245
N,AAC,1.28101997569402
P,CCG,1.5533789696357183
P,CCC,1.09847471103668
Q,CAG,0.830752345323563
R,AGG,1.222231675948698
R,CGG,1.135688442479571
R,CGC,1.36421741182009
S,TCG,1.515425830463567
S,TCC,1.07451265309652
T,ACG,1.415483909714042
T,ACC,1.19237647387187
V,GTG,0.18362909841935104
V,GTC,1.62016866710981
Y,TAC,1.25870978752772
Z,AGC,1.04254708964427
