AA,Codon,Mean
A,GCG,0.13356085420846997
A,GCC,0.107386210037768
C,TGC,0.549566636774937
D,GAC,-0.0131649719764698
E,GAG,0.38566370250384
F,TTC,-0.366200472617149
G,GGG,0.3040637563864399
G,GGC,0.558051159834862
H,CAC,-0.25782986250023
I,ATC,-0.0467597045700997
K,AAG,-0.30558435613513
L,CTG,0.13604277642269896
L,CTC,0.32877401438752796
L,TTG,0.206525951396426
N,AAC,-0.331738111295303
P,CCG,0.677819298503797
P,CCC,0.777652922443549
Q,CAG,0.491036531658967
R,AGG,0.9115543453852339
R,CGG,0.12608861961364992
R,CGC,0.80330883184274
S,TCG,0.18442697558999105
S,TCC,0.0264323183336712
T,ACG,0.2814824431777
T,ACC,-0.0188205140772167
V,GTG,-0.4114625363548601
V,GTC,-0.0471248139812301
Y,TAC,-0.351961714067062
Z,AGC,0.164532467903197
