AA,Codon,Mean
A,GCG,-0.01259783000350001
A,GCC,0.0328971566408873
C,TGC,0.132991623400648
D,GAC,-0.158854792509476
E,GAG,-0.16202968668441
F,TTC,-0.197681065553427
G,GGG,0.45718480142652995
G,GGC,0.310997395926714
H,CAC,-0.344515880024433
I,ATC,-0.0300270503347119
K,AAG,-0.339568047833443
L,CTC,0.05624682877461107
L,TTG,-0.321275615775585
N,AAC,-0.314355519495408
P,CCG,0.6120258004367349
P,CCC,0.110792653651536
Q,CAG,0.0505969120919704
R,AGG,0.476744303007921
R,CGG,-0.3607792764186859
R,CGC,0.368101900780201
S,TCG,-0.221287717493375
S,TCC,0.00836035567376148
T,ACG,-0.055652632804712
T,ACC,-0.0588406954186658
V,GTG,-0.317506268573801
V,GTC,-0.0075704778024323
Y,TAC,-0.314684059160948
Z,AGC,-0.00121922949980476
