AA,Codon,Mean
A,GCG,0.321533360346156
A,GCC,-1.03884872379303
C,TGC,-0.858668202916781
D,GAC,-0.646955672371388
E,GAG,-0.563371878417333
F,TTC,-0.278264442158739
G,GGG,-0.440614426934719
G,GGC,-1.63914638060729
H,CAC,-0.478447142098347
I,ATC,-0.632482580649853
K,AAG,-0.587631487596035
L,CTC,-0.6069694209921479
L,TTG,-1.98410449248155
N,AAC,-0.553721098339558
P,CCG,-0.921933666272461
P,CCC,-0.810909886741638
Q,CAG,-0.749994524657726
R,AGG,-0.332473459006349
R,CGG,-0.666874299800395
R,CGC,-1.43183029685815
S,TCG,-0.970946231901646
S,TCC,-0.777905343278249
T,ACG,-0.7073648759504161
T,ACC,-0.992576419699192
V,GTG,-2.254843745831647
V,GTC,-0.441225060327848
Y,TAC,-0.834424303583304
Z,AGC,-0.970199493475755
