AA,Codon,Mean
A,GCG,0.96586402925849
A,GCC,-0.109961492208143
C,TGC,-0.377548717276255
D,GAC,0.113522146306435
E,GAG,0.0695069838598371
F,TTC,0.0678815842308104
G,GGG,0.15979310983866402
G,GGC,-0.536792196106911
H,CAC,0.231749954051773
I,ATC,0.0178956720142457
K,AAG,0.0759905501584212
L,CTC,-0.010037285911042998
L,TTG,-0.925545468310515
N,AAC,0.184330991429091
P,CCG,0.06821610369595359
P,CCC,-0.0433007579617765
Q,CAG,0.0555856783198814
R,AGG,0.18963257703582503
R,CGG,0.09400388840238194
R,CGC,-0.522490281722943
S,TCG,0.12127508743135412
S,TCC,0.0155913216256166
T,ACG,0.293203257977465
T,ACC,-0.0734928984412303
V,GTG,-1.113511962695916
V,GTC,0.127374620589117
Y,TAC,-0.182361834980547
Z,AGC,-0.31175355561574303
