AA,Codon,Mean
A,GCG,0.09125227054556206
A,GCC,0.157871646207571
C,TGC,-0.834769584147135
D,GAC,-0.30261421610415
E,GAG,-0.849147234503428
F,TTC,-0.306320705966155
G,GGG,-0.282220388321083
G,GGC,-1.11226978067954
H,CAC,-0.140415091021536
I,ATC,-0.399174845896165
K,AAG,-0.415791449739536
L,CTG,-1.1578295600112651
L,CTC,-0.7096956370164951
L,TTG,-0.780964519055684
N,AAC,-0.62332781292597494
P,CCG,-0.263583789499833
P,CCC,0.280230383418997
Q,CAG,-1.13648087245226
R,AGG,0.16345030260087
R,CGG,-0.3076830920736
R,CGC,-1.27662323630651
S,TCG,-0.559494921263556
S,TCC,0.118184230617069
T,ACG,-0.31373169796466893
T,ACC,0.356986820282539
V,GTG,-1.0269104712555799
V,GTC,0.212035103209317
Y,TAC,-0.520149318246047
Z,AGC,-0.924819100248814
