AA,Codon,Mean
A,GCG,0.22595338870584997
A,GCC,0.32334075798889
C,TGC,-0.918537128881613
D,GAC,0.0308859738707812
E,GAG,-0.620958648864428
F,TTC,-0.106017027316491
G,GGG,-0.13075900186301004
G,GGC,-1.12317759900093
H,CAC,0.188242121200264
I,ATC,-0.215518209771812
K,AAG,-0.206089854426185
L,CTG,-0.957312839429325
L,CTC,-0.575611764911314
L,TTG,-0.541987209260464
N,AAC,-0.175261789344748
P,CCG,-0.301707243103349
P,CCC,0.104944501967635
Q,CAG,-0.972950484800339
R,AGG,-0.05559193473656965
R,CGG,0.04728359911442004
R,CGC,-1.24298001776139
S,TCG,-0.27356237904628095
S,TCC,0.226473029456039
T,ACG,-0.151675300554434
T,ACC,0.454528128353755
V,GTG,-0.7126917177618549
V,GTC,0.399851649173101
Y,TAC,-0.103484423981476
Z,AGC,-0.845356599617004
