AA,Codon,Mean
A,GCG,0.9496924183567379
A,GCC,0.587354784073432
C,TGC,1.26877707372506
D,GAC,0.782198873778184
E,GAG,1.03251278304259
F,TTC,0.19275755645136
G,GGG,0.8387305533409202
G,GGC,1.72636660369237
H,CAC,0.565283947400252
I,ATC,0.504678200532993
K,AAG,0.582070017435153
L,CTG,1.087896742935977
L,CTC,0.998751081593835
L,TTG,0.289136602008343
N,AAC,0.523823916308085
P,CCG,1.6160467533568519
P,CCC,1.01432694241206
Q,CAG,1.33177856018543
R,AGG,1.341503577987354
R,CGG,0.7438726883014097
R,CGC,1.96634106396834
S,TCG,1.0948247334371
S,TCC,0.429376953657468
T,ACG,1.0587126442472101
T,ACC,0.219836144012709
V,GTG,0.505354967602091
V,GTC,0.370147395650546
Y,TAC,0.546441123159726
Z,AGC,1.00629118594329
