AA,Codon,Mean
A,GCG,0.46903244507213393
A,GCC,0.584268311603864
C,TGC,0.146631600983938
D,GAC,0.432771719652414
E,GAG,0.0667849296794583
F,TTC,0.436694211345911
G,GGG,0.34202222409798744
G,GGC,0.137779860757788
H,CAC,0.288309187996387
I,ATC,0.328344423047702
K,AAG,0.240378313431144
L,CTG,-0.607065140206615
L,CTC,0.36081822496900895
L,TTG,-0.672148669664065
N,AAC,0.266068271433314
P,CCG,0.05612189179062904
P,CCC,0.350030296836297
Q,CAG,-0.109449730329961
R,AGG,0.49843990984956393
R,CGG,0.29930875821119696
R,CGC,0.276442670928438
S,TCG,0.11499820544521
S,TCC,0.527856256242593
T,ACG,0.24467736542689367
T,ACC,0.272642070213954
V,GTG,-0.4868247897301028
V,GTC,0.868284248510997
Y,TAC,0.158634470629195
Z,AGC,0.199841748976707
