AA,Codon,Mean
A,GCG,0.004507880640029993
A,GCC,-0.0470866001660625
C,TGC,0.0160524847966193
D,GAC,-0.186474597617984
E,GAG,-0.0638322718523443
F,TTC,-0.141096808647116
G,GGG,0.229984996645649
G,GGC,0.233839840491613
H,CAC,-0.34479398539861
I,ATC,-0.125191471619407
K,AAG,-0.208561552701394
L,CTG,-0.18579200848638994
L,CTC,-0.0131739284861522
L,TTG,-0.318739824636777
N,AAC,-0.396674485500654
P,CCG,0.2701233417471252
P,CCC,0.0165688636960264
Q,CAG,0.0440712604795893
R,AGG,0.42080144765955146
R,CGG,-0.624556932622192
R,CGC,0.201981991040707
S,TCG,-0.067262589526176
S,TCC,-0.0487474568076432
T,ACG,0.12187022182941398
T,ACC,-0.121074928359191
V,GTG,-0.09123234105507502
V,GTC,-0.0113257468758028
Y,TAC,-0.36152861691316
Z,AGC,-0.0556294704294453
