AA,Codon,Mean
A,GCG,0.307389371035496
A,GCC,0.405768574672937
C,TGC,-0.0674643526210139
D,GAC,0.274629611301422
E,GAG,-0.0343652436726416
F,TTC,0.330640761675437
G,GGG,0.11163173078695904
G,GGC,-0.194948830208182
H,CAC,0.158292564209302
I,ATC,0.07054788894852
K,AAG,0.204955137830973
L,CTG,-0.7436900337095061
L,CTC,0.13932153534839603
L,TTG,-0.756673606133461
N,AAC,0.0522404047299797
P,CCG,-0.1416654241209234
P,CCC,0.170071673713624
Q,CAG,-0.293706786374251
R,AGG,0.412575738596917
R,CGG,0.311143419443567
R,CGC,-0.0213666966239129
S,TCG,-0.04735121222734501
S,TCC,0.408285671941439
T,ACG,0.1633428568226595
T,ACC,0.0921492316481968
V,GTG,-0.635790638204912
V,GTC,0.683030324280262
Y,TAC,-0.0396880812635509
Z,AGC,-0.0605141104315097
