AA,Codon,Mean
A,GCG,1.3803808298682503
A,GCC,0.834387090388934
C,TGC,0.620632037802537
D,GAC,1.0113204253753
E,GAG,0.0785560150134067
F,TTC,0.0477903861180569
G,GGG,0.43045145117585254
G,GGC,1.05518970390161
H,CAC,1.04572415691217
I,ATC,0.169421861077348
K,AAG,0.122262088233729
L,CTG,-0.34111479340195705
L,CTC,0.31552565943797495
L,TTG,-0.583804277249177
N,AAC,0.557778379746278
P,CCG,1.442231589794158
P,CCC,0.706146641850471
Q,CAG,0.187286605987946
R,AGG,0.7604121501763601
R,CGG,0.52140505797863
R,CGC,1.00088649243911
S,TCG,1.146985250306129
S,TCC,0.461813237277667
T,ACG,0.956431699478626
T,ACC,0.566861032227675
V,GTG,-0.465223912620544
V,GTC,0.692358379085859
Y,TAC,0.684132445879777
Z,AGC,0.76191265767018
