AA,Codon,Mean
A,GCG,0.14051278438369497
A,GCC,0.0345750995204474
C,TGC,0.498475149124861
D,GAC,0.00215129202399171
E,GAG,0.365900434996684
F,TTC,-0.176982250538468
G,GGG,0.10850671709378601
G,GGC,0.380128737892707
H,CAC,-0.138358008804917
I,ATC,-0.0555922857301931
K,AAG,0.197787398801247
L,CTG,0.36131086990336553
L,CTC,0.279733731881778
L,TTG,0.0789545881981651
N,AAC,-0.260089554698269
P,CCG,0.61746152629455
P,CCC,0.833041672392686
Q,CAG,0.442498073589802
R,AGG,0.874385776794454
R,CGG,0.4681120265563299
R,CGC,0.472760063060125
S,TCG,0.33843360811422196
S,TCC,0.0285046474956597
T,ACG,0.366286036604643
T,ACC,-0.0639755172275007
V,GTG,-0.154434809762239
V,GTC,-0.0252857031098877
Y,TAC,-0.259061248476307
Z,AGC,0.0420498594880034
