AA,Codon,Mean
A,GCG,1.814540783725184
A,GCC,0.998369644792875
C,TGC,1.57090071758429
D,GAC,1.29364204382102
E,GAG,0.60680601323843
F,TTC,-0.0261882619562553
G,GGG,0.491060430610185
G,GGC,1.97303145322005
H,CAC,1.40018677930037
I,ATC,0.229494680867593
K,AAG,0.557608691803614
L,CTG,0.1901864042202699
L,CTC,0.7764231374144501
L,TTG,-0.379491499771674
N,AAC,0.53198629852732
P,CCG,2.3364543603738177
P,CCC,1.81905652925173
Q,CAG,0.932962961812814
R,AGG,1.862567162889247
R,CGG,0.7743571054538099
R,CGC,1.97468429731528
S,TCG,1.6371806929230721
S,TCC,0.675851530961196
T,ACG,1.480979237904156
T,ACC,0.732667617396514
V,GTG,-0.50616417916616
V,GTC,0.839770017552376
Y,TAC,0.751262273637454
Z,AGC,1.35742163426081
