AA,Codon,Mean
A,GCG,1.054853535715738
A,GCC,1.03553284704685
C,TGC,0.781143213570118
D,GAC,0.940809431048234
E,GAG,0.856748233393828
F,TTC,0.127161399641136
G,GGG,1.8343187742253102
G,GGC,1.46885674513181
H,CAC,0.674292589394252
I,ATC,0.704689602907499
K,AAG,0.038203535029831
L,CTC,0.984468116903309
L,TTG,-0.312431565556924
N,AAC,0.565554467880726
P,CCG,1.878704924795284
P,CCC,1.28147377097607
Q,CAG,1.31156144607067
R,AGG,1.6238971604313546
R,CGG,0.4164423768838239
R,CGC,1.13055418826739
S,TCG,0.7703938769062321
S,TCC,1.062178135403
T,ACG,1.095442684278881
T,ACC,0.752472668123245
V,GTG,-0.41005379323959
V,GTC,1.05412366756996
Y,TAC,0.28204282891651
Z,AGC,0.544565489997466
