AA,Codon,Mean
A,GCG,-1.0553123425642599
A,GCC,-1.78873903140227
C,TGC,-1.04102774875561
D,GAC,-1.55066612848441
E,GAG,-1.15940859044393
F,TTC,-0.406952731152376
G,GGG,-1.4607118166504147
G,GGC,-1.81783643051783
H,CAC,-1.50321241418521
I,ATC,-0.931011977728208
K,AAG,-0.818220671017965
L,CTC,-1.160852676848571
L,TTG,-1.90023551929792
N,AAC,-1.4897833486557
P,CCG,-2.0629925151886206
P,CCC,-1.66579807564418
Q,CAG,-1.64949433924357
R,AGG,-0.019831400597096094
R,CGG,-1.501251907983921
R,CGC,-1.77830238656998
S,TCG,-2.012380028719202
S,TCC,-1.54073532694976
T,ACG,-1.5791618729343029
T,ACC,-1.6793163334926
V,GTG,-1.7172937416752139
V,GTC,-1.07638253504833
Y,TAC,-1.41716099509398
Z,AGC,-1.01717836458683
