AA,Codon,Mean
A,GCG,-1.4776424548029867
A,GCC,-1.69457434946696
C,TGC,-0.742769525082906
D,GAC,-1.53666219305197
E,GAG,-1.11520844314098
F,TTC,-0.547397266473373
G,GGG,-1.1080930881063171
G,GGC,-2.14001245253881
H,CAC,-1.3157422981739
I,ATC,-1.6036773226738
K,AAG,-0.863645817212264
L,CTC,-1.5814255988200512
L,TTG,-1.89104183983008
N,AAC,-1.63957383627892
P,CCG,-2.2361883231678403
P,CCC,-1.90089849221706
Q,CAG,-1.7655603216966
R,AGG,-0.387580030348897
R,CGG,-1.4880561694122878
R,CGC,-1.86012088038921
S,TCG,-2.111177488130666
S,TCC,-1.49496462725004
T,ACG,-1.555940907017388
T,ACC,-1.94471588561535
V,GTG,-1.683932205065096
V,GTC,-1.60426117173831
Y,TAC,-1.26071600777308
Z,AGC,-1.20549288538297
