AA,Codon,Mean
A,GCG,2.2767286344051363
A,GCC,0.942040408376853
C,TGC,1.27696770162582
D,GAC,0.940563810181618
E,GAG,1.52388921203613
F,TTC,0.306181702860196
G,GGG,1.452463664535681
G,GGC,1.94973874723117
H,CAC,0.646937051264445
I,ATC,1.01274604148467
K,AAG,-0.0882958494243522
L,CTC,1.2644472522338281
L,TTG,0.00171189870229327
N,AAC,0.520465156586965
P,CCG,2.6114731437544
P,CCC,1.47420721255143
Q,CAG,1.50240475652218
R,AGG,1.8953061403334188
R,CGG,0.5201819564938499
R,CGC,2.02041737163067
S,TCG,0.9599941997647281
S,TCC,0.892298743677139
T,ACG,1.314527239370348
T,ACC,0.848661523493131
V,GTG,0.3098195566336299
V,GTC,1.18554742409388
Y,TAC,0.194216403265794
Z,AGC,0.913126540219784
