AA,Codon,Mean
A,GCG,0.464504872029027
A,GCC,0.682178091021379
C,TGC,0.401583095983664
D,GAC,0.623594590067863
E,GAG,0.537826060930888
F,TTC,0.847725152683258
G,GGG,0.865181928082307
G,GGC,0.0900108770211538
H,CAC,1.03728143827915
I,ATC,0.551153681532542
K,AAG,0.520637322064241
L,CTG,-0.08110937743584301
L,CTC,0.6284369708319509
L,TTG,0.0234595758197461
N,AAC,0.814629642816385
P,CCG,0.2705368184921537
P,CCC,0.941098563607534
Q,CAG,0.248103651791811
R,AGG,0.7166855589063296
R,CGG,0.47991129618485906
R,CGC,0.0424902560693648
S,TCG,0.23237958371780068
S,TCC,0.836639007902145
T,ACG,0.43034220215280805
T,ACC,0.764707043186823
V,GTG,-0.17634284450709803
V,GTC,0.439928540362914
Y,TAC,0.8584511545976
Z,AGC,0.443705563922723
