AA,Codon,Mean
A,GCG,-0.065698828792572
A,GCC,0.00999667628015592
C,TGC,-0.248212576941649
D,GAC,-0.0923927741825581
E,GAG,-0.303914796217283
F,TTC,-0.387669062695901
G,GGG,0.43127994101643596
G,GGC,0.135730186503629
H,CAC,-0.231908970423539
I,ATC,-0.0879390032214423
K,AAG,-0.489674942014615
L,CTG,-0.2683132918660222
L,CTC,-0.04773067294359301
L,TTG,-0.451667680643002
N,AAC,-0.30322821871837
P,CCG,-0.047767148355643
P,CCC,-0.0395361442840736
Q,CAG,-0.36636689393123
R,AGG,0.413931542936958
R,CGG,0.08772964198589306
R,CGC,0.216294553985198
S,TCG,-0.278867998759945
S,TCC,-0.0970647829582294
T,ACG,-0.09943508807818097
T,ACC,-0.0692690543070436
V,GTG,-0.10227018916209601
V,GTC,-0.050358706814299
Y,TAC,-0.316310924361149
Z,AGC,-0.209786844959855
