AA,Codon,Mean
A,GCG,1.5485805083612612
A,GCC,0.824146402851741
C,TGC,0.490421068066359
D,GAC,1.83363969934781
E,GAG,0.371517251162728
F,TTC,1.9490033979098
G,GGG,0.65802890930176
G,GGC,0.257322988016903
H,CAC,2.47834006276131
I,ATC,1.48541913955212
K,AAG,2.45455670077006
L,CTG,0.302597933798684
L,CTC,1.009364308007496
L,TTG,0.840928318870068
N,AAC,2.65314647976557
P,CCG,0.11515720915943403
P,CCC,0.0618768223999694
Q,CAG,0.557113971473773
R,AGG,-0.8753509619897231
R,CGG,1.784003184381252
R,CGC,1.1688355594635
S,TCG,1.1669289674083392
S,TCC,1.02627184835275
T,ACG,0.8151736244360611
T,ACC,1.40298134950002
V,GTG,1.9857708455315648
V,GTC,1.73376305735111
Y,TAC,2.6809106695652
Z,AGC,1.47195565894445
