AA,Codon,Mean
A,GCG,0.6677034131050097
A,GCC,0.730571790802479
C,TGC,0.802776438216368
D,GAC,0.00200278638565997
E,GAG,1.12326215246916
F,TTC,-0.818267765045166
G,GGG,0.6145141957124101
G,GGC,1.54309607203007
H,CAC,-0.76309727849563
I,ATC,-0.0509613752936133
K,AAG,-1.23014090548356
L,CTG,0.5781603032747911
L,CTC,0.57434608282248
L,TTG,-0.0796267997980323
N,AAC,-1.23615385704041
P,CCG,2.179302200762435
P,CCC,1.71020178659757
Q,CAG,0.896337163849672
R,AGG,2.784279850069182
R,CGG,-0.2700059717655101
R,CGC,0.884129049328963
S,TCG,0.8904328679482101
S,TCC,0.327019157801072
T,ACG,1.17414108250936
T,ACC,0.0141094983478028
V,GTG,-1.9353938952048702
V,GTC,0.164726313109944
Y,TAC,-1.30665241996447
Z,AGC,-0.113496049170718
