AA,Codon,Mean
A,GCG,1.0896323459307302
A,GCC,1.08685234243472
C,TGC,1.61778465023041
D,GAC,0.320275308987498
E,GAG,1.88380876367887
F,TTC,-1.06457670948505
G,GGG,0.9521604103088399
G,GGC,2.44557398769061
H,CAC,-0.514030411794782
I,ATC,0.196661874762177
K,AAG,-1.23413744824727
L,CTG,0.79705012018283
L,CTC,1.0920072860479402
L,TTG,0.49455362427036
N,AAC,-1.26416699662209
P,CCG,3.040132146596904
P,CCC,2.58944225694338
Q,CAG,1.81027821308772
R,AGG,3.9918028808077173
R,CGG,-0.17730767065684017
R,CGC,1.73992162245909
S,TCG,1.4560133665641197
S,TCC,0.618160825786988
T,ACG,1.6292014825344103
T,ACC,0.289463670814534
V,GTG,-2.4630528578758297
V,GTC,0.434996826757987
Y,TAC,-1.28289042973518
Z,AGC,0.424112264533838
