AA,Codon,Mean
A,GCG,0.9154712727177893
A,GCC,0.810285479656855
C,TGC,0.0130400085662709
D,GAC,0.382274626863003
E,GAG,0.219676928474506
F,TTC,0.445657238304615
G,GGG,0.36210148590107705
G,GGC,0.13697418701152
H,CAC,0.586918878122171
I,ATC,0.61853165388902
K,AAG,0.358811904639006
L,CTG,-0.35649403990656137
L,CTC,0.63129814312458
L,TTG,-0.384119808256626
N,AAC,0.174708067134023
P,CCG,0.563222909677526
P,CCC,0.546554357961814
Q,CAG,0.164258454077442
R,AGG,0.506452355388797
R,CGG,0.11259408167600704
R,CGC,0.0546990328939147
S,TCG,0.685203211635724
S,TCC,0.753359970617294
T,ACG,0.6964289825864135
T,ACC,0.537309252671401
V,GTG,-0.2963705752588503
V,GTC,0.680552328109741
Y,TAC,0.187432953250408
Z,AGC,0.0312141747347356
