AA,Codon,Mean
A,GCG,0.141295499380429
A,GCC,-0.0655088853028913
C,TGC,0.0110989266063872
D,GAC,-0.1008860032022
E,GAG,-0.272906824463606
F,TTC,-0.21343903037111
G,GGG,0.419016686018308
G,GGC,0.209857641718785
H,CAC,-0.209126641207933
I,ATC,-0.0828751271764437
K,AAG,-0.49168209071358
L,CTG,-0.24970443048874502
L,CTC,-0.0801760272457574
L,TTG,-0.403066132430236
N,AAC,-0.21880464104414
P,CCG,0.23947716050148
P,CCC,-0.0492593791867296
Q,CAG,-0.256047188379367
R,AGG,0.44675590416055677
R,CGG,0.55935255095462
R,CGC,0.371847122472525
S,TCG,0.06092401928703001
S,TCC,-0.050221281329294
T,ACG,0.145936102406183
T,ACC,-0.0782888188804189
V,GTG,-0.172643466967344
V,GTC,-0.0601528250535329
Y,TAC,-0.263780980821451
Z,AGC,-0.0172151904006387
