AA,Codon,Mean
A,GCG,0.8219406857181942
A,GCC,0.838685989292463
C,TGC,-0.0311224927071376
D,GAC,0.322229981803894
E,GAG,0.195241434160868
F,TTC,0.414150809631745
G,GGG,0.29793833545595433
G,GGC,-0.0343734433238199
H,CAC,0.471701089171569
I,ATC,0.520859923517704
K,AAG,0.299445936826865
L,CTG,-0.3760797413635655
L,CTC,0.478839994138479
L,TTG,-0.352384137290716
N,AAC,0.112790360261997
P,CCG,0.455184246542057
P,CCC,0.655552423258623
Q,CAG,-0.00780679123955606
R,AGG,0.39308537953296985
R,CGG,-0.015662049903471975
R,CGC,-0.128641642527282
S,TCG,0.5724991659013553
S,TCC,0.858940413562457
T,ACG,0.5633109586036461
T,ACC,0.479514726893107
V,GTG,-0.3364622249612701
V,GTC,0.67173894020319
Y,TAC,0.131695749882112
Z,AGC,-0.126709271761278
