AA,Codon,Mean
A,GCG,0.09043334034681394
A,GCC,0.0725250647375981
C,TGC,0.22468702066044
D,GAC,-0.274297358750304
E,GAG,-0.266741535913944
F,TTC,-0.317599255740643
G,GGG,0.7304092631121449
G,GGC,0.413192935274045
H,CAC,-0.48320090593497
I,ATC,-0.0276560036800181
K,AAG,-0.553290672504902
L,CTC,0.09741231575012199
L,TTG,-0.485863413103422
N,AAC,-0.487261663571994
P,CCG,0.7760474229611452
P,CCC,0.252878143309553
Q,CAG,0.175207142582536
R,AGG,0.804845828578869
R,CGG,-0.704345307588573
R,CGC,0.504647364189227
S,TCG,-0.388019714874029
S,TCC,0.0256831800214325
T,ACG,-0.13209710665742502
T,ACC,-0.0835926076543828
V,GTG,-0.513349532789985
V,GTC,-0.0316344251089419
Y,TAC,-0.497496463257074
Z,AGC,-0.109006320699056
