AA,Codon,Mean
A,GCG,1.171217992712061
A,GCC,-0.36941751127243
C,TGC,-0.0975698456510901
D,GAC,0.0882339567231635
E,GAG,0.0342329070191054
F,TTC,-7.4553080913059e-4
G,GGG,0.087892820070187
G,GGC,-0.672519596342246
H,CAC,0.174972115335365
I,ATC,-0.228080266644557
K,AAG,0.0399846906846855
L,CTC,-0.13114979040423996
L,TTG,-1.09585818521182
N,AAC,0.047418275104401
P,CCG,-0.1173043430615863
P,CCC,-0.263947275900841
Q,CAG,-0.43344614965717
R,AGG,0.08892079071203901
R,CGG,-0.44117453381419197
R,CGC,-0.464400661641359
S,TCG,-0.26710975924184
S,TCC,-0.260870950193206
T,ACG,-0.005699608279763985
T,ACC,-0.284747734589378
V,GTG,-1.392628147494793
V,GTC,0.00538511865027344
Y,TAC,-0.211369775372744
Z,AGC,-0.0256180078115983
