AA,Codon,Mean
A,GCG,0.6009643444216181
A,GCC,0.361665629218022
C,TGC,-0.036807588756337
D,GAC,0.0320002634727629
E,GAG,-0.0601636608364681
F,TTC,0.491190846610069
G,GGG,0.314244039871295
G,GGC,-0.133090874622265
H,CAC,0.203079985675216
I,ATC,0.373257792649666
K,AAG,-0.0109318614363016
L,CTG,-0.455181556044519
L,CTC,0.345888581038515
L,TTG,-0.665597193419933
N,AAC,0.117353920315206
P,CCG,0.230434935670098
P,CCC,0.374844523857037
Q,CAG,-0.114797958029807
R,AGG,0.15488554977377306
R,CGG,0.564042760102947
R,CGC,0.0131444608465058
S,TCG,0.2413712593322
S,TCC,0.617216319342454
T,ACG,0.37824442515422896
T,ACC,0.392767982218663
V,GTG,-0.39349523860432206
V,GTC,0.321736443177859
Y,TAC,-0.0823477402207752
Z,AGC,-0.104625139401605
