AA,Codon,Mean
A,GCG,-0.08798234779238695
A,GCC,-0.0223552527266089
C,TGC,0.104499414625516
D,GAC,-0.198285215223829
E,GAG,-0.367835312787692
F,TTC,-0.214696496726076
G,GGG,0.5288308544377489
G,GGC,0.344540975600481
H,CAC,-0.453982789083322
I,ATC,-0.103158321710924
K,AAG,-0.419218022316694
L,CTG,-0.3586301337562769
L,CTC,-0.056061192658310804
L,TTG,-0.113255918076634
N,AAC,-0.431742284073432
P,CCG,0.8661844156149812
P,CCC,0.0637674516885231
Q,CAG,-0.316887982416153
R,AGG,0.531641565123201
R,CGG,-0.7101932849725101
R,CGC,0.307248673991362
S,TCG,-0.212039054676891
S,TCC,-0.0592751931371788
T,ACG,-0.013602716388305014
T,ACC,-0.10554996108065
V,GTG,-0.26962308376034105
V,GTC,-0.0320546788877497
Y,TAC,-0.378474027011792
Z,AGC,-0.0753110598052541
