AA,Codon,Mean
A,GCG,1.2963900047520789
A,GCC,0.649228569185734
C,TGC,0.722289152101676
D,GAC,1.01407705459992
E,GAG,0.692991269711653
F,TTC,0.538161953693628
G,GGG,0.6000704234828549
G,GGC,0.912498471045494
H,CAC,1.17684150568644
I,ATC,0.79208878411452
K,AAG,0.622094143084685
L,CTG,0.11324578462243107
L,CTC,0.647688593226668
L,TTG,0.128203244220217
N,AAC,1.05009250597159
P,CCG,1.133814553672075
P,CCC,0.573857040437063
Q,CAG,0.563987635521094
R,AGG,0.627059760689738
R,CGG,0.9987582990711543
R,CGC,1.17303514241378
S,TCG,0.9334689484308161
S,TCC,0.71089737281402
T,ACG,0.7941849368592111
T,ACC,0.842812243791421
V,GTG,0.23563897299369102
V,GTC,0.631839514191945
Y,TAC,0.768426503507296
Z,AGC,0.867537857560317
