AA,Codon,Mean
A,GCG,0.29148812788327594
A,GCC,0.0779779192119837
C,TGC,0.444168846885363
D,GAC,-0.0803188155770302
E,GAG,0.526604765721162
F,TTC,-0.401045484598478
G,GGG,0.17849415420293813
G,GGC,0.432016509427627
H,CAC,-0.243767776605487
I,ATC,-0.125413884958625
K,AAG,-0.203953125008941
L,CTG,0.5859899798018224
L,CTC,0.20264299290229904
L,TTG,0.302267909830809
N,AAC,-0.304726524625222
P,CCG,0.8668868866642321
P,CCC,0.610322342507044
Q,CAG,0.582438659159342
R,AGG,0.7610969338851672
R,CGG,-0.10101144394080008
R,CGC,0.637120280734698
S,TCG,0.342883965659141
S,TCC,-0.00878161622236979
T,ACG,0.34410319143533696
T,ACC,-0.0457194770808021
V,GTG,0.11035062140226293
V,GTC,-0.0792234471365809
Y,TAC,-0.342132890667518
Z,AGC,0.049224516936054
