AA,Codon,Mean
A,GCG,1.2851936360746632
A,GCC,0.721559537847837
C,TGC,0.70029306503137
D,GAC,1.0419372099638
E,GAG,0.749853031365077
F,TTC,0.567491207595666
G,GGG,0.686484748554727
G,GGC,0.734375818856557
H,CAC,1.21521637421449
I,ATC,0.789663471273581
K,AAG,0.618011621705691
L,CTG,0.160470587456226
L,CTC,0.6439372582197179
L,TTG,0.165275014987588
N,AAC,1.11082040687402
P,CCG,1.219089021856586
P,CCC,0.693270773001512
Q,CAG,0.59515191287597
R,AGG,0.640202245887117
R,CGG,0.972712136544039
R,CGC,1.06219617188374
S,TCG,1.014936512669921
S,TCC,0.789471432753404
T,ACG,0.815573904511829
T,ACC,0.87088580694596
V,GTG,0.3322938974596564
V,GTC,0.677006538828214
Y,TAC,0.81731424831152
Z,AGC,0.800109204435348
