AA,Codon,Mean
A,GCG,-0.518495207145811
A,GCC,-0.780223430156708
C,TGC,-0.550174889703592
D,GAC,-1.04764336100419
E,GAG,-0.544533198402325
F,TTC,-1.1786031875054
G,GGG,-0.047864726948738
G,GGC,-0.523314696606
H,CAC,-1.03837048958937
I,ATC,-0.976433353642623
K,AAG,-0.553447859040896
L,CTG,-0.7376502184719367
L,CTC,-1.1148119473129519
L,TTG,-0.843906315235297
N,AAC,-1.13419295259317
P,CCG,-0.7409091161859533
P,CCC,-0.913167545684179
Q,CAG,-0.865123345116774
R,AGG,0.05729904547135001
R,CGG,-0.7111536123760047
R,CGC,-0.389214327204227
S,TCG,-0.824938007039825
S,TCC,-0.706341066535314
T,ACG,-0.3780473233994804
T,ACC,-0.736112636864185
V,GTG,-0.246633539368708
V,GTC,-1.23901434234778
Y,TAC,-1.19759739399751
Z,AGC,-0.681448925785224
