AA,Codon,Mean
A,GCG,0.936525975112619
A,GCC,1.27459869796435
C,TGC,0.259083770036697
D,GAC,1.06626916025082
E,GAG,0.91099058090051
F,TTC,1.056875608476
G,GGG,1.136620550268889
G,GGC,0.423720037933191
H,CAC,1.17060511956215
I,ATC,1.17381920934518
K,AAG,0.68999312231938
L,CTG,0.23473065299987794
L,CTC,1.2800190677476333
L,TTG,0.331575515080492
N,AAC,1.00336768122514
P,CCG,0.738833107978109
P,CCC,1.79311011917591
Q,CAG,0.734913027238846
R,AGG,0.7763896042376799
R,CGG,1.168494023656846
R,CGC,0.210908294849594
S,TCG,0.941221916230516
S,TCC,1.53350096846422
T,ACG,0.835945439942678
T,ACC,1.28602916793823
V,GTG,-0.030824793275197937
V,GTC,1.32087043162187
Y,TAC,0.885141350507736
Z,AGC,0.316274964332581
