AA,Codon,Mean
A,GCG,1.5726974679390588
A,GCC,0.562423067573706
C,TGC,0.921712955609957
D,GAC,1.12691835620403
E,GAG,0.854630227414767
F,TTC,0.620831233640512
G,GGG,0.835838388339678
G,GGC,0.958568780517578
H,CAC,1.34072943024635
I,ATC,0.785937521866957
K,AAG,0.498303053083022
L,CTC,1.035435258968674
L,TTG,-0.0624133089366058
N,AAC,1.00937353393237
P,CCG,1.03396918930312
P,CCC,0.612874470555782
Q,CAG,0.801145578054587
R,AGG,0.8024490071018551
R,CGG,1.05912407105565
R,CGC,1.09307075694402
S,TCG,1.016513494729996
S,TCC,0.51706504821976
T,ACG,1.1009110025167461
T,ACC,0.61893433581988
V,GTG,0.257394152003527
V,GTC,0.959930667654673
Y,TAC,1.20024922460715
Z,AGC,1.02000075614452
