AA,Codon,Mean
A,GCG,0.12824066372712395
A,GCC,0.0981002276718616
C,TGC,0.221959450181325
D,GAC,-0.136551314730446
E,GAG,0.39930415909489
F,TTC,-0.292228313084443
G,GGG,0.12194258847236605
G,GGC,0.53244800200661
H,CAC,-0.352162268048525
I,ATC,-0.0689288193427026
K,AAG,-0.305058250441154
L,CTC,0.042400863046447496
L,TTG,0.089918958393236
N,AAC,-0.386494989196459
P,CCG,0.722619922761122
P,CCC,0.456912952309847
Q,CAG,0.419054553496838
R,AGG,0.5942543921510383
R,CGG,0.08130470799604983
R,CGC,0.530140375117461
S,TCG,0.09408508098721496
S,TCC,0.0155974374429223
T,ACG,0.219772827579578
T,ACC,-0.0402656303049376
V,GTG,0.05050669224262194
V,GTC,-0.051783603262653
Y,TAC,-0.424242588017384
Z,AGC,-0.066136560268638
