AA,Codon,Mean
A,GCG,1.865448840510847
A,GCC,0.623294679756959
C,TGC,2.17068685034116
D,GAC,1.82674068417549
E,GAG,1.47083221360842
F,TTC,0.729069479616483
G,GGG,0.838046917644143
G,GGC,1.57112774889469
H,CAC,2.04472976206938
I,ATC,1.07864639633497
K,AAG,0.742747039063772
L,CTC,1.544617298456036
L,TTG,0.499468177817265
N,AAC,1.61842541529338
P,CCG,1.431424677751466
P,CCC,0.829355561733246
Q,CAG,1.41645642768542
R,AGG,1.499175663999715
R,CGG,1.433547826880217
R,CGC,2.07407440431913
S,TCG,1.643523549791177
S,TCC,0.71894856000344
T,ACG,1.327271311726177
T,ACC,0.923721662863096
V,GTG,0.5043211384455359
V,GTC,1.36906623783906
Y,TAC,2.05304530057112
Z,AGC,1.85014395594597
