AA,Codon,Mean
A,GCG,0.155162932661175
A,GCC,0.0256850312667588
C,TGC,0.148635539005697
D,GAC,-0.0253575213278023
E,GAG,-0.0273571251203616
F,TTC,-0.158250428232551
G,GGG,0.349001188768943
G,GGC,0.303078394339482
H,CAC,-0.186733403734366
I,ATC,-0.0164127322318498
K,AAG,-0.174907734560967
L,CTG,0.204394391909242
L,CTC,0.059056910516073195
L,TTG,-0.136606522164742
N,AAC,-0.146130474290748
P,CCG,0.4451636658077442
P,CCC,0.421254079123338
Q,CAG,0.0420194507407645
R,AGG,0.630853125878175
R,CGG,-0.18884316199024498
R,CGC,0.428809716159105
S,TCG,0.058785925146938006
S,TCC,0.015782855622997
T,ACG,0.193080639794469
T,ACC,-0.0356405918440471
V,GTG,-0.059681417190036
V,GTC,0.0147017171191447
Y,TAC,-0.153095452862978
Z,AGC,0.0065711023484881
