AA,Codon,Mean
A,GCG,0.9221981262473365
A,GCC,0.810286967142423
C,TGC,0.312588470481833
D,GAC,0.677608157960574
E,GAG,0.238688546303908
F,TTC,0.54470207931598
G,GGG,0.7783390305091931
G,GGC,0.349532666770617
H,CAC,0.831404668668906
I,ATC,0.550922572636604
K,AAG,0.0994015589868029
L,CTG,-0.410217116506398
L,CTC,0.750549106065399
L,TTG,-0.192668242168427
N,AAC,0.40867158417503
P,CCG,0.616310104674101
P,CCC,0.790340134890874
Q,CAG,0.155758494048317
R,AGG,0.721270761295155
R,CGG,0.733731711996595
R,CGC,0.246528053151568
S,TCG,0.6539755020586461
S,TCC,0.74633177904288
T,ACG,0.8064820694645249
T,ACC,0.660238754789034
V,GTG,-0.41356052646637004
V,GTC,0.901224666059017
Y,TAC,0.544233132640521
Z,AGC,0.245214498796066
