AA,Codon,Mean
A,GCG,0.9363785946044971
A,GCC,0.763614549950759
C,TGC,0.417883609509468
D,GAC,0.578051427590847
E,GAG,0.139857325480878
F,TTC,0.475063345756133
G,GGG,0.901771519488096
G,GGC,0.550281474149227
H,CAC,0.653933140055339
I,ATC,0.553153650261958
K,AAG,0.0463057718154819
L,CTG,-0.39142665862292103
L,CTC,0.7636821502616009
L,TTG,-0.247264739309748
N,AAC,0.253993693038821
P,CCG,0.70984396811376
P,CCC,0.957694486546516
Q,CAG,0.0450638246436954
R,AGG,1.017047142327951
R,CGG,0.3210204789617121
R,CGC,0.456494310756524
S,TCG,0.580324432342499
S,TCC,0.727812196926276
T,ACG,0.881286671526233
T,ACC,0.575679559123516
V,GTG,-0.4555954781075319
V,GTC,0.860655684991678
Y,TAC,0.331867978219191
Z,AGC,0.271488397366802
