AA,Codon,Mean
A,GCG,1.287039866024256
A,GCC,-0.111752225724359
C,TGC,-0.020733994432729
D,GAC,0.25169361953338
E,GAG,0.193466568251451
F,TTC,0.110097559653223
G,GGG,0.17930048387746
G,GGC,-0.426594868322213
H,CAC,0.365376424243053
I,ATC,-0.0258319023478776
K,AAG,0.170403233329455
L,CTC,-0.009184252743422994
L,TTG,-0.871597216415405
N,AAC,0.257572769825657
P,CCG,0.09941221827069868
P,CCC,-0.0686411064736545
Q,CAG,-0.120303712559243
R,AGG,0.09986461493571608
R,CGG,-0.21179054336150493
R,CGC,-0.3026396764189
S,TCG,0.03095605336129699
S,TCC,-0.0385125564304268
T,ACG,0.21607957213645212
T,ACC,-0.0656323069324096
V,GTG,-1.256641453222434
V,GTC,0.14254755405734
Y,TAC,-0.0250230360451621
Z,AGC,0.0383924839699498
