AA,Codon,Mean
A,GCG,0.9509526148442781
A,GCC,-0.722859766662121
C,TGC,-0.0622765585472194
D,GAC,-0.113609644233187
E,GAG,-0.279483384337028
F,TTC,-0.177666556875408
G,GGG,-0.10391637826760602
G,GGC,-1.05154258350531
H,CAC,-0.0202452044983168
I,ATC,-0.475287907606363
K,AAG,-0.322862565686305
L,CTC,-0.349356778877974
L,TTG,-1.52307256818612
N,AAC,-0.257729771060745
P,CCG,-0.558557205936312
P,CCC,-0.604478742778301
Q,CAG,-0.753238169487317
R,AGG,-0.03570858849485703
R,CGG,-0.8670889388640739
R,CGC,-0.703328583717346
S,TCG,-0.866235073857506
S,TCC,-0.681026143562794
T,ACG,-0.509560102484126
T,ACC,-0.73818434223334
V,GTG,-1.985684788121782
V,GTC,-0.276777212659518
Y,TAC,-0.417780460900068
Z,AGC,-0.213933155228694
