AA,Codon,Mean
A,GCG,0.20333887089888192
A,GCC,0.120781999528905
C,TGC,0.209397763341665
D,GAC,-0.2068361796995
E,GAG,-0.183009246381124
F,TTC,-0.261304984114567
G,GGG,0.8005717374424111
G,GGC,0.49913312514623
H,CAC,-0.419465754276514
I,ATC,0.0133220421597786
K,AAG,-0.448064607210954
L,CTC,0.19838736658096295
L,TTG,-0.373676436519623
N,AAC,-0.393804082767169
P,CCG,0.9605772005523241
P,CCC,0.35319739039739
Q,CAG,0.243016292801499
R,AGG,0.857073625596364
R,CGG,-0.49626732691129005
R,CGC,0.638712848373254
S,TCG,-0.21508314241766902
S,TCC,0.0956999571964145
T,ACG,0.03561154945691397
T,ACC,-0.00202099733208956
V,GTG,-0.35564233144521695
V,GTC,0.0252191762715889
Y,TAC,-0.45502010534207
Z,AGC,-0.0272321992174108
