AA,Codon,Mean
A,GCG,-1.3332162339493965
A,GCC,-1.28036151161989
C,TGC,-0.947647586226463
D,GAC,-2.04961763002078
E,GAG,-1.12703840000629
F,TTC,-1.01335577404896
G,GGG,-0.601267260692517
G,GGC,-1.66325848508676
H,CAC,-1.81385827250481
I,ATC,-1.56476062618891
K,AAG,-1.25396675140858
L,CTC,-1.625674918460846
L,TTG,-1.94145831105709
N,AAC,-1.96673648265203
P,CCG,-1.280699503350254
P,CCC,-1.27642667728265
Q,CAG,-1.80765900724729
R,AGG,-0.04727787843942599
R,CGG,-1.2121926138972239
R,CGC,-1.42052701086998
S,TCG,-2.200168548740943
S,TCC,-1.4247800180912
T,ACG,-1.470994694184126
T,ACC,-1.60072827815215
V,GTG,-1.806570271144312
V,GTC,-1.47664067533811
Y,TAC,-1.9265723997434
Z,AGC,-1.3160560665369
