AA,Codon,Mean
A,GCG,2.4870767000336107
A,GCC,1.01612574388584
C,TGC,1.20388167714278
D,GAC,1.64777728335857
E,GAG,1.24192617301941
F,TTC,0.380649042503039
G,GGG,1.3960461235761659
G,GGC,1.90291623482704
H,CAC,1.30050917170048
I,ATC,1.12511682874759
K,AAG,0.401503783873717
L,CTC,1.332682432782645
L,TTG,0.391000226626794
N,AAC,1.20693214280605
P,CCG,2.605120162749294
P,CCC,1.28322248437405
Q,CAG,1.74021549081802
R,AGG,1.308322523570064
R,CGG,0.9293295815447961
R,CGC,1.85950884361267
S,TCG,1.791965754667543
S,TCC,0.974906759154797
T,ACG,1.8595097747921918
T,ACC,0.997962016224861
V,GTG,0.4273082432270001
V,GTC,1.24295034478505
Y,TAC,0.926630148200194
Z,AGC,1.07878008940617
