AA,Codon,Mean
A,GCG,1.5963516867210479
A,GCC,0.894624953985214
C,TGC,0.633897983249029
D,GAC,1.20777095592817
E,GAG,0.782682759018739
F,TTC,0.692852853182952
G,GGG,0.625552007338529
G,GGC,1.05489823699395
H,CAC,1.11096928637028
I,ATC,0.790573061505954
K,AAG,0.930616688732306
L,CTG,0.4609952899257289
L,CTC,0.81984212649266
L,TTG,-0.0996407250523567
N,AAC,0.669592693467935
P,CCG,1.3716140871465239
P,CCC,0.94183068942229
Q,CAG,0.803359895050526
R,AGG,0.915061518504226
R,CGG,0.4782132614249361
R,CGC,1.20236064531008
S,TCG,1.1931333369354409
S,TCC,0.698528419621785
T,ACG,1.148652739491065
T,ACC,0.84440645070076
V,GTG,-0.12164216091235402
V,GTC,1.41395838706493
Y,TAC,0.644387183507284
Z,AGC,0.741053240303199
