AA,Codon,Mean
A,GCG,0.16869868394533793
A,GCC,0.0733891929159562
C,TGC,0.715122693502903
D,GAC,-0.0766458083681762
E,GAG,0.61067126010259
F,TTC,-0.431730825263262
G,GGG,0.37834781746864987
G,GGC,0.598491162292163
H,CAC,-0.45060938933293
I,ATC,-0.063740600314488
K,AAG,-0.471551180573304
L,CTG,0.37894701303938993
L,CTC,0.39980706958174694
L,TTG,0.304023874654373
N,AAC,-0.527584733849764
P,CCG,0.7561337000370021
P,CCC,0.869392893616358
Q,CAG,0.720991502833366
R,AGG,1.025986221732696
R,CGG,0.42327381015619014
R,CGC,0.900240912131469
S,TCG,0.47122473983863994
S,TCC,-0.0012999764239867
T,ACG,0.39464062325954197
T,ACC,-0.0882388707722227
V,GTG,-0.997261567568777
V,GTC,-0.0274800710734101
Y,TAC,-0.476783231149117
Z,AGC,0.208260860045751
