AA,Codon,Mean
A,GCG,0.6957617800354898
A,GCC,0.1523958427459
C,TGC,0.0270003435133275
D,GAC,0.110050005418559
E,GAG,-0.741416231441498
F,TTC,-0.433484758532047
G,GGG,1.65796757239699
G,GGC,0.615933755628268
H,CAC,-0.236891002010306
I,ATC,-0.0573384906562666
K,AAG,-1.26356091745694
L,CTG,-0.5653694125861586
L,CTC,0.2319668775359761
L,TTG,-0.670240249721209
N,AAC,-0.582706838472684
P,CCG,0.5851848595698601
P,CCC,-0.00605710242728771
Q,CAG,-0.821260335071882
R,AGG,1.399558750934397
R,CGG,1.497386498804888
R,CGC,2.00063756991227
S,TCG,0.25011786224047006
S,TCC,0.156057000997663
T,ACG,0.87325084807873
T,ACC,0.118564508875211
V,GTG,-0.24405563419659604
V,GTC,0.160427887912591
Y,TAC,-0.539430867459377
Z,AGC,-0.135397171652317
