AA,Codon,Mean
A,GCG,-1.0088062103149789
A,GCC,-0.999300657407443
C,TGC,-0.371365735673904
D,GAC,-1.24407555755774
E,GAG,-0.70405069942077
F,TTC,-0.102793085983892
G,GGG,0.4893346731921031
G,GGC,-1.65244511054357
H,CAC,-0.712316245484352
I,ATC,-0.287523158832391
K,AAG,-0.661568212902546
L,CTG,-2.8906904971043303
L,CTC,-1.401021494670709
L,TTG,-2.1397519970417
N,AAC,-1.77327528212865
P,CCG,-1.353413177559773
P,CCC,-0.922484126051267
Q,CAG,-1.3256731118838
R,AGG,0.737330892920494
R,CGG,-0.39460712954203014
R,CGC,-1.56974022453626
S,TCG,-2.227466927134988
S,TCC,-0.629138706660271
T,ACG,-1.4467943485558021
T,ACC,-1.3668376448075
V,GTG,-3.29944120089213
V,GTC,-1.01186098270814
Y,TAC,-1.83565892759164
Z,AGC,-0.892975900499026
