AA,Codon,Mean
A,GCG,-0.3537190422424922
A,GCC,-0.267687523859739
C,TGC,0.0729367232639343
D,GAC,-0.576662720076243
E,GAG,-0.0930476570961376
F,TTC,0.110374318805337
G,GGG,0.29654976790348697
G,GGC,-0.869845239818096
H,CAC,-0.100044711459676
I,ATC,-0.0777271447139482
K,AAG,-0.00209352248379634
L,CTG,-1.553314708058039
L,CTC,-0.72993315089643
L,TTG,-1.71916290402412
N,AAC,-0.757978784163793
P,CCG,-0.5444379950438929
P,CCC,-0.127303818126023
Q,CAG,-0.431215360597769
R,AGG,0.371315271630883
R,CGG,-0.338470298409462
R,CGC,-1.03662864464919
S,TCG,-0.951021503560493
S,TCC,0.0207518966201869
T,ACG,-0.7027462405562379
T,ACC,-0.49306538469394
V,GTG,-2.045956714034083
V,GTC,-0.372959798842669
Y,TAC,-0.838136296510696
Z,AGC,-0.212600693108638
