AA,Codon,Mean
A,GCG,-0.255581466515859
A,GCC,-1.87772719171047
C,TGC,-0.589811388154825
D,GAC,-1.60930365463098
E,GAG,-0.792635671794415
F,TTC,-0.754687748384476
G,GGG,-0.4469472714662599
G,GGC,-2.17103271343708
H,CAC,-1.11001662648122
I,ATC,-1.31126360573769
K,AAG,-0.829848953191439
L,CTC,-1.61849978713393
L,TTG,-2.50220739339193
N,AAC,-1.40490000730356
P,CCG,-1.6554987267673
P,CCC,-1.60382271215916
Q,CAG,-1.96751126833757
R,AGG,0.5572031249145666
R,CGG,-1.2995132268210279
R,CGC,-1.50571778348287
S,TCG,-2.394823021411899
S,TCC,-1.45503581300577
T,ACG,-1.6184959985981802
T,ACC,-2.08737102684975
V,GTG,-1.4027613190174097
V,GTC,-1.10419805643559
Y,TAC,-2.04324857603709
Z,AGC,-1.0743402539889
