AA,Codon,Mean
A,GCG,2.013587275815007
A,GCC,1.83721717023849
C,TGC,1.25254415791035
D,GAC,1.86972611441612
E,GAG,1.43832849647999
F,TTC,0.585264519959688
G,GGG,1.23945430383682
G,GGC,2.69377829492887
H,CAC,1.51089047656059
I,ATC,1.42047128052711
K,AAG,0.824163185286522
L,CTC,1.892971568224832
L,TTG,1.85817247207959
N,AAC,1.46295575199922
P,CCG,2.79307113992274
P,CCC,2.01776085493565
Q,CAG,2.10733465403716
R,AGG,1.100729242480646
R,CGG,1.448490020930766
R,CGC,2.96344686398506
S,TCG,2.526897831553217
S,TCC,1.39570175771713
T,ACG,1.927950223374371
T,ACC,1.8232395922025
V,GTG,0.9121205505689001
V,GTC,1.47776598614057
Y,TAC,1.68941256357034
Z,AGC,1.50730249617894
