AA,Codon,Mean
A,GCG,0.370343883275984
A,GCC,-1.26899421141942
C,TGC,0.56702064498663
D,GAC,-1.25694211623669
E,GAG,0.540009637510777
F,TTC,-1.28547452118397
G,GGG,-0.070479864697439
G,GGC,-0.223108587522301
H,CAC,-1.29505870886644
I,ATC,-1.06772221022447
K,AAG,-0.691222371057669
L,CTC,-0.8560692949573189
L,TTG,-2.06829175643126
N,AAC,-1.80861958818436
P,CCG,0.28702299660333586
P,CCC,-0.465252559872468
Q,CAG,-0.604840325737
R,AGG,2.259180380145709
R,CGG,-1.342462926875549
R,CGC,0.638043427739541
S,TCG,-1.971555789788562
S,TCC,-0.96515048280557
T,ACG,-1.2799823530147099
T,ACC,-1.78509453155994
V,GTG,-1.7391544097204998
V,GTC,-0.650520251814524
Y,TAC,-2.3856849120299
Z,AGC,-0.425413518309593
