AA,Codon,Mean
A,GCG,-0.46704243700305603
A,GCC,-0.961814800147216
C,TGC,-0.726859004755815
D,GAC,-0.806604161902269
E,GAG,-1.2400812517643
F,TTC,-0.621482152601083
G,GGG,0.5079431824207299
G,GGC,-0.451610477107763
H,CAC,-1.05672644748688
I,ATC,-0.471364644463857
K,AAG,-1.43242753006617
L,CTG,-1.67759539564053
L,CTC,-0.6108320450623821
L,TTG,-1.3832764087677
N,AAC,-1.55260237392584
P,CCG,-0.914248985019823
P,CCC,-1.14303604764144
Q,CAG,-1.39337124785582
R,AGG,0.7747166447202369
R,CGG,0.372373898315425
R,CGC,-0.59724534774224
S,TCG,-1.41361566527883
S,TCC,-0.744223290526867
T,ACG,-0.581567574162285
T,ACC,-1.04869287061691
V,GTG,-1.279580567801064
V,GTC,-0.619238846333822
Y,TAC,-1.41974620866776
Z,AGC,-1.38771323004564
