AA,Codon,Mean
A,GCG,0.58967109010219
A,GCC,0.984631015849114
C,TGC,0.816159462964535
D,GAC,0.248967283033331
E,GAG,-0.524587227882942
F,TTC,0.0971716251579036
G,GGG,2.651312158842881
G,GGC,0.589282435633739
H,CAC,0.402310232796272
I,ATC,0.445540064283212
K,AAG,-0.910150804543495
L,CTG,-1.741708593149978
L,CTC,-0.0012824096194160028
L,TTG,-2.05744126460552
N,AAC,-0.823741029373805
P,CCG,0.21372603441875038
P,CCC,0.944693091110388
Q,CAG,-1.17497870608966
R,AGG,1.9352709697326
R,CGG,1.593047514796257
R,CGC,2.05457667524815
S,TCG,0.08103429883321
S,TCC,0.98798795392513294
T,ACG,0.3083057861487102
T,ACC,0.767109173468749
V,GTG,-1.7750094342730252
V,GTC,0.330240931291382
Y,TAC,-0.833232064223289
Z,AGC,0.646888315484921
