AA,Codon,Mean
A,GCG,0.704624583137039
A,GCC,1.46355078509649
C,TGC,1.17611595909595
D,GAC,0.622922872531414
E,GAG,0.669569481710593
F,TTC,0.705187244041761
G,GGG,1.097897882287701
G,GGC,0.475752609598637
H,CAC,1.09979244879882
I,ATC,0.686593838500977
K,AAG,0.756469328995546
L,CTG,-0.024745752012728994
L,CTC,0.18157790952523012
L,TTG,-0.570233517316977
N,AAC,0.541833734321594
P,CCG,0.7286448871394021
P,CCC,1.60823350713253
Q,CAG,0.309937156621615
R,AGG,0.592508393911518
R,CGG,0.355312316999832
R,CGC,1.1575425362428
S,TCG,0.9966159017230071
S,TCC,1.28907500607967
T,ACG,0.526289549650748
T,ACC,1.30523716893991
V,GTG,-0.5146028806340418
V,GTC,0.584399271160364
Y,TAC,0.40606016294062097
Z,AGC,1.54370031046867
