AA,Codon,Mean
A,GCG,1.66824743056893
A,GCC,1.39399024060567
C,TGC,1.12981764769554
D,GAC,1.46133357244333
E,GAG,0.732193619418144
F,TTC,0.586547897664706
G,GGG,0.929799350172281
G,GGC,1.38191536902587
H,CAC,1.56207292687893
I,ATC,0.909496143531799
K,AAG,0.462590523338318
L,CTG,0.10546693140665597
L,CTC,0.8488950078209269
L,TTG,0.192359168583155
N,AAC,1.2689744682312
P,CCG,1.539512989544868
P,CCC,1.06957454925776
Q,CAG,0.539958441634973
R,AGG,1.0858600757439958
R,CGG,0.527604785533249
R,CGC,1.48515696137746
S,TCG,1.345993828225136
S,TCC,1.15379250189463
T,ACG,1.361444181613127
T,ACC,1.34119841389656
V,GTG,0.15512773068472702
V,GTC,1.258037956206
Y,TAC,0.927161441326141
Z,AGC,1.24388833392461
