AA,Codon,Mean
A,GCG,0.2837201690713521
A,GCC,0.0547051847743491
C,TGC,0.425768503842751
D,GAC,-0.0898293178329865
E,GAG,0.534325425632795
F,TTC,-0.284464556800326
G,GGG,0.5094359123706769
G,GGC,0.336721022089322
H,CAC,-0.40037855596741
I,ATC,-0.125938993305465
K,AAG,-0.0390534143617998
L,CTG,0.34203592164516494
L,CTC,0.13542962650458001
L,TTG,0.405554993154605
N,AAC,-0.479159853825967
P,CCG,0.968227911031246
P,CCC,0.733614113020897
Q,CAG,0.776213903820515
R,AGG,0.9022477193156317
R,CGG,0.9502592948595703
R,CGC,0.520377035450935
S,TCG,0.658013513120015
S,TCC,-0.0218091986506755
T,ACG,0.6979907275716439
T,ACC,-0.121850636038184
V,GTG,0.19939590852260392
V,GTC,-0.0466566100560129
Y,TAC,-0.380553811935584
Z,AGC,0.0163619297988859
