AA,Codon,Mean
A,GCG,2.149000423134864
A,GCC,1.57686750224431
C,TGC,1.88559413701693
D,GAC,1.9252325660785
E,GAG,1.57694272340933
F,TTC,0.504532156991959
G,GGG,1.3617710988481861
G,GGC,2.25485714467367
H,CAC,1.84582959791819
I,ATC,1.09321673219204
K,AAG,0.721104503532251
L,CTG,0.5345065883159601
L,CTC,1.209789289861915
L,TTG,0.836044935798645
N,AAC,1.39246577492555
P,CCG,2.505424424976109
P,CCC,1.87355175231298
Q,CAG,1.49083552568754
R,AGG,2.152389534457527
R,CGG,0.9368127055724402
R,CGC,2.57848902947108
S,TCG,2.013701366531849
S,TCC,1.53121157969634
T,ACG,2.105097115082125
T,ACC,1.64842005217075
V,GTG,0.581680689521628
V,GTC,1.41745166097482
Y,TAC,1.09947920701504
Z,AGC,1.85325608623028
