AA,Codon,Mean
A,GCG,-0.192347434677681
A,GCC,-0.016606501962978
C,TGC,-0.206744265232484
D,GAC,-0.16830151746273
E,GAG,-0.26011117849946
F,TTC,-0.395960596883297
G,GGG,0.3596900011956701
G,GGC,0.132883747064074
H,CAC,-0.363148088645935
I,ATC,-0.165661341611544
K,AAG,-0.545659797437986
L,CTG,-0.4749090345058411
L,CTC,-0.163032382319371
L,TTG,-0.522710323238373
N,AAC,-0.385459900089105
P,CCG,0.010547997154791988
P,CCC,-0.104108769205709
Q,CAG,-0.303610155586402
R,AGG,0.287043128630519
R,CGG,-0.03419370961189294
R,CGC,0.116606105084717
S,TCG,-0.27064906276365097
S,TCC,-0.138644687968989
T,ACG,-0.30666598001519896
T,ACC,-0.105550503374636
V,GTG,-0.387187326891223
V,GTC,-0.108461977124214
Y,TAC,-0.402029455161095
Z,AGC,-0.232534751060605
