AA,Codon,Mean
A,GCG,0.27142651828527503
A,GCC,-0.335410816170772
C,TGC,-0.511038170480728
D,GAC,0.224121401617924
E,GAG,0.812360216462612
F,TTC,1.07787594956557
G,GGG,0.3592091636216964
G,GGC,-0.608713014276822
H,CAC,0.794719987316926
I,ATC,0.503656261028846
K,AAG,0.194585693217317
L,CTG,-0.884056589667005
L,CTC,0.67841403664748
L,TTG,-0.315832654384772
N,AAC,0.160869889554381
P,CCG,-0.318479940986634
P,CCC,0.456647693963846
Q,CAG,0.669097456467152
R,AGG,-0.49989701915780704
R,CGG,-0.13853337705930513
R,CGC,-0.538453068415324
S,TCG,0.3357602518121401
S,TCC,0.232400151067972
T,ACG,-0.437751889367898
T,ACC,-0.270753101230661
V,GTG,-1.0398986693541201
V,GTC,0.335296973325809
Y,TAC,0.219223995517691
Z,AGC,-0.00960033934616825
