AA,Codon,Mean
A,GCG,0.7926816691398619
A,GCC,0.498816437792778
C,TGC,0.134716621466478
D,GAC,0.788663814254602
E,GAG,0.942735501738389
F,TTC,1.47565314208666
G,GGG,0.799635391444961
G,GGC,0.0475547579021504
H,CAC,1.15283924189409
I,ATC,1.09933683288892
K,AAG,0.609936062637965
L,CTG,0.0046079418857890575
L,CTC,1.451041042459013
L,TTG,0.21312398946782
N,AAC,0.813527482501666
P,CCG,0.4166187984883563
P,CCC,1.10567166850567
Q,CAG,0.804296306276321
R,AGG,0.33720553694168703
R,CGG,0.604783035139243
R,CGC,0.164627717112005
S,TCG,0.82051831313173
S,TCC,0.995712501847744
T,ACG,0.43163609372774703
T,ACC,0.586017148244381
V,GTG,-0.153001298880577
V,GTC,0.965973288925489
Y,TAC,0.865200952092806
Z,AGC,0.456906920681397
