AA,Codon,Mean
A,GCG,1.2664605214814348
A,GCC,0.549080789196491
C,TGC,0.153620800162852
D,GAC,0.37410637285312
E,GAG,0.226707429382205
F,TTC,0.151036737899979
G,GGG,0.40162634644707
G,GGC,0.16361710922569
H,CAC,0.627306028723717
I,ATC,0.244278084334731
K,AAG,0.265311363193393
L,CTC,0.399116051961978
L,TTG,-0.528439148922761
N,AAC,0.304531952569882
P,CCG,0.6684337473950035
P,CCC,0.500366788272063
Q,CAG,0.255715884889166
R,AGG,0.43087346268494997
R,CGG,0.5615386948760838
R,CGC,0.370919648194313
S,TCG,0.375334650372465
S,TCC,0.568415794789791
T,ACG,0.591749811895689
T,ACC,0.429698473960161
V,GTG,-0.2409742301291785
V,GTC,0.514549734012286
Y,TAC,0.138560723161201
Z,AGC,0.153481574652096
