AA,Codon,Mean
A,GCG,0.12864901024103204
A,GCC,0.1224205750073
C,TGC,0.34213184637626
D,GAC,-0.0130032037130504
E,GAG,0.10978496483167
F,TTC,-0.156602666093906
G,GGG,0.41510564017097096
G,GGC,0.50098305529356
H,CAC,-0.193212970851858
I,ATC,0.00178238985317466
K,AAG,-0.229083789430062
L,CTC,0.140918411956231
L,TTG,-0.0629359171201785
N,AAC,-0.166339401348432
P,CCG,1.073744443550706
P,CCC,0.342077527165413
Q,CAG,0.33208490511775
R,AGG,0.48111981146158955
R,CGG,0.10558046708107005
R,CGC,0.724705754216512
S,TCG,0.18191135718027798
S,TCC,0.0404301914406319
T,ACG,0.235110328970353
T,ACC,-0.00326587651585317
V,GTG,-0.07813515239556601
V,GTC,0.00425543841949027
Y,TAC,-0.187351585632563
Z,AGC,0.120492628690104
