AA,Codon,Mean
A,GCG,0.770998034929236
A,GCC,-0.120410866474609
C,TGC,-0.371676970032851
D,GAC,-0.402704401747386
E,GAG,-0.225121312347054
F,TTC,-0.0814651556541522
G,GGG,-0.043896373460689975
G,GGC,-0.574564586512248
H,CAC,-0.134603087028364
I,ATC,-0.220753478549918
K,AAG,-0.146130383989712
L,CTC,-0.09024179716905001
L,TTG,-1.24933739664555
N,AAC,-0.453940711381038
P,CCG,0.14308560499461928
P,CCC,-0.108767911261941
Q,CAG,-0.366465236314138
R,AGG,0.37074828398227
R,CGG,-0.13674563135306095
R,CGC,-0.255061885819336
S,TCG,-0.4570860690601698
S,TCC,0.0737690276884784
T,ACG,0.04825036945641101
T,ACC,-0.277529111920794
V,GTG,-0.9547657103101419
V,GTC,0.115016430624326
Y,TAC,-0.643249524247646
Z,AGC,-0.520440736148755
