AA,Codon,Mean
A,GCG,1.24408411681652
A,GCC,0.769786560356617
C,TGC,0.549455437006553
D,GAC,-0.0761731261108071
E,GAG,1.08969651172161
F,TTC,-0.303773801326752
G,GGG,0.41094294176102
G,GGC,1.96783573430379
H,CAC,-0.226996710854769
I,ATC,0.676821954969565
K,AAG,-0.694725168498357
L,CTC,1.018630892352263
L,TTG,0.0373195745731436
N,AAC,-0.00808874514776438
P,CCG,2.756579296976326
P,CCC,1.33207645133336
Q,CAG,1.48768574775855
R,AGG,1.264046073373156
R,CGG,0.8774197643121098
R,CGC,2.20932883658409
S,TCG,0.8294897853771901
S,TCC,0.442522845119238
T,ACG,1.3269087593237598
T,ACC,0.645689436606566
V,GTG,0.66988464354674
V,GTC,0.410840947729349
Y,TAC,-0.134074889858812
Z,AGC,0.759307719639937
