AA,Codon,Mean
A,GCG,0.13309817620119002
A,GCC,-0.675503307966391
C,TGC,0.388647330905
D,GAC,0.423919223393997
E,GAG,-0.329941762683789
F,TTC,0.612524867248535
G,GGG,0.43575431034565404
G,GGC,-1.4309032024463
H,CAC,0.3466358545204
I,ATC,-0.598894218103091
K,AAG,0.323653890989224
L,CTC,-0.5177420374181431
L,TTG,-0.962262261184057
N,AAC,-0.208777030995488
P,CCG,-1.4277813865050062
P,CCC,-0.83660730997324
Q,CAG,-1.31504786967436
R,AGG,0.3708329554676999
R,CGG,-0.9774510868390419
R,CGC,-1.11499133376678
S,TCG,-0.72598155237834
S,TCC,-0.28101137008965
T,ACG,-0.7660651661395999
T,ACC,-0.831926667491595
V,GTG,-1.28439159385959
V,GTC,-0.0459964710626574
Y,TAC,-0.23029654203256
Z,AGC,-0.356208691428105
