AA,Codon,Mean
A,GCG,0.671867492569487
A,GCC,-0.158173693479598
C,TGC,-4.222024264011e-4
D,GAC,0.101379866583149
E,GAG,-0.470397070040305
F,TTC,-0.654018221203486
G,GGG,0.45699549460435895
G,GGC,-0.189098683353265
H,CAC,-0.171586131390433
I,ATC,-0.558901434751352
K,AAG,-0.981993942598502
L,CTG,-1.012435993330677
L,CTC,-0.528808804252247
L,TTG,-1.59962045667171
N,AAC,-0.590630971252918
P,CCG,0.768890811635802
P,CCC,-0.108462675056979
Q,CAG,-0.221372015828888
R,AGG,0.395896839249132
R,CGG,0.056518364873110016
R,CGC,-0.396513628695409
S,TCG,0.5551903785053642
S,TCC,-0.177645188093185
T,ACG,0.312323923987151
T,ACC,0.0626425742885719
V,GTG,-1.4376243687172692
V,GTC,-0.0858516084862252
Y,TAC,-0.55888680485487
Z,AGC,-0.16167536479185
