AA,Codon,Mean
A,GCG,0.429520607388018
A,GCC,0.0298248377648493
C,TGC,0.25619915527006
D,GAC,-0.402184225902955
E,GAG,-0.752470374528567
F,TTC,-0.342797061723471
G,GGG,1.1985480903665189
G,GGC,0.397587918365002
H,CAC,-0.683266448136171
I,ATC,-0.0777247009138266
K,AAG,-0.938539796296755
L,CTG,-0.928377595976987
L,CTC,-0.13578372382521603
L,TTG,-1.2328946236372
N,AAC,-0.785963335514069
P,CCG,0.915284139450392
P,CCC,1.16495362908045
Q,CAG,-1.02532370482286
R,AGG,1.537095940891216
R,CGG,0.5175593128204401
R,CGC,0.684514251144727
S,TCG,-0.24752738827864407
S,TCC,-0.0820318245929976
T,ACG,0.300624800014495
T,ACC,-0.162192080541452
V,GTG,-1.070951566227272
V,GTC,-0.0681895956940949
Y,TAC,-0.698582032791773
Z,AGC,-0.00589903299593087
