AA,Codon,Mean
A,GCG,-0.13149371274113597
A,GCC,0.0778626261388262
C,TGC,0.382196548750003
D,GAC,-0.0555341416435937
E,GAG,-0.0819081825323403
F,TTC,-0.181722081425786
G,GGG,0.48971734340091605
G,GGC,0.482297774851322
H,CAC,-0.209200413301587
I,ATC,0.00112357085061105
K,AAG,-0.335193556735913
L,CTC,0.160590219636759
L,TTG,-0.309427863202492
N,AAC,-0.247581266268094
P,CCG,0.6718345689427803
P,CCC,0.161973434356352
Q,CAG,0.176336670139432
R,AGG,0.6376926916182051
R,CGG,-0.5308714437047629
R,CGC,0.642940169588725
S,TCG,-0.215056768114368
S,TCC,0.0327516109652817
T,ACG,-0.015280549502373009
T,ACC,-0.00297919503777881
V,GTG,-0.27698451658984
V,GTC,0.0143206075454517
Y,TAC,-0.265028809562325
Z,AGC,0.147327501236896
