AA,Codon,Mean
A,GCG,0.329909484489759
A,GCC,-0.885389376934369
C,TGC,-0.532887296839555
D,GAC,-0.882963855433464
E,GAG,-0.0608113010710726
F,TTC,0.0185551154026291
G,GGG,0.00575187507073005
G,GGC,-1.34849060266813
H,CAC,-0.566196393148104
I,ATC,-0.446100718589624
K,AAG,-0.170004983715713
L,CTC,-0.5492520541092972
L,TTG,-2.23558566907247
N,AAC,-0.655689303847154
P,CCG,-0.9180578266660401
P,CCC,-0.930058130979538
Q,CAG,-0.724251032630603
R,AGG,0.5441011927054947
R,CGG,-0.336518880677222
R,CGC,-1.07667060552041
S,TCG,-1.502970668651662
S,TCC,-0.686249349049727
T,ACG,-0.474535336432855
T,ACC,-1.28598609780471
V,GTG,-1.7317883853077851
V,GTC,-0.115130539180338
Y,TAC,-0.907905516636372
Z,AGC,-0.792830123547713
