AA,Codon,Mean
A,GCG,1.12118175530831
A,GCC,-0.0849482368675371
C,TGC,-0.118153612179061
D,GAC,-0.0665105773781737
E,GAG,0.338902810009321
F,TTC,0.17110231021146
G,GGG,0.589823927671214
G,GGC,-0.343287388896942
H,CAC,0.15927876945883
I,ATC,0.0566206121546527
K,AAG,0.0506924667835856
L,CTC,0.050934719743332024
L,TTG,-1.1328696761926
N,AAC,-0.0216960021356533
P,CCG,0.2542310251410429
P,CCC,-0.034145002456598
Q,CAG,0.0191400994284298
R,AGG,0.5168391775362993
R,CGG,0.4499885901272299
R,CGC,-0.214439061052601
S,TCG,-0.1907707210421326
S,TCC,0.00545425054753464
T,ACG,0.313787440953156
T,ACC,-0.343269400497278
V,GTG,-0.734802413483461
V,GTC,0.310884798612197
Y,TAC,-0.216637603997191
Z,AGC,-0.20433116688927
