AA,Codon,Mean
A,GCG,1.2749404683669399
A,GCC,0.227797942998012
C,TGC,0.228397444952528
D,GAC,0.125467316779991
E,GAG,0.365554425261418
F,TTC,-0.57560249534448
G,GGG,1.77957249796391
G,GGC,0.842551728200913
H,CAC,-0.326367394127448
I,ATC,0.0257449433224577
K,AAG,-0.299270250475407
L,CTG,0.3813645296692809
L,CTC,0.21519902807275498
L,TTG,-0.369052376645803
N,AAC,-0.240373883703351
P,CCG,1.06170811279218
P,CCC,0.0689692760366946
Q,CAG,0.886951814325651
R,AGG,1.610066536072892
R,CGG,1.49732212028504
R,CGC,0.964519403676192
S,TCG,0.7250217095812119
S,TCC,0.0792357090095679
T,ACG,1.29451578005949
T,ACC,0.0425364847405193
V,GTG,0.6889877208232911
V,GTC,-0.0329416473671425
Y,TAC,-0.425939705079794
Z,AGC,0.018853639606365
