AA,Codon,Mean
A,GCG,-0.6712227327505739
A,GCC,-0.052974870980725
C,TGC,-0.387346664299568
D,GAC,-0.538988962692022
E,GAG,-0.269986374048392
F,TTC,0.487897570002079
G,GGG,-0.4623035028179501
G,GGC,-1.18284576523304
H,CAC,0.159817793746789
I,ATC,0.0200111656729422
K,AAG,-0.0779376720068355
L,CTG,-1.283877612145742
L,CTC,-0.8119230662838864
L,TTG,-0.843216892000039
N,AAC,-0.335207920293013
P,CCG,-0.43199450528621497
P,CCC,0.120920809359352
Q,CAG,-1.0219508580327
R,AGG,-0.01865840284030007
R,CGG,-0.5221236043850499
R,CGC,-1.09650447977384
S,TCG,-0.702278049788872
S,TCC,0.113987284650902
T,ACG,-1.0303642625133231
T,ACC,-0.102811635241782
V,GTG,-1.0412383595243082
V,GTC,-0.245788170473774
Y,TAC,0.0388108690047887
Z,AGC,-0.524762504504124
