AA,Codon,Mean
A,GCG,-0.018705739589532033
A,GCC,0.675053177972635
C,TGC,0.128469431916748
D,GAC,0.357101511689027
E,GAG,0.226686760529876
F,TTC,0.913039168155193
G,GGG,-0.1220743535995501
G,GGC,-0.473379034493367
H,CAC,0.865767006071409
I,ATC,0.565022959812482
K,AAG,0.384942746732632
L,CTG,-0.685747908591231
L,CTC,0.158071006770929
L,TTG,-0.22147757041355
N,AAC,0.493164490588506
P,CCG,0.246250190858047
P,CCC,0.903960977907975
Q,CAG,-0.447150415110588
R,AGG,-3.3523008028013557e-4
R,CGG,-0.10906567074458007
R,CGC,-0.498607039999962
S,TCG,0.06888659253021101
S,TCC,0.886229945818583
T,ACG,-0.30690612853368204
T,ACC,0.731344431698322
V,GTG,-0.5663937100284534
V,GTC,0.613460747011503
Y,TAC,0.774147131872177
Z,AGC,0.139873474707206
