AA,Codon,Mean
A,GCG,0.797807518729071
A,GCC,0.738503786377112
C,TGC,0.375831625552972
D,GAC,1.01606175690095
E,GAG,0.488820857872566
F,TTC,0.721457206559181
G,GGG,0.15381109494566902
G,GGC,0.487916383773088
H,CAC,0.982964904836814
I,ATC,0.785992079301675
K,AAG,0.26347705818216
L,CTG,8.231802185398873e-5
L,CTC,0.7493680628955381
L,TTG,0.109634785006444
N,AAC,0.715530577901999
P,CCG,0.4617997284273192
P,CCC,0.690791985758146
Q,CAG,0.126895086417099
R,AGG,0.09578582539161096
R,CGG,0.17449967768080019
R,CGC,0.458869983530045
S,TCG,0.559783933647483
S,TCC,0.73478980717659
T,ACG,0.6076618852873641
T,ACC,0.650925757543246
V,GTG,0.019967100199064003
V,GTC,1.05725792928537
Y,TAC,0.686482604161898
Z,AGC,0.445186905147632
