AA,Codon,Mean
A,GCG,0.22396055282751698
A,GCC,0.0672658739238977
C,TGC,0.238945377306143
D,GAC,-0.104113499017557
E,GAG,0.159470599700014
F,TTC,-0.16189227425009
G,GGG,0.31293791021506
G,GGC,0.318623613959551
H,CAC,-0.189843393570185
I,ATC,-0.0348723963819755
K,AAG,-0.146934158676366
L,CTG,0.47026248608628995
L,CTC,0.06961110467513398
L,TTG,-0.134001437444985
N,AAC,-0.195441811162233
P,CCG,0.762616628156105
P,CCC,0.26514547487994
Q,CAG,0.281443601080775
R,AGG,0.424074612918496
R,CGG,-0.05401654734611505
R,CGC,0.522318553946416
S,TCG,0.210027257011334
S,TCC,3.7470084356064e-4
T,ACG,0.20387858282724997
T,ACC,-0.0300183424848304
V,GTG,0.03244533628424001
V,GTC,-0.0395584885191793
Y,TAC,-0.16833536028266
Z,AGC,0.0416802620902826
