AA,Codon,Mean
A,GCG,-0.059084256507456995
A,GCC,0.585549933719635
C,TGC,0.377912022753557
D,GAC,0.804016210699081
E,GAG,-0.247353267234564
F,TTC,0.677464956653118
G,GGG,-0.599084963908791
G,GGC,0.327172257049878
H,CAC,0.733519556347529
I,ATC,0.620482906456788
K,AAG,-0.356728056832155
L,CTG,-0.6152099155962439
L,CTC,0.6986906549374301
L,TTG,-0.545842889163891
N,AAC,0.527161280016104
P,CCG,-0.230896046272166
P,CCC,0.504713305807114
Q,CAG,-0.554265868588289
R,AGG,-0.2953363970776399
R,CGG,-0.771883307270954
R,CGC,0.349247021409869
S,TCG,-0.29800461862507727
S,TCC,0.681689049677054
T,ACG,-0.2180749755511935
T,ACC,0.569438782391946
V,GTG,-0.686264201563597
V,GTC,1.02347189517021
Y,TAC,0.486258751112223
Z,AGC,0.409125705909729
