AA,Codon,Mean
A,GCG,0.189102322606246
A,GCC,0.106771178872387
C,TGC,0.1772798182259
D,GAC,-0.184898115976652
E,GAG,-0.145968072250485
F,TTC,-0.204430509090424
G,GGG,0.661579747013251
G,GGC,0.38067702156504
H,CAC,-0.343201903861761
I,ATC,0.00776405909725612
K,AAG,-0.364171092092991
L,CTC,0.160501939700047
L,TTG,-0.311671841015418
N,AAC,-0.319982916065057
P,CCG,0.8453405306108299
P,CCC,0.301832457991441
Q,CAG,0.195590727261702
R,AGG,0.687973662062486
R,CGG,-0.45068651709159113
R,CGC,0.522134382375081
S,TCG,-0.15383115226725697
S,TCC,0.0611952309052149
T,ACG,0.112265147858858
T,ACC,-0.0218219076185487
V,GTG,-0.3320612319250901
V,GTC,0.00810679376570411
Y,TAC,-0.363649640113115
Z,AGC,-0.0705889400590211
