AA,Codon,Mean
A,GCG,1.024076971268157
A,GCC,-0.59198665984869
C,TGC,-0.0242847836699961
D,GAC,-0.00613862096036426
E,GAG,-0.222476148597399
F,TTC,-0.148975093332926
G,GGG,0.108709159382184
G,GGC,-0.729968531362216
H,CAC,0.00861922543789869
I,ATC,-0.323454507593314
K,AAG,-0.263857423684994
L,CTC,-0.24247527621984494
L,TTG,-1.34461256478628
N,AAC,-0.189418785292904
P,CCG,-0.36534945627873106
P,CCC,-0.464902885435025
Q,CAG,-0.668303692861398
R,AGG,0.11649697017173
R,CGG,-0.795658641582728
R,CGC,-0.527343186841408
S,TCG,-0.7027060751736169
S,TCC,-0.509583587270975
T,ACG,-0.41082550124474077
T,ACC,-0.561789069422086
V,GTG,-1.643667107808594
V,GTC,-0.146726463864247
Y,TAC,-0.363482354348898
Z,AGC,-0.044753112693602
