AA,Codon,Mean
A,GCG,1.3902865063150731
A,GCC,0.0494022368936489
C,TGC,0.0208830282807668
D,GAC,0.308555087588231
E,GAG,0.23996532167395
F,TTC,0.124942931202551
G,GGG,0.28795850445106647
G,GGC,-0.231672104515632
H,CAC,0.386807502333323
I,ATC,0.0474947213174154
K,AAG,0.198435592501362
L,CTC,0.04562861733088899
L,TTG,-0.743913461768627
N,AAC,0.3099199462533
P,CCG,0.202182876957953
P,CCC,0.0661889147934814
Q,CAG,-0.0506521160366014
R,AGG,0.17763828316330904
R,CGG,-0.1467630188186959
R,CGC,-0.223429042853912
S,TCG,0.14587937368353202
S,TCC,0.074946630350252
T,ACG,0.268199833006101
T,ACC,0.0689795473024249
V,GTG,-1.020342574934164
V,GTC,0.258206954438488
Y,TAC,0.0273700262942136
Z,AGC,0.0959391131415963
