AA,Codon,Mean
A,GCG,1.486408258057629
A,GCC,1.14466803007126
C,TGC,0.665877723046144
D,GAC,1.47094237104257
E,GAG,0.9641330250144
F,TTC,0.880547341088454
G,GGG,0.785360921117167
G,GGC,0.979982726987203
H,CAC,1.47010946408113
I,ATC,1.1454786640962
K,AAG,0.848089957757791
L,CTG,0.7179765584270109
L,CTC,1.05854453654289
L,TTG,0.462753650250038
N,AAC,1.24945155595938
P,CCG,1.4378829106214326
P,CCC,0.936988962856928
Q,CAG,0.768731197384993
R,AGG,1.177648235327002
R,CGG,0.8698655380934479
R,CGC,1.31377133422693
S,TCG,1.260227999651432
S,TCC,0.947229432102044
T,ACG,1.1115418186882196
T,ACC,1.12420631085237
V,GTG,-0.006364723277090034
V,GTC,1.57074189050992
Y,TAC,1.20051488251686
Z,AGC,1.01481972357829
