AA,Codon,Mean
A,GCG,0.22252627372344402
A,GCC,0.097139743976295
C,TGC,0.582124178129435
D,GAC,-0.0360884690035135
E,GAG,0.483132407957315
F,TTC,-0.423610263214509
G,GGG,0.30543744757175983
G,GGC,0.618209399906794
H,CAC,-0.253075346496701
I,ATC,-0.0813455641279618
K,AAG,-0.286701920344432
L,CTG,-0.09484182424843299
L,CTC,0.32003398098548297
L,TTG,0.268257520807783
N,AAC,-0.387789712929726
P,CCG,0.731448765420913
P,CCC,0.89072502963145594
Q,CAG,0.609703638712565
R,AGG,1.10797059938709
R,CGG,0.3690870944976803
R,CGC,0.897331335866451
S,TCG,0.322941964908441
S,TCC,0.0148526733642459
T,ACG,0.43816135958830404
T,ACC,-0.0242892320773448
V,GTG,-0.911084731201334
V,GTC,-0.069508335296313
Y,TAC,-0.36559533187747
Z,AGC,0.170077895160516
