AA,Codon,Mean
A,GCG,1.33942935373187
A,GCC,0.460732390662034
C,TGC,0.773161888647079
D,GAC,1.02691364163955
E,GAG,0.746205374781291
F,TTC,0.825256110187372
G,GGG,0.787339830464125
G,GGC,0.659631525174777
H,CAC,1.20157547878424
I,ATC,0.823685879488786
K,AAG,0.669394430545966
L,CTG,0.39994808599551496
L,CTC,0.816461018657684
L,TTG,0.375075413531065
N,AAC,1.12570050202211
P,CCG,1.0222582200337202
P,CCC,0.749116876109441
Q,CAG,0.721787167978287
R,AGG,0.757148401971663
R,CGG,0.9423670816083749
R,CGC,0.836786196053028
S,TCG,0.9803949865082899
S,TCC,0.688686329273383
T,ACG,1.151080826118589
T,ACC,0.744497432351112
V,GTG,0.4466668812631316
V,GTC,0.786840875597795
Y,TAC,1.06780570654074
Z,AGC,0.831861599024137
