AA,Codon,Mean
A,GCG,-0.15308339542349197
A,GCC,-0.0516941106985013
C,TGC,0.129483665708204
D,GAC,-0.420888581091166
E,GAG,0.048918299778426703
F,TTC,-0.637348633623123
G,GGG,-0.29647104750474296
G,GGC,0.182971325950821
H,CAC,-0.507902604128917
I,ATC,-0.375630879187584
K,AAG,-0.477878348670403
L,CTG,-0.24860253227651202
L,CTC,-0.35248989463051106
L,TTG,-0.258690382600824
N,AAC,-0.664686287236214
P,CCG,0.4026276888951663
P,CCC,0.0250012631277106
Q,CAG,0.177845488802592
R,AGG,0.4804026872913046
R,CGG,-0.46351774609089
R,CGC,0.287862066500386
S,TCG,-0.372791406716406
S,TCC,-0.196049340329568
T,ACG,-0.3341730410364375
T,ACC,-0.257946935894092
V,GTG,-0.481246671794852
V,GTC,-0.322230992480119
Y,TAC,-0.603284713566303
Z,AGC,-0.29752989842395
