AA,Codon,Mean
A,GCG,1.677148492705819
A,GCC,0.679148660798868
C,TGC,1.09927296479543
D,GAC,1.34723619236946
E,GAG,0.963529374277592
F,TTC,0.970707586288452
G,GGG,0.9099693796181282
G,GGC,1.27153070118427
H,CAC,1.45129023870627
I,ATC,1.1251148399353
K,AAG,0.772287932217121
L,CTG,0.7430667267521258
L,CTC,1.176963636819523
L,TTG,0.497419927610954
N,AAC,1.32857710438569
P,CCG,1.391967933622004
P,CCC,0.974325621294975
Q,CAG,1.00326688967546
R,AGG,0.9884050143539929
R,CGG,1.1875461195655765
R,CGC,1.43812148112456
S,TCG,1.25024713435272
S,TCC,0.875185304486752
T,ACG,1.407498153023917
T,ACC,0.90648627948761
V,GTG,0.6063847089595267
V,GTC,1.06912340213458
Y,TAC,1.26325951670806
Z,AGC,1.18513481128216
