AA,Codon,Mean
A,GCG,0.767394751703491
A,GCC,1.66229780849616
C,TGC,0.879338659902414
D,GAC,1.52108149766127
E,GAG,0.521980600961049
F,TTC,1.86378333179951
G,GGG,0.45436205381751305
G,GGC,0.878815192083518
H,CAC,1.60011513067881
I,ATC,1.67628245104154
K,AAG,0.922838605896632
L,CTG,0.026372555987040025
L,CTC,1.60243376732071
L,TTG,0.427660401576757
N,AAC,1.57038656586011
P,CCG,1.07428719154795
P,CCC,1.92123210455577
Q,CAG,0.297568750401338
R,AGG,0.41616000866492
R,CGG,0.30373842492898007
R,CGC,0.639969269653161
S,TCG,1.208755002979437
S,TCC,1.88224792996248
T,ACG,0.4454996134483632
T,ACC,1.82715411464373
V,GTG,-0.10800180549124899
V,GTC,1.85097557844321
Y,TAC,1.53911166808605
Z,AGC,1.32625849111875
