AA,Codon,Mean
A,GCG,1.324645247164372
A,GCC,1.75613390796979
C,TGC,1.15904378211896
D,GAC,1.49808971900145
E,GAG,0.615426053678989
F,TTC,1.38011425661246
G,GGG,1.2744548760774368
G,GGC,1.44600400877794
H,CAC,1.16953475281795
I,ATC,1.64055515524546
K,AAG,0.311971706641714
L,CTG,-0.09706763544877006
L,CTC,1.645535797172784
L,TTG,0.00456139662282527
N,AAC,1.24161280941168
P,CCG,1.6864594760527218
P,CCC,1.79157955248356
Q,CAG,0.934195165296396
R,AGG,1.539244546958808
R,CGG,0.8836840093214764
R,CGC,1.44803816893101
S,TCG,1.4280656135171554
S,TCC,1.891115751791
T,ACG,0.951731647845108
T,ACC,1.71500439138412
V,GTG,0.10395998381772986
V,GTC,1.75631850432555
Y,TAC,1.04546458177567
Z,AGC,1.38757115128835
