AA,Codon,Mean
A,GCG,0.780994276503717
A,GCC,-0.389450393929084
C,TGC,-0.307091714935501
D,GAC,-0.688226670900981
E,GAG,0.526210773468018
F,TTC,-1.0655454401652
G,GGG,1.1934108514269157
G,GGC,-0.0499775697823146
H,CAC,-0.839824453202883
I,ATC,-0.702609061857065
K,AAG,-0.204293640068173
L,CTG,0.15768879254992588
L,CTC,-0.7810363117635302
L,TTG,-0.519993983431657
N,AAC,-0.947196901086966
P,CCG,0.405063149086633
P,CCC,-0.601127627871434
Q,CAG,0.535305692557494
R,AGG,1.297286535622676
R,CGG,0.936266355745
R,CGC,0.145370195839802
S,TCG,0.10392478254238702
S,TCC,-0.562129511682192
T,ACG,0.954958183471365
T,ACC,-0.602538669312
V,GTG,0.421326499027014
V,GTC,-0.833828314272563
Y,TAC,-1.11309632384777
Z,AGC,-0.678883321324984
