AA,Codon,Mean
A,GCG,0.13991394660075496
A,GCC,0.0712262877938648
C,TGC,0.207284886712829
D,GAC,-0.254259090627233
E,GAG,-0.245426862173279
F,TTC,-0.302015420351426
G,GGG,0.7487725847840351
G,GGC,0.435064192531506
H,CAC,-0.486521113590399
I,ATC,-0.0331754662750289
K,AAG,-0.530679917971293
L,CTC,0.1357532821953299
L,TTG,-0.482363473321994
N,AAC,-0.477050121925275
P,CCG,0.8305223313476893
P,CCC,0.272821333579222
Q,CAG,0.163945339772105
R,AGG,0.860170859922966
R,CGG,-0.6964936446189911
R,CGC,0.537955569308996
S,TCG,-0.368588663327694
S,TCC,0.0329887488233546
T,ACG,-0.088537521354358
T,ACC,-0.0660924816486736
V,GTG,-0.48600329749484894
V,GTC,-0.0145402375889062
Y,TAC,-0.519163316861788
Z,AGC,-0.0553143767405806
