AA,Codon,Mean
A,GCG,1.14778855924209
A,GCC,-0.393985990365346
C,TGC,-0.0398743565522179
D,GAC,0.100013579584658
E,GAG,0.00707860781394833
F,TTC,-0.00589159454131799
G,GGG,0.06704261313478199
G,GGC,-0.695317773866653
H,CAC,0.210364910205205
I,ATC,-0.223412763034304
K,AAG,-0.0134211099025026
L,CTC,-0.146561705571413
L,TTG,-1.10382272952398
N,AAC,0.0606565452923377
P,CCG,-0.13903401701737075
P,CCC,-0.286134283221761
Q,CAG,-0.391893236939112
R,AGG,0.043905970281363005
R,CGG,-0.46566572991411315
R,CGC,-0.465851700596015
S,TCG,-0.293650952660044
S,TCC,-0.295177100060384
T,ACG,-0.064978496443231
T,ACC,-0.333493447351456
V,GTG,-1.5419869861344502
V,GTC,-0.0152898973914673
Y,TAC,-0.179518248425424
Z,AGC,-0.0648530435536678
