AA,Codon,Mean
A,GCG,1.529467625530561
A,GCC,1.30568489345709
C,TGC,0.511834053825339
D,GAC,1.32796847257614
E,GAG,0.393384574679534
F,TTC,0.85357702939113
G,GGG,0.998645555402338
G,GGC,0.925477293666204
H,CAC,1.66860644848347
I,ATC,0.905814924319585
K,AAG,0.489545919704437
L,CTG,-0.190619248348474
L,CTC,0.542466842271885
L,TTG,0.0738418984145371
N,AAC,1.48400944583416
P,CCG,1.513175330414869
P,CCC,0.719941833271583
Q,CAG,0.366581292521954
R,AGG,0.68701468292077
R,CGG,1.153386812097303
R,CGC,0.71446722022295
S,TCG,1.407770962270101
S,TCC,1.01782667218049
T,ACG,0.9924066861152641
T,ACC,1.46162861301104
V,GTG,-0.2323343032135335
V,GTC,1.3983716947635
Y,TAC,1.52038175854683
Z,AGC,0.993421349302928
