AA,Codon,Mean
A,GCG,0.508465586360292
A,GCC,0.205709343132377
C,TGC,1.28050729399522
D,GAC,0.41050856363972
E,GAG,1.15302563078006
F,TTC,-0.355133134555817
G,GGG,0.08639581015109998
G,GGC,1.10698514785369
H,CAC,0.00315871784692923
I,ATC,-0.033604041611532
K,AAG,0.814502764050166
L,CTG,1.179527917353065
L,CTC,0.692816444184378
L,TTG,0.794631520843506
N,AAC,-0.307608194487294
P,CCG,1.092253568357229
P,CCC,1.11258525275787
Q,CAG,1.29454791341623
R,AGG,1.374708367516594
R,CGG,0.22358063073157997
R,CGC,1.30944817169507
S,TCG,0.8902892584939801
S,TCC,0.198157047394415
T,ACG,0.7881278947273879
T,ACC,-0.0657809119759438
V,GTG,0.38257784032821984
V,GTC,0.0591601192248025
Y,TAC,-0.251297692682346
Z,AGC,0.57460098135074
