AA,Codon,Mean
A,GCG,1.6419366133516862
A,GCC,1.38047947303454
C,TGC,1.04358707039356
D,GAC,1.32994079504808
E,GAG,0.742051585459709
F,TTC,0.614408937728405
G,GGG,0.8190814980278419
G,GGC,1.58177797358831
H,CAC,1.60616716718674
I,ATC,0.834961973929405
K,AAG,0.626219694451491
L,CTG,0.318947666561604
L,CTC,0.886283065964774
L,TTG,0.372721035456657
N,AAC,1.14144997118314
P,CCG,1.980728352467223
P,CCC,1.31540758977731
Q,CAG,0.790874802219868
R,AGG,1.3834427529275382
R,CGG,1.0827700169006982
R,CGC,1.34155226897399
S,TCG,1.596849608031909
S,TCC,1.13353703512351
T,ACG,1.2474707525289706
T,ACC,1.4666303095897
V,GTG,-0.42394173023303505
V,GTC,1.34819452214241
Y,TAC,1.24056992302736
Z,AGC,1.30512749923865
