AA,Codon,Mean
A,GCG,0.493695588594675
A,GCC,0.151476877044141
C,TGC,-0.036152661379124
D,GAC,-0.0194768281365022
E,GAG,-0.174878618780772
F,TTC,0.264017086641987
G,GGG,0.150624613892536
G,GGC,-0.270349698868394
H,CAC,0.422576724749804
I,ATC,0.173358427492777
K,AAG,-0.17517490126291901
L,CTG,-0.8080475096722439
L,CTC,-0.04859239151875194
L,TTG,-0.971997757073243
N,AAC,-0.126268115626772
P,CCG,0.07149679557075839
P,CCC,0.311680314287543
Q,CAG,-0.48087653717796
R,AGG,0.04143570534388197
R,CGG,0.14681491956214102
R,CGC,-0.20389018988957
S,TCG,-0.26753937167326597
S,TCC,0.22281381979088
T,ACG,0.12186399967297949
T,ACC,0.0750923301078379
V,GTG,-0.46359509809464206
V,GTC,0.132537714107831
Y,TAC,0.0580826486586904
Z,AGC,-0.16169949611177
