AA,Codon,Mean
A,GCG,0.569686428616444
A,GCC,0.00408506143758477
C,TGC,0.0308674702875627
D,GAC,-0.111993614638348
E,GAG,0.428152293191354
F,TTC,-0.298514755223195
G,GGG,0.33939479842782
G,GGC,0.266040532898903
H,CAC,-0.304459236131112
I,ATC,-0.0809471182435751
K,AAG,-0.333812445445855
L,CTG,-0.055094923748571945
L,CTC,0.10718706217706203
L,TTG,-0.569199622913202
N,AAC,-0.28261066305836
P,CCG,0.8865505905071891
P,CCC,0.810495683662097
Q,CAG,0.306012492583195
R,AGG,1.0172008744381338
R,CGG,0.653047990390658
R,CGC,1.39963153572083
S,TCG,0.29145013978381995
S,TCC,0.0111955717455106
T,ACG,0.332166484336058
T,ACC,-0.0362844044399758
V,GTG,-0.02451430732607901
V,GTC,-0.0522101925934354
Y,TAC,-0.262387238538265
Z,AGC,-0.0521706349957734
