AA,Codon,Mean
A,GCG,0.9575579402585821
A,GCC,0.522297169693311
C,TGC,0.333343981611729
D,GAC,0.515468057245016
E,GAG,0.389731715381145
F,TTC,0.525910185003281
G,GGG,0.43688499208043097
G,GGC,0.347759779284398
H,CAC,0.836700157606602
I,ATC,0.586369497772058
K,AAG,0.207953327699502
L,CTG,-0.29555174072682894
L,CTC,0.462626225793365
L,TTG,-0.562880940592289
N,AAC,0.338013548022509
P,CCG,0.575042635867993
P,CCC,0.723254412329197
Q,CAG,0.0867511278862755
R,AGG,0.394777708456914
R,CGG,0.5583885294777656
R,CGC,0.363608881460627
S,TCG,0.2992094884751728
S,TCC,0.579219581202666
T,ACG,0.607603047645589
T,ACC,0.447275974949201
V,GTG,-0.0403697773814109
V,GTC,0.66431696104606
Y,TAC,0.52502410283486
Z,AGC,0.288788079576691
