AA,Codon,Mean
A,GCG,3.2590752815644
A,GCC,0.17796884111464
C,TGC,-0.103994679536284
D,GAC,-0.652776519151529
E,GAG,2.51177157112757
F,TTC,-1.19123651460807
G,GGG,1.9027505058288505
G,GGC,0.426159652549028
H,CAC,-1.10201067749262
I,ATC,-1.46623553164005
K,AAG,1.7039465783596
L,CTC,-1.34769972813428
L,TTG,0.189347362651428
N,AAC,-1.26634035439491
P,CCG,3.871373003479619
P,CCC,0.104237555331841
Q,CAG,1.90829742469788
R,AGG,3.44369963979721
R,CGG,1.8870493406057403
R,CGC,0.817417357226213
S,TCG,2.5399159077962232
S,TCC,-0.52266312114795
T,ACG,3.2012983594099595
T,ACC,-0.193933130889634
V,GTG,0.9377653732458697
V,GTC,-1.10366874399583
Y,TAC,-1.5731999524196
Z,AGC,-0.83517477606535
