AA,Codon,Mean
A,GCG,-1.13767121639251
A,GCC,0.785530676352978
C,TGC,0.742992639923096
D,GAC,1.71567848251661
E,GAG,-1.23582846941948
F,TTC,2.03743689681689
G,GGG,-0.7308330610752098
G,GGC,0.408973701548576
H,CAC,1.88936945341428
I,ATC,2.14799176187515
K,AAG,-0.499069745854537
L,CTC,2.1088672825435824
L,TTG,0.105898942895979
N,AAC,2.01410596767267
P,CCG,-1.370971686005595
P,CCC,0.583060313818852
Q,CAG,-0.581270366491874
R,AGG,-1.567409465992453
R,CGG,-0.24803772812683977
R,CGC,0.395297086271644
S,TCG,-0.948260395729543
S,TCC,1.24909813189507
T,ACG,-1.21558410871029
T,ACC,0.935475709474087
V,GTG,-0.7377552089452761
V,GTC,2.12173404726982
Y,TAC,2.28219509913127
Z,AGC,1.27005147452354
