AA,Codon,Mean
A,GCG,0.112489576114217
A,GCC,0.043198237694179
C,TGC,0.189258200968305
D,GAC,-0.182917450119058
E,GAG,-0.089772391808033
F,TTC,-0.197831693120797
G,GGG,0.105628629879157
G,GGC,0.200671252915263
H,CAC,-0.283723968353868
I,ATC,-0.0881151696562767
K,AAG,-0.325196486051877
L,CTG,0.506194685898224
L,CTC,-0.071713111436367
L,TTG,-0.339788554275036
N,AAC,-0.301765140362581
P,CCG,0.5532375715593489
P,CCC,0.260370460466544
Q,CAG,0.275740736164649
R,AGG,0.41481751259168
R,CGG,-0.5858790345430329
R,CGC,0.293778882041574
S,TCG,-0.005311290578047967
S,TCC,-0.0297904669900114
T,ACG,0.04920348188082402
T,ACC,-0.0657147042902807
V,GTG,-0.184417577855786
V,GTC,-0.0448889815881848
Y,TAC,-0.27307069833378
Z,AGC,-0.060704586829183
