AA,Codon,Mean
A,GCG,0.577985321524243
A,GCC,0.480179266806444
C,TGC,3.8405883517362e-4
D,GAC,0.416766033438841
E,GAG,0.160227966874838
F,TTC,0.345432148192326
G,GGG,0.0847972489476207
G,GGC,0.0307419489478916
H,CAC,0.575658253224691
I,ATC,0.432700469893217
K,AAG,-0.0477594745143317
L,CTG,-0.02524906561026899
L,CTC,0.5565072313365832
L,TTG,-0.125802505855759
N,AAC,0.269502291760842
P,CCG,0.42916340546409293
P,CCC,0.601455434326331
Q,CAG,-0.111045445809762
R,AGG,-0.121145897986491
R,CGG,0.09543301001464399
R,CGC,0.0804076468725378
S,TCG,0.3214975080822904
S,TCC,0.481847019489606
T,ACG,0.577424340890845
T,ACC,0.45343899072806
V,GTG,0.005561046375086004
V,GTC,0.577251468725999
Y,TAC,0.192739741965135
Z,AGC,0.0674537567137197
