AA,Codon,Mean
A,GCG,1.0023742378681901
A,GCC,0.777681305384636
C,TGC,0.248371590287487
D,GAC,0.793145110901197
E,GAG,0.445925986435016
F,TTC,0.596436990145842
G,GGG,0.341759766801199
G,GGC,0.48273122040232
H,CAC,0.891151330415408
I,ATC,0.766324551538626
K,AAG,0.127213741358618
L,CTG,0.26587244855662195
L,CTC,0.9031159111050578
L,TTG,0.124985969175398
N,AAC,0.546863327940305
P,CCG,0.8330396525104845
P,CCC,0.889394941298167
Q,CAG,0.160381543126206
R,AGG,0.008381209597985051
R,CGG,0.284028492330511
R,CGC,0.534678040719032
S,TCG,0.7839713619015989
S,TCC,0.706977142576377
T,ACG,0.9452165121734151
T,ACC,0.685748272192478
V,GTG,0.24841107083956393
V,GTC,0.919536409727732
Y,TAC,0.473374192259709
Z,AGC,0.303351680219173
