AA,Codon,Mean
A,GCG,-0.5956482448895801
A,GCC,-2.56254945281347
C,TGC,-1.36168771463235
D,GAC,-2.23325913162231
E,GAG,-1.61712144788106
F,TTC,-0.861655276771386
G,GGG,-2.309507760636012
G,GGC,-2.98013008607229
H,CAC,-2.36028569930394
I,ATC,-1.93790049049854
K,AAG,-1.08468589714368
L,CTC,-1.7079841996858471
L,TTG,-3.52997189890544
N,AAC,-2.21008300741514
P,CCG,-3.081039249972291
P,CCC,-2.49908765500387
Q,CAG,-2.23292037922541
R,AGG,-0.10076128272811602
R,CGG,-2.12621032658418
R,CGC,-1.51553103072643
S,TCG,-3.14730096686588
S,TCC,-1.6199013150692
T,ACG,-2.628958527501422
T,ACC,-3.03320075176557
V,GTG,-3.4634860550552578
V,GTC,-2.02225332479477
Y,TAC,-2.51320747381846
Z,AGC,-1.64870176408291
