AA,Codon,Mean
A,GCG,1.7898585156361302
A,GCC,2.75385289950371
C,TGC,1.83415343278249
D,GAC,2.36949499408404
E,GAG,2.0332359639883
F,TTC,0.738707837025324
G,GGG,2.56534813966751
G,GGC,3.50923935014407
H,CAC,2.30130878499349
I,ATC,1.87646898814042
K,AAG,1.03726234812339
L,CTC,1.904125638896225
L,TTG,2.57257299647331
N,AAC,2.11312298649947
P,CCG,3.8286400461763113
P,CCC,2.71702503344218
Q,CAG,2.60710608973503
R,AGG,0.910430745801301
R,CGG,2.1092729029655395
R,CGC,2.38725121498108
S,TCG,3.247216695782042
S,TCC,1.77543317290942
T,ACG,2.867269300989312
T,ACC,2.89755557010969
V,GTG,2.77523888734977
V,GTC,2.28671284805934
Y,TAC,2.20508429204623
Z,AGC,1.81547752478123
