AA,Codon,Mean
A,GCG,-1.383673030960557
A,GCC,-2.07182665931384
C,TGC,-1.78647493197918
D,GAC,-2.48106575771968
E,GAG,-2.35895236854553
F,TTC,-0.355266710885366
G,GGG,-2.332227543310324
G,GGC,-2.18176343450546
H,CAC,-2.47901781805356
I,ATC,-1.48605852843126
K,AAG,-2.27012730987867
L,CTC,-1.514673405035337
L,TTG,-3.00549590007464
N,AAC,-2.24868777410189
P,CCG,-2.611074201267953
P,CCC,-2.06596729091803
Q,CAG,-2.65546432418823
R,AGG,-0.06576087236404593
R,CGG,-2.5154968139529243
R,CGC,-1.95160970146656
S,TCG,-2.899277463599045
S,TCC,-1.87670868910154
T,ACG,-2.4586174581377263
T,ACC,-2.36390406430562
V,GTG,-2.7712128411348687
V,GTC,-1.8413800459067
Y,TAC,-2.33974954136213
Z,AGC,-2.26294474318822
