AA,Codon,Mean
A,GCG,1.472479648614919
A,GCC,1.0064905225118
C,TGC,0.504183992566665
D,GAC,1.08051512764295
E,GAG,0.962471718080839
F,TTC,-0.0792836765297999
G,GGG,2.03388608851581
G,GGC,1.08134823622306
H,CAC,1.03350307922363
I,ATC,0.793964872705936
K,AAG,0.582185316409667
L,CTC,0.643382353931666
L,TTG,0.22819138773332
N,AAC,0.940947904531161
P,CCG,1.5614921476149115
P,CCC,1.05843760085503
Q,CAG,1.11020704005162
R,AGG,0.7435916674455029
R,CGG,0.9841755201629676
R,CGC,0.497958247975508
S,TCG,1.51174588368038
S,TCC,0.974866167283058
T,ACG,1.487947238975761
T,ACC,1.09558676853975
V,GTG,0.2454707012136751
V,GTC,1.08776230249802
Y,TAC,0.671831068066756
Z,AGC,0.816419041013718
