AA,Codon,Mean
A,GCG,1.385304133637746
A,GCC,0.837888260098298
C,TGC,0.508525544603666
D,GAC,0.96506117588679
E,GAG,0.692697848852476
F,TTC,0.73095192091465
G,GGG,0.759189673096935
G,GGC,0.826283495914936
H,CAC,1.11642895387014
I,ATC,0.971779640336831
K,AAG,0.457045272177458
L,CTC,0.912409667694571
L,TTG,0.0338607550847344
N,AAC,0.938635258789857
P,CCG,0.934842283893128
P,CCC,0.814004413167636
Q,CAG,0.530193825187286
R,AGG,0.7517737930019689
R,CGG,0.442772617263596
R,CGC,1.00727598881324
S,TCG,0.633520567905903
S,TCC,0.833046070226033
T,ACG,0.831966194671392
T,ACC,0.853092901599407
V,GTG,0.252118387596806
V,GTC,1.02283812274138
Y,TAC,0.801565937292576
Z,AGC,0.700231151946386
