AA,Codon,Mean
A,GCG,0.015049690906207003
A,GCC,0.0446039220978816
C,TGC,0.398616709190607
D,GAC,-0.107079734555384
E,GAG,0.376709628432989
F,TTC,-0.348958006711801
G,GGG,0.17622281030019105
G,GGC,0.427171873388688
H,CAC,-0.323033697354794
I,ATC,-0.108768806454539
K,AAG,-0.280329623546203
L,CTC,0.14328373950322504
L,TTG,0.0966489150886734
N,AAC,-0.324345784087976
P,CCG,0.712097415014108
P,CCC,0.62419750403960494
Q,CAG,0.411003661948442
R,AGG,0.5521190578528089
R,CGG,0.11822931452591989
R,CGC,0.594914436650276
S,TCG,0.037562121343612975
S,TCC,-0.00629941299415773
T,ACG,0.147159477496147
T,ACC,-0.103853166815639
V,GTG,-0.11512371917366998
V,GTC,-0.0585644487606982
Y,TAC,-0.354053189118703
Z,AGC,0.0192260191197902
