AA,Codon,Mean
A,GCG,1.5035938144207002
A,GCC,0.94213196062247
C,TGC,0.457508259371916
D,GAC,1.02717280085882
E,GAG,0.753607048412164
F,TTC,0.796365779797236
G,GGG,0.818249342184265
G,GGC,0.652717676464717
H,CAC,1.26437498226961
I,ATC,1.01339717746576
K,AAG,0.530159155595303
L,CTC,0.934561237454411
L,TTG,0.149641111429532
N,AAC,1.09715441265901
P,CCG,0.861874237336963
P,CCC,0.806554159824053
Q,CAG,0.562045905033747
R,AGG,0.660968570864196
R,CGG,0.6511217267359299
R,CGC,0.798899926265081
S,TCG,0.76291966590186
S,TCC,0.913542589191596
T,ACG,0.843429223512609
T,ACC,0.920194466312726
V,GTG,0.41397281302760003
V,GTC,1.02770487819513
Y,TAC,0.936333753069242
Z,AGC,0.632484379887581
