AA,Codon,Mean
A,GCG,0.268587427641948
A,GCC,0.0977355096166333
C,TGC,0.656526618198554
D,GAC,-0.030025797105146
E,GAG,0.600338877662023
F,TTC,-0.342375575484832
G,GGG,-0.273721867318948
G,GGC,0.661659692986806
H,CAC,-0.178672776844104
I,ATC,-0.0800653887415926
K,AAG,-0.22315215942959
L,CTG,0.6511040204644201
L,CTC,0.470155145694812
L,TTG,-0.0368366300130884
N,AAC,-0.282660091658433
P,CCG,1.006734857565164
P,CCC,0.402289986769358
Q,CAG,0.806844594705105
R,AGG,0.80499170115104
R,CGG,0.20203588010469997
R,CGC,0.848511484408379
S,TCG,0.40800705352425604
S,TCC,0.0241824943391296
T,ACG,0.338765137040615
T,ACC,-0.00400916399215122
V,GTG,-0.196399040947358
V,GTC,-0.0534195050378641
Y,TAC,-0.316757163973649
Z,AGC,0.228948954158028
