AA,Codon,Mean
A,GCG,1.4214264013091729
A,GCC,0.911965805248419
C,TGC,1.12300692082246
D,GAC,1.49387621661027
E,GAG,1.02577773583333
F,TTC,0.474312937263648
G,GGG,0.6655637752011966
G,GGC,1.25670742429098
H,CAC,1.82399587067763
I,ATC,0.907292513803641
K,AAG,0.896098037787278
L,CTG,0.5151972102602351
L,CTC,0.933735307937861
L,TTG,0.693023642234007
N,AAC,1.31821156418324
P,CCG,1.119497755644719
P,CCC,0.856755373605092
Q,CAG,1.24212208178838
R,AGG,0.661736113309858
R,CGG,1.1768336289087928
R,CGC,1.42590659569105
S,TCG,1.217604924370845
S,TCC,0.741102018451691
T,ACG,1.0233345790644481
T,ACC,1.0203641715169
V,GTG,0.6030083639932172
V,GTC,0.870863881679376
Y,TAC,1.39109827388922
Z,AGC,1.14690848035018
