AA,Codon,Mean
A,GCG,0.7643334072787998
A,GCC,1.10761996948719
C,TGC,0.333367418492337
D,GAC,-0.763842176701625
E,GAG,0.326304220927755
F,TTC,0.0691289094994111
G,GGG,1.13518051842054
G,GGC,0.906564559117953
H,CAC,-1.23858601024548
I,ATC,0.0536266397656411
K,AAG,-1.03245788541635
L,CTG,0.11744013363521
L,CTC,0.052936508012563
L,TTG,-0.88336987349987
N,AAC,-1.52988112810453
P,CCG,1.3808571236034242
P,CCC,1.62910378433863
Q,CAG,0.0842034630968912
R,AGG,2.018352033539615
R,CGG,-1.103880534560481
R,CGC,0.757659300738573
S,TCG,0.23559120143254797
S,TCC,0.0374968783070269
T,ACG,0.556807368750373
T,ACC,-0.158496020207162
V,GTG,-1.413305100063271
V,GTC,0.311682694749037
Y,TAC,-1.63218230552673
Z,AGC,-0.172547328503312
