AA,Codon,Mean
A,GCG,1.7039794487831632
A,GCC,1.02244417860905
C,TGC,1.26250672523975
D,GAC,2.20279282383919
E,GAG,1.44264457562764
F,TTC,0.213540569496651
G,GGG,0.951695829720302
G,GGC,1.73448287930489
H,CAC,2.12910513858795
I,ATC,0.919864959013462
K,AAG,1.3456729123195
L,CTG,0.5258011692136519
L,CTC,1.4616801119367249
L,TTG,1.65351163006624
N,AAC,2.02215386319955
P,CCG,1.473256528888145
P,CCC,1.06203582353592
Q,CAG,1.81249953667323
R,AGG,0.2693229916203962
R,CGG,1.7032449115415367
R,CGC,1.78191466609637
S,TCG,2.1038654632171028
S,TCC,1.08783921202421
T,ACG,1.6221006372369828
T,ACC,1.39567556527456
V,GTG,1.645901136692363
V,GTC,1.17172373812993
Y,TAC,1.87337568399111
Z,AGC,1.52672881382306
