AA,Codon,Mean
A,GCG,1.5091226739497192
A,GCC,0.911915897750854
C,TGC,0.628305152018865
D,GAC,0.815365752828121
E,GAG,0.543364449465275
F,TTC,0.280925487476587
G,GGG,0.977584646282597
G,GGC,1.12941841320197
H,CAC,0.663344063337644
I,ATC,0.612190329905351
K,AAG,0.254840126171708
L,CTC,0.7990427860299769
L,TTG,-0.32737310458223
N,AAC,0.404013061036666
P,CCG,1.357069179494682
P,CCC,0.827378567298253
Q,CAG,0.792956349666913
R,AGG,0.987546143106618
R,CGG,0.803487092560526
R,CGC,1.15836199869315
S,TCG,0.9414562028792992
S,TCC,0.789887322755655
T,ACG,0.9268253287712689
T,ACC,0.705551927653948
V,GTG,0.07425778546730699
V,GTC,0.823893320826689
Y,TAC,0.311689233708382
Z,AGC,0.54730610383153
