AA,Codon,Mean
A,GCG,-0.337085214712719
A,GCC,-0.406002190375328
C,TGC,-0.271872511216005
D,GAC,-0.439653662957748
E,GAG,-0.302819613659382
F,TTC,-0.236855212271214
G,GGG,-0.2488180715580785
G,GGC,-0.480929285750786
H,CAC,-0.344549248518546
I,ATC,-0.36183936363856
K,AAG,-0.304379083309571
L,CTC,-0.33392172119518104
L,TTG,-0.517578365188837
N,AAC,-0.429270112270117
P,CCG,-0.45283493173966805
P,CCC,-0.392087270591656
Q,CAG,-0.374114217021068
R,AGG,-0.0955106338345366
R,CGG,-0.3242191239168249
R,CGC,-0.39243046588103
S,TCG,-0.5169984531598782
S,TCC,-0.286854418975115
T,ACG,-0.376726038830479
T,ACC,-0.412690480921666
V,GTG,-0.4625787645508849
V,GTC,-0.327335656601191
Y,TAC,-0.405962401324511
Z,AGC,-0.364976543285449
