AA,Codon,Mean
A,GCG,1.604622511241838
A,GCC,0.9138989082853
C,TGC,0.508809588803848
D,GAC,0.813076739533742
E,GAG,0.558809141719341
F,TTC,0.316475454123815
G,GGG,0.9544725497454141
G,GGC,0.858303892044226
H,CAC,0.732575139292081
I,ATC,0.558196300967534
K,AAG,0.316184556140502
L,CTC,0.6857713065465241
L,TTG,-0.246921670639515
N,AAC,0.483876315963268
P,CCG,1.1945731587363375
P,CCC,0.809092261358102
Q,CAG,0.75124332827727
R,AGG,0.8303790976246169
R,CGG,0.7616582265386961
R,CGC,0.8462782513539
S,TCG,0.931943701166473
S,TCC,0.809483568092187
T,ACG,0.9466244018880003
T,ACC,0.689232479099433
V,GTG,0.138178852806488
V,GTC,0.803460554595788
Y,TAC,0.383971295591195
Z,AGC,0.445241520452499
