AA,Codon,Mean
A,GCG,1.6744629339397
A,GCC,1.02948099177281
C,TGC,1.52020591400464
D,GAC,2.15733249416351
E,GAG,1.08678934613864
F,TTC,1.26397291285197
G,GGG,0.3118402298387435
G,GGC,1.70973671382268
H,CAC,2.57312688500086
I,ATC,1.96799268063704
K,AAG,1.59912098724047
L,CTG,0.5320406768349832
L,CTC,1.930895714886988
L,TTG,1.99673571469784
N,AAC,2.48717036283811
P,CCG,1.175669048787156
P,CCC,0.811047975818316
Q,CAG,1.65998830746015
R,AGG,-0.679570391147336
R,CGG,0.5208069246351751
R,CGC,1.60969657597542
S,TCG,1.862375891200702
S,TCC,1.14011060380141
T,ACG,1.358300541337331
T,ACC,1.41014370276133
V,GTG,1.6371028209307927
V,GTC,1.88001246327559
Y,TAC,2.15890729025205
Z,AGC,1.87763514091969
