AA,Codon,Mean
A,GCG,0.7613712815841098
A,GCC,0.0996869679137938
C,TGC,0.663576410937309
D,GAC,-0.496144908169905
E,GAG,0.677320466419061
F,TTC,-0.843522522139549
G,GGG,-0.44597602422238003
G,GGC,0.968606183938185
H,CAC,-1.282442955784
I,ATC,-0.668456190727154
K,AAG,-1.52785554387569
L,CTG,-0.31372927660941996
L,CTC,-0.307953001997869
L,TTG,-1.22946656279564
N,AAC,-1.64327486270269
P,CCG,1.859981949388986
P,CCC,1.23474826289415
Q,CAG,0.330103171833356
R,AGG,2.139156522427
R,CGG,-0.25658886279265003
R,CGC,1.18552102423509
S,TCG,0.9045208293974429
S,TCC,-0.272517286839088
T,ACG,1.219482835531232
T,ACC,-0.277835933006306
V,GTG,-1.488790266708534
V,GTC,-0.119119246476759
Y,TAC,-1.69406563347181
Z,AGC,-0.0345272925420998
