AA,Codon,Mean
A,GCG,0.4315619599858911
A,GCC,-0.102917240383429
C,TGC,0.230761018021056
D,GAC,-0.341617493459086
E,GAG,0.284488815910618
F,TTC,-0.375607268804312
G,GGG,-0.21346277516732598
G,GGC,0.283702525752255
H,CAC,-0.835270571875572
I,ATC,-0.422957473641634
K,AAG,-0.894061252192656
L,CTG,-0.17690013235409996
L,CTC,-0.3654169927597041
L,TTG,-1.13014758553108
N,AAC,-1.00811935373942
P,CCG,1.266217126397292
P,CCC,0.40885764058133
Q,CAG,-0.223546029510186
R,AGG,1.195649250180313
R,CGG,0.03193293100893502
R,CGC,0.485177022500833
S,TCG,0.508375855991244
S,TCC,-0.300175592628121
T,ACG,0.7376629701117681
T,ACC,-0.278261014033854
V,GTG,-1.2405611740452716
V,GTC,0.0217951977121259
Y,TAC,-1.06369814818303
Z,AGC,-0.0985008090836793
