AA,Codon,Mean
A,GCG,0.98459629123211
A,GCC,0.701209770377477
C,TGC,1.64761877947648
D,GAC,0.9431080727458
E,GAG,1.81951960052649
F,TTC,0.197824646142622
G,GGG,0.29967055089473993
G,GGC,2.0042147147576
H,CAC,0.630265469868978
I,ATC,0.642436430223783
K,AAG,0.640830157423019
L,CTG,1.6725251124779341
L,CTC,1.802616438782211
L,TTG,0.862826148076852
N,AAC,0.253850788750251
P,CCG,1.844940972405668
P,CCC,1.68068214455446
Q,CAG,2.0813105644385
R,AGG,1.787649165630842
R,CGG,1.0193740000645297
R,CGC,2.3043938788414
S,TCG,1.6388795986106
S,TCC,0.817084934886297
T,ACG,1.17750718057553
T,ACC,0.547492649672429
V,GTG,0.21826049126784008
V,GTC,0.746336001896858
Y,TAC,0.340465248816212
Z,AGC,1.10268309079806
