AA,Codon,Mean
A,GCG,0.274544032298622
A,GCC,-0.293255217438936
C,TGC,-0.773696189425389
D,GAC,-0.260239054986338
E,GAG,-1.30593833786249
F,TTC,-0.412625057717164
G,GGG,-0.512634546841681
G,GGC,-0.827285155536731
H,CAC,0.0839134047109103
I,ATC,-0.752582382667065
K,AAG,-0.781715168301264
L,CTG,-1.633240796506406
L,CTC,-1.038293272830546
L,TTG,-1.38552972366015
N,AAC,-0.232364587432146
P,CCG,0.07605223294342889
P,CCC,-0.442954548794031
Q,CAG,-1.38045651858648
R,AGG,-0.27221678126652993
R,CGG,-0.28837564195990806
R,CGC,-1.01252604989211
S,TCG,-0.198640096239249
S,TCC,-0.783095470102628
T,ACG,0.01400354214907007
T,ACC,-0.201084096597632
V,GTG,-1.37331901526379
V,GTC,-0.41716713466843
Y,TAC,-0.200781099144121
Z,AGC,-0.475183397613962
