AA,Codon,Mean
A,GCG,0.36431940371791605
A,GCC,-0.363306007867058
C,TGC,0.0139307040341776
D,GAC,-0.478457614543041
E,GAG,-0.631274094444513
F,TTC,-0.748006585403283
G,GGG,-0.9020034844249489
G,GGC,-0.185076221639455
H,CAC,-0.378644407467047
I,ATC,-0.947678170259794
K,AAG,-0.801125004891554
L,CTG,-1.193883367496729
L,CTC,-0.620244735798581
L,TTG,-1.3219103533268
N,AAC,-0.86748121975263
P,CCG,0.8977598202884189
P,CCC,0.614776595425606
Q,CAG,-0.693541672635078
R,AGG,0.8556348321010689
R,CGG,-0.08980662402311701
R,CGC,-0.0964308006241521
S,TCG,0.311314303876091
S,TCC,-0.801797288350264
T,ACG,0.2343508051692747
T,ACC,-0.344280027021964
V,GTG,-1.7806636965950302
V,GTC,-0.622928634820382
Y,TAC,-0.866856511143843
Z,AGC,-0.32161509590447
