AA,Codon,Mean
A,GCG,1.35747121271491
A,GCC,0.938913926919301
C,TGC,0.305676790054639
D,GAC,0.83897715126276
E,GAG,0.601163333837191
F,TTC,0.654147692187627
G,GGG,0.895519610701998
G,GGC,0.591476191079617
H,CAC,1.01949262554646
I,ATC,0.803650407691797
K,AAG,0.351668146204948
L,CTC,0.8162717423677459
L,TTG,0.0133846365350236
N,AAC,0.848603600847721
P,CCG,1.0304449675817644
P,CCC,0.873319113985697
Q,CAG,0.579667821224531
R,AGG,0.685184792641803
R,CGG,1.063589924101035
R,CGC,0.639856755948067
S,TCG,0.772614168361039
S,TCC,0.969321984553337
T,ACG,0.7600175389627306
T,ACC,0.939466041827202
V,GTG,0.19513025066852502
V,GTC,0.768788407707214
Y,TAC,0.73393564983209
Z,AGC,0.353457304340601
