AA,Codon,Mean
A,GCG,0.09273887230952602
A,GCC,0.0520653846601645
C,TGC,0.213794196128845
D,GAC,-0.015843970406342
E,GAG,0.0346504294212908
F,TTC,-0.139174468472103
G,GGG,0.20646408430735202
G,GGC,0.258248688692848
H,CAC,-0.150406727993985
I,ATC,-0.0442445210851729
K,AAG,-0.128277000250419
L,CTC,0.051685377014677014
L,TTG,-0.0500614561058581
N,AAC,-0.14000723411142799
P,CCG,0.216685070611537
P,CCC,0.140841672093173
Q,CAG,0.100081091432273
R,AGG,0.19954832558601532
R,CGG,-0.227148228391012
R,CGC,0.324331052357952
S,TCG,0.06771981705774799
S,TCC,0.0189237329724276
T,ACG,0.067911925002933
T,ACC,-0.0352865840144455
V,GTG,-0.02585379209121
V,GTC,1.4322466303699e-4
Y,TAC,-0.138205664055049
Z,AGC,0.0525509333403781
