AA,Codon,Mean
A,GCG,0.22563981643716502
A,GCC,0.0765202682770789
C,TGC,0.322714530814687
D,GAC,-0.110588958512743
E,GAG,0.117916527868807
F,TTC,-0.236597916153073
G,GGG,0.10088217779000597
G,GGC,0.347335397078594
H,CAC,-0.265915842085083
I,ATC,-0.10008436717242
K,AAG,-0.217501958686113
L,CTG,0.31346218969523904
L,CTC,0.13693673968315095
L,TTG,-0.355449318804344
N,AAC,-0.37894681556820897
P,CCG,0.793449690066775
P,CCC,0.281415188468496
Q,CAG,0.267118058634798
R,AGG,0.6053338696730629
R,CGG,-0.39952950343291005
R,CGC,0.418878199682633
S,TCG,-0.004323654146988987
S,TCC,-0.0121481675401896
T,ACG,0.10500388726592003
T,ACC,-0.0358207093043874
V,GTG,-0.26340236192444905
V,GTC,-0.0494051046222448
Y,TAC,-0.329408619783322
Z,AGC,-0.0416078277426539
