AA,Codon,Mean
A,GCG,0.699505166217685
A,GCC,0.405358585331837
C,TGC,0.117653029632568
D,GAC,0.687598878542582
E,GAG,0.220664782445629
F,TTC,0.14827429933697
G,GGG,0.501311581906676
G,GGC,0.480761146094402
H,CAC,0.679896925377846
I,ATC,0.2098280230244
K,AAG,0.0268900927644776
L,CTG,-0.238525982985894
L,CTC,0.255716722699006
L,TTG,-0.275081032724182
N,AAC,0.485724553438028
P,CCG,0.604528983973463
P,CCC,0.412140013736486
Q,CAG,0.216416346712907
R,AGG,0.3288305661996159
R,CGG,0.778484518718719
R,CGC,0.449304978177945
S,TCG,0.428622996372977
S,TCC,0.448946478621165
T,ACG,0.566616884423047
T,ACC,0.490495888410012
V,GTG,-0.151686970918378
V,GTC,0.379382969164848
Y,TAC,0.158315489323437
Z,AGC,0.338900473314524
