AA,Codon,Mean
A,GCG,0.7665990606384678
A,GCC,0.563580776639779
C,TGC,0.495330977735917
D,GAC,0.910806193784873
E,GAG,0.251718426150084
F,TTC,0.190559884459774
G,GGG,0.357478302609921
G,GGC,1.01205921459198
H,CAC,0.824514057632287
I,ATC,0.290825703639785
K,AAG,0.0441213791068765
L,CTG,-0.315767448119323
L,CTC,0.502650113666055
L,TTG,-0.447986945315202
N,AAC,0.581814403784275
P,CCG,0.788816574205707
P,CCC,0.60583984294335
Q,CAG,0.16604740764449
R,AGG,0.426053920773665
R,CGG,0.44388340551853195
R,CGC,1.04698191919724
S,TCG,0.21871786583808162
S,TCC,0.621218338338534
T,ACG,0.49674352057874205
T,ACC,0.698730430277189
V,GTG,-0.40539158537487197
V,GTC,0.514592791140079
Y,TAC,0.273288199101885
Z,AGC,0.720316376948357
