AA,Codon,Mean
A,GCG,-0.002456577493747003
A,GCC,-0.0524968759529293
C,TGC,0.0310520579311194
D,GAC,-0.158345545729995
E,GAG,-0.147924132215977
F,TTC,-0.205747413967053
G,GGG,0.41441664472818396
G,GGC,0.300885303628445
H,CAC,-0.261080730976661
I,ATC,-0.0529880398658415
K,AAG,-0.438066719426711
L,CTC,0.021096466694276006
L,TTG,-0.265571942276756
N,AAC,-0.308080452787876
P,CCG,0.30621172164877203
P,CCC,-0.0147914164945373
Q,CAG,-0.0953264501810074
R,AGG,0.683317922683557
R,CGG,-0.8619191186785699
R,CGC,0.241574550578992
S,TCG,-0.140698676000039
S,TCC,-0.0359370399755736
T,ACG,0.10679270177682199
T,ACC,-0.062385078428934
V,GTG,-0.07039596121311198
V,GTC,-0.059698343360424
Y,TAC,-0.288418453021844
Z,AGC,-0.0278510939763255
