AA,Codon,Mean
A,GCG,1.314236582700411
A,GCC,0.584321933968862
C,TGC,0.0625873826155449
D,GAC,0.408461252180735
E,GAG,0.208278880816698
F,TTC,0.913113985987504
G,GGG,0.579203802323341
G,GGC,0.124191607331733
H,CAC,0.405473884942134
I,ATC,0.764005585010846
K,AAG,0.139452898298204
L,CTC,0.5898723901569849
L,TTG,-0.600022182428837
N,AAC,0.322931848768393
P,CCG,0.772823594119151
P,CCC,0.442804296724002
Q,CAG,0.105577721637487
R,AGG,0.46550471615741706
R,CGG,0.244801960089927
R,CGC,-0.0431584507622902
S,TCG,0.384190454221765
S,TCC,0.606610523577531
T,ACG,0.7765814730296541
T,ACC,0.361972994017601
V,GTG,-0.2234927728896259
V,GTC,0.974254685540994
Y,TAC,0.131709286390245
Z,AGC,-0.0624435762727167
