AA,Codon,Mean
A,GCG,1.650139919038614
A,GCC,0.798071892515818
C,TGC,0.27636475447913
D,GAC,0.844624664398034
E,GAG,0.738121162148317
F,TTC,1.11034645930926
G,GGG,0.6697225293328359
G,GGC,0.366573969288667
H,CAC,0.749793780195713
I,ATC,1.03643213314215
K,AAG,0.657225678817431
L,CTC,0.941039958937961
L,TTG,-0.0454663241791849
N,AAC,0.716626390723387
P,CCG,1.216805433348814
P,CCC,0.712415412127972
Q,CAG,0.683464974657695
R,AGG,0.6732092819055607
R,CGG,0.753406961524486
R,CGC,0.189391228554646
S,TCG,1.034432439834872
S,TCC,0.920123025949796
T,ACG,1.3508992629011471
T,ACC,0.698519589654605
V,GTG,0.09523160524566898
V,GTC,1.22707176780701
Y,TAC,0.553742080148061
Z,AGC,0.277651662771901
