AA,Codon,Mean
A,GCG,0.17613570666809897
A,GCC,0.0751511828998725
C,TGC,0.278356229095658
D,GAC,-0.101539013608297
E,GAG,0.181405601702134
F,TTC,-0.284576951340834
G,GGG,-0.016377290888627938
G,GGC,0.403862200669448
H,CAC,-0.250135916299621
I,ATC,-0.0850006804933151
K,AAG,-0.333654514364402
L,CTG,0.38810187361538406
L,CTC,0.12069690856933502
L,TTG,-0.301800543733438
N,AAC,-0.295882781982422
P,CCG,0.761458903719981
P,CCC,0.37147897053957
Q,CAG,0.306826981071631
R,AGG,0.5299271492991601
R,CGG,-0.3984604484399099
R,CGC,0.435070800856749
S,TCG,0.06244146277507101
S,TCC,9.81069105709815e-5
T,ACG,0.10327112526496202
T,ACC,-0.0343237318947911
V,GTG,-0.227776356659333
V,GTC,-0.0253467597382764
Y,TAC,-0.295683889510234
Z,AGC,0.0385915259157938
