AA,Codon,Mean
A,GCG,0.9819458854019639
A,GCC,0.616622054624558
C,TGC,0.418892434022824
D,GAC,0.943734153862794
E,GAG,0.580656222438812
F,TTC,0.537878015247981
G,GGG,0.740587535486122
G,GGC,0.64822380185922
H,CAC,0.938978609919548
I,ATC,0.750547080258528
K,AAG,0.529892607756456
L,CTG,0.34524490468899405
L,CTC,0.786196659735834
L,TTG,0.0203749938219332
N,AAC,0.757478624379635
P,CCG,0.8764687238638598
P,CCC,0.788553557419777
Q,CAG,0.472265854575237
R,AGG,0.47281120963494205
R,CGG,0.651492878803611
R,CGC,0.680327079995473
S,TCG,0.7572988534013427
S,TCC,0.740125149202347
T,ACG,0.714699273698528
T,ACC,0.60528841637373
V,GTG,0.17758971249858596
V,GTC,0.843202378455798
Y,TAC,0.622167138644059
Z,AGC,0.364816781320175
