AA,Codon,Mean
A,GCG,0.299753213997682
A,GCC,0.205007329505682
C,TGC,0.586828670750062
D,GAC,0.00220219584387338
E,GAG,0.490260297779242
F,TTC,-0.406790467590094
G,GGG,0.46584991226592987
G,GGC,0.570770572274923
H,CAC,-0.215915693561236
I,ATC,-0.0878360291694601
K,AAG,-0.256100835381945
L,CTG,0.21226624424159501
L,CTC,0.438919743120174
L,TTG,0.151818231334289
N,AAC,-0.323244595593214
P,CCG,0.7550779261559251
P,CCC,0.753092680629094
Q,CAG,0.714768546573321
R,AGG,1.049389387273788
R,CGG,-0.05445054765542001
R,CGC,0.933230683187644
S,TCG,0.291123432538907
S,TCC,-0.00887597485127765
T,ACG,0.45169453636209195
T,ACC,-0.110297510336339
V,GTG,-0.931592965157829
V,GTC,-0.0656473016031086
Y,TAC,-0.31326310232083
Z,AGC,0.0354671515332617
