AA,Codon,Mean
A,GCG,1.6070736763000482
A,GCC,1.04258079537948
C,TGC,1.12085355362892
D,GAC,1.76485235627492
E,GAG,1.30621399065653
F,TTC,1.53677795954545
G,GGG,1.0158301848463491
G,GGC,1.38737970592181
H,CAC,1.77997247230212
I,ATC,1.67639536468983
K,AAG,1.4768953846852
L,CTG,0.740108795803787
L,CTC,1.392675802995761
L,TTG,0.89182301650842
N,AAC,1.70235498356024
P,CCG,1.265733819601933
P,CCC,0.849208091636499
Q,CAG,0.920223868993918
R,AGG,0.9110019205868229
R,CGG,0.9345905424552232
R,CGC,1.56705816388925
S,TCG,1.449097830096881
S,TCC,1.10554311614037
T,ACG,1.246275828629732
T,ACC,1.18053044939836
V,GTG,0.542462949180607
V,GTC,1.85101794350147
Y,TAC,1.64997782400449
Z,AGC,1.33968900051117
