AA,Codon,Mean
A,GCG,-0.821533139676353
A,GCC,-0.776614683818817
C,TGC,-0.983481762739023
D,GAC,-1.08746137354771
E,GAG,-0.704925815125306
F,TTC,-0.667261811101437
G,GGG,-0.566320990999539
G,GGC,-1.27912658044497
H,CAC,-1.07162020686865
I,ATC,-0.844385080262025
K,AAG,-0.567229889577627
L,CTG,-0.739837551295755
L,CTC,-1.0105672681148685
L,TTG,-0.471268597894907
N,AAC,-1.11799906833172
P,CCG,-0.7699736097173104
P,CCC,-0.719121949001153
Q,CAG,-1.0338648722132
R,AGG,-0.32599523372898503
R,CGG,-0.586025425004957
R,CGC,-1.17448655001322
S,TCG,-0.9493120976821822
S,TCC,-0.645042832521598
T,ACG,-0.8225450163404189
T,ACC,-0.907630045366287
V,GTG,-0.705681744449337
V,GTC,-0.850470420877139
Y,TAC,-1.22680093836784
Z,AGC,-1.18349383353392
