AA,Codon,Mean
A,GCG,1.072298949623111
A,GCC,1.05114199471076
C,TGC,0.863126693832874
D,GAC,1.44436556501389
E,GAG,0.654003900317351
F,TTC,0.649569619341691
G,GGG,0.9824319558382069
G,GGC,1.18980353941123
H,CAC,1.59381210299333
I,ATC,1.05572923955123
K,AAG,0.17451183210661
L,CTG,0.15232966853380003
L,CTC,1.412306010730067
L,TTG,-0.0692799160500581
N,AAC,1.22175142203967
P,CCG,0.9915316701958561
P,CCC,1.41228894999027
Q,CAG,0.642558163118362
R,AGG,0.6653935690008099
R,CGG,0.7973698424462691
R,CGC,1.34636333545049
S,TCG,0.8726394854903201
S,TCC,1.31898468039831
T,ACG,0.9703019798278771
T,ACC,1.28117853047848
V,GTG,0.31809447158177995
V,GTC,1.29204863437017
Y,TAC,1.31649329005877
Z,AGC,1.04467596018314
