AA,Codon,Mean
A,GCG,1.686348440198601
A,GCC,0.648846466175715
C,TGC,1.3212149762551
D,GAC,0.95099485809803
E,GAG,0.678391075023015
F,TTC,0.42735192399621
G,GGG,0.6212644667198259
G,GGC,1.0680143972675
H,CAC,1.28598302055995
I,ATC,0.775083703056971
K,AAG,0.30003175662756
L,CTC,1.187698586153982
L,TTG,0.11694399544994
N,AAC,0.819647263328234
P,CCG,1.044139987362917
P,CCC,0.812754335828622
Q,CAG,0.644905912303925
R,AGG,0.693170121153193
R,CGG,0.2369383085375954
R,CGC,1.51069357973735
S,TCG,0.676171094179154
S,TCC,0.499555803968509
T,ACG,0.8108163943546318
T,ACC,0.5955677197059
V,GTG,-0.014365832094351993
V,GTC,1.062183091712
Y,TAC,0.822654735108217
Z,AGC,1.32216409645875
