AA,Codon,Mean
A,GCG,0.3740894662777551
A,GCC,0.124303294882178
C,TGC,0.664793483738105
D,GAC,0.0076242615006841
E,GAG,0.615910173447927
F,TTC,-0.318710904135307
G,GGG,0.2894439350644751
G,GGC,0.896752631008625
H,CAC,-0.287939647208651
I,ATC,-0.0900785595754782
K,AAG,0.0538363083764911
L,CTC,0.312323807962735
L,TTG,0.249744755017757
N,AAC,-0.302651544223229
P,CCG,1.214099530593554
P,CCC,0.728028086276849
Q,CAG,0.839919407828649
R,AGG,0.940310733685891
R,CGG,0.15055801749230024
R,CGC,1.99647345044613
S,TCG,0.4882115744173523
S,TCC,-0.017138585028182
T,ACG,0.311295375446477
T,ACC,0.00582669908947352
V,GTG,0.39130734362602193
V,GTC,-6.9707661015967e-4
Y,TAC,-0.278096535163124
Z,AGC,0.155045977804065
