AA,Codon,Mean
A,GCG,1.712560258360703
A,GCC,0.474575992576281
C,TGC,0.950968907809257
D,GAC,0.863083466792107
E,GAG,0.509952121392886
F,TTC,0.376318631231785
G,GGG,0.525781316631039
G,GGC,0.539289507460594
H,CAC,1.17491389822165
I,ATC,0.549098651822408
K,AAG,0.237388893026114
L,CTC,0.865347448241713
L,TTG,-0.0300006344432361
N,AAC,0.80914121016264
P,CCG,0.7866816652809581
P,CCC,0.529595489470164
Q,CAG,0.470238828130563
R,AGG,0.37009781677722997
R,CGG,0.32189931822915907
R,CGC,1.2072596784989
S,TCG,0.565201386316618
S,TCC,0.251259004241228
T,ACG,0.711154336682459
T,ACC,0.398214109090964
V,GTG,-0.11632030517271622
V,GTC,0.905992706537247
Y,TAC,0.798370767656962
Z,AGC,1.0327349192222
