AA,Codon,Mean
A,GCG,1.28786008650462
A,GCC,0.827210112865766
C,TGC,0.437584241763751
D,GAC,0.956144779205322
E,GAG,-0.00157806121662957
F,TTC,0.051920000500977
G,GGG,0.4447658190070345
G,GGC,0.871871368575096
H,CAC,0.998555741814772
I,ATC,0.162964455984036
K,AAG,0.0513370510277649
L,CTG,-0.43737797165215
L,CTC,0.23069167457222894
L,TTG,-0.609397660227617
N,AAC,0.541466757090886
P,CCG,1.312583817101516
P,CCC,0.574359200823307
Q,CAG,0.0575351489413627
R,AGG,0.63280520064831
R,CGG,0.540167767405817
R,CGC,0.872048787951469
S,TCG,1.0753849256296948
S,TCC,0.436744996579488
T,ACG,0.893843163186312
T,ACC,0.569107819505533
V,GTG,-0.495459792242447
V,GTC,0.688595865003268
Y,TAC,0.670126328357061
Z,AGC,0.581448235837619
