AA,Codon,Mean
A,GCG,0.38993850552240594
A,GCC,0.0986563779438535
C,TGC,1.00777977441152
D,GAC,0.147828520547847
E,GAG,0.614828882575035
F,TTC,-0.201052302690347
G,GGG,0.10458748923540206
G,GGC,0.880393499779701
H,CAC,0.0124860647052318
I,ATC,-0.0286262034439792
K,AAG,0.408818895127376
L,CTG,0.635068565569322
L,CTC,0.5229347206652188
L,TTG,0.168895008011659
N,AAC,-0.250292282404502
P,CCG,1.033556164228916
P,CCC,1.31334486448765
Q,CAG,0.813560183362166
R,AGG,1.340718302956224
R,CGG,0.51831848843892
R,CGC,0.932377698210875
S,TCG,0.567578526486953
S,TCC,0.119153585947057
T,ACG,0.5922797708809421
T,ACC,-0.0117406404748312
V,GTG,-0.1226045602997129
V,GTC,0.0290096088261033
Y,TAC,-0.217938825868567
Z,AGC,0.43225945601066
