AA,Codon,Mean
A,GCG,1.030287720623612
A,GCC,0.132961705203354
C,TGC,-0.190868715158105
D,GAC,0.163769649664561
E,GAG,0.162764610250791
F,TTC,0.236955712834001
G,GGG,0.3815398494973331
G,GGC,-0.0129578803148885
H,CAC,0.374256758455435
I,ATC,0.267424701551596
K,AAG,-0.113830056789021
L,CTC,0.13038553450505297
L,TTG,-0.601168511406581
N,AAC,0.207938249389331
P,CCG,0.4520669973451642
P,CCC,0.10964229268396
Q,CAG,-0.101937687940399
R,AGG,0.47814720968802993
R,CGG,-0.008868055643638018
R,CGC,-0.0676120224092034
S,TCG,-0.17869232465326798
S,TCC,0.330100613472859
T,ACG,0.30097552169953135
T,ACC,0.075795673172983
V,GTG,-0.4201256171001277
V,GTC,0.426417562945684
Y,TAC,-0.018619475993176
Z,AGC,-0.0695113887919327
