AA,Codon,Mean
A,GCG,0.17243966827790003
A,GCC,0.135279335488876
C,TGC,0.536394087183475
D,GAC,-0.0353795073073978
E,GAG,0.396725676828623
F,TTC,-0.308621067078908
G,GGG,0.31028067326545694
G,GGC,0.629236828784148
H,CAC,-0.286916086823742
I,ATC,-0.0308275545314575
K,AAG,-0.300158930782477
L,CTC,0.22948908369938603
L,TTG,0.129197723568976
N,AAC,-0.299393470668793
P,CCG,1.023892492395639
P,CCC,0.944452798728148
Q,CAG,0.539788915850719
R,AGG,0.7912777332993859
R,CGG,-0.01626335104306964
R,CGC,0.970264787793159
S,TCG,0.158118737314145
S,TCC,0.0527059954119225
T,ACG,0.356615417325497
T,ACC,-0.026074687756629
V,GTG,-0.043859971674284015
V,GTC,-0.00754632655220492
Y,TAC,-0.319691087428729
Z,AGC,0.128226978763441
