AA,Codon,Mean
A,GCG,1.513741683793068
A,GCC,0.773503028003375
C,TGC,0.281765310572584
D,GAC,0.894971603155136
E,GAG,0.658643288576603
F,TTC,0.730226798315843
G,GGG,0.791419559593002
G,GGC,0.635913565401236
H,CAC,1.08725336897373
I,ATC,0.974371385947863
K,AAG,0.41930340739886
L,CTC,0.9351235863725371
L,TTG,0.052518081124872
N,AAC,0.931708931426207
P,CCG,0.968807886251959
P,CCC,0.755049216941992
Q,CAG,0.517854857971271
R,AGG,0.6070569486776959
R,CGG,0.669039223906895
R,CGC,0.64197260881265
S,TCG,0.652806596404314
S,TCC,0.859448216406504
T,ACG,0.887469308528304
T,ACC,0.816431549298763
V,GTG,0.314561124140025
V,GTC,1.01200578351418
Y,TAC,0.758878213612239
Z,AGC,0.50409579149882
