AA,Codon,Mean
A,GCG,-0.263090077321231
A,GCC,-0.188517089992762
C,TGC,-0.173844647643963
D,GAC,-0.207228050768375
E,GAG,-0.265024000890056
F,TTC,0.00767459120339401
G,GGG,-0.06068914963404304
G,GGC,-0.930321707598368
H,CAC,-0.0170097547478526
I,ATC,-0.254912204610308
K,AAG,0.274143318849802
L,CTG,-1.272842607841889
L,CTC,-0.25875540835162003
L,TTG,-1.27539262684981
N,AAC,-0.208042328270276
P,CCG,-0.761209168402354
P,CCC,-0.273102463890115
Q,CAG,-0.612309708058834
R,AGG,-0.0018241681019460776
R,CGG,-0.21935730523665709
R,CGC,-0.973825758918126
S,TCG,-0.48109259588564096
S,TCC,0.170200278696418
T,ACG,-0.195919788803657
T,ACC,-0.0309742982047775
V,GTG,-1.476529128015042
V,GTC,0.122275246269008
Y,TAC,-0.379514211366574
Z,AGC,-0.514238837232192
