AA,Codon,Mean
A,GCG,-1.359821140146255
A,GCC,-0.865083836821715
C,TGC,-0.607696462476254
D,GAC,-0.990984571866194
E,GAG,-1.05609537989299
F,TTC,-0.258260433862607
G,GGG,-0.6516481167316499
G,GGC,-1.98294580345154
H,CAC,-0.702072202483813
I,ATC,-0.822468690633774
K,AAG,-0.343048490214348
L,CTG,-2.46371185728709
L,CTC,-0.8330049292981621
L,TTG,-1.89315820090771
N,AAC,-0.86905277608633
P,CCG,-1.9429937555809849
P,CCC,-0.981396210062504
Q,CAG,-1.56835437281926
R,AGG,-0.5527937884827441
R,CGG,-1.2217400388042141
R,CGC,-1.72446471219063
S,TCG,-1.640033936166768
S,TCC,-0.219663653972745
T,ACG,-1.136139921983083
T,ACC,-0.660212436294556
V,GTG,-2.43794992487828
V,GTC,-0.267096819590529
Y,TAC,-0.953500807889303
Z,AGC,-1.16400720184644
