AA,Codon,Mean
A,GCG,1.092376467216015
A,GCC,0.32785906611681
C,TGC,0.378543258068959
D,GAC,0.0774931296284
E,GAG,0.0436900300805146
F,TTC,-0.325591403176387
G,GGG,1.271092226362229
G,GGC,1.24855605492592
H,CAC,-0.315007944733898
I,ATC,0.0866291754459341
K,AAG,-0.429475018225114
L,CTG,0.11312659555673599
L,CTC,0.17957875243177102
L,TTG,-0.533687346158425
N,AAC,-0.319469126081467
P,CCG,1.617724628760413
P,CCC,0.949338054509958
Q,CAG,0.670408629274368
R,AGG,1.4414541908780731
R,CGG,0.35015996125538984
R,CGC,1.46139078447819
S,TCG,0.14415311530431107
S,TCC,0.0776932271068295
T,ACG,0.49608871012926614
T,ACC,0.0661857217165331
V,GTG,-0.7714883029699289
V,GTC,0.0675375583522022
Y,TAC,-0.340464346408844
Z,AGC,0.327316282410423
