AA,Codon,Mean
A,GCG,0.9050250473121799
A,GCC,0.542241798750559
C,TGC,0.253488186619679
D,GAC,0.666763970510165
E,GAG,0.137077549521625
F,TTC,0.251313058338563
G,GGG,0.5002799396691843
G,GGC,0.514709284436703
H,CAC,0.611700084932645
I,ATC,0.390367037157218
K,AAG,-0.0759529500092069
L,CTG,-0.360897623676062
L,CTC,0.30535292467872305
L,TTG,-0.471806194587549
N,AAC,0.363518460992972
P,CCG,1.125266080011925
P,CCC,0.599569593838851
Q,CAG,0.0145816193532147
R,AGG,0.604583227527139
R,CGG,0.586679414023956
R,CGC,0.287827224858602
S,TCG,1.028722034841776
S,TCC,0.493315912934144
T,ACG,0.9501610966702301
T,ACC,0.618662173561255
V,GTG,-0.5287613806666808
V,GTC,0.56136764181455
Y,TAC,0.257828804378708
Z,AGC,0.356925845549504
