AA,Codon,Mean
A,GCG,0.01553144274552698
A,GCC,-0.0131195964174328
C,TGC,0.350188078765074
D,GAC,-0.171648202134172
E,GAG,-0.175695055898031
F,TTC,-0.223978063896298
G,GGG,0.13156881779431995
G,GGC,0.449179460903009
H,CAC,-0.401216111932198
I,ATC,-0.0628510723856588
K,AAG,-0.445825429393848
L,CTG,0.32254166178902005
L,CTC,0.211416816792886
L,TTG,-0.48222935253183
N,AAC,-0.372034291555484
P,CCG,0.681856240356962
P,CCC,0.923401220866044
Q,CAG,0.231593500733376
R,AGG,1.016670369425355
R,CGG,-0.05284515870411988
R,CGC,0.566762934019168
S,TCG,-0.03849284325242097
S,TCC,-0.024710964802249
T,ACG,0.17201465835571306
T,ACC,-0.0799237779806058
V,GTG,-0.32765381327271403
V,GTC,-0.0443374419161429
Y,TAC,-0.381628027963638
Z,AGC,0.0544413530155842
