AA,Codon,Mean
A,GCG,1.064241956218083
A,GCC,-0.288067149535815
C,TGC,-0.291032178921501
D,GAC,-0.558128426996867
E,GAG,0.0247435698070911
F,TTC,-0.169832199681302
G,GGG,0.766157884802421
G,GGC,-0.669139958369732
H,CAC,-0.24576328257223
I,ATC,-0.488639382370313
K,AAG,-0.389405734781424
L,CTC,-0.4729657114394593
L,TTG,-1.53483247753779
N,AAC,-0.639521585861842
P,CCG,-0.24803442153433897
P,CCC,-0.394116948260864
Q,CAG,-0.751584110621611
R,AGG,0.65396775834560406
R,CGG,-0.16553761797745997
R,CGC,-0.485796176920334
S,TCG,-0.6206987376127394
S,TCC,-0.323810215906302
T,ACG,0.11801476256251403
T,ACC,-0.750977903660139
V,GTG,-1.0122724318627336
V,GTC,-0.2375034368366
Y,TAC,-0.804269168889523
Z,AGC,-0.674883308601379
