AA,Codon,Mean
A,GCG,1.523531128768126
A,GCC,0.304037741132577
C,TGC,-0.0137230061181599
D,GAC,0.159841029255589
E,GAG,0.480459999289115
F,TTC,0.143741018120945
G,GGG,0.9249650644103691
G,GGC,-0.00410971486640462
H,CAC,0.431189128466447
I,ATC,0.132421645369629
K,AAG,0.0946245883474747
L,CTC,0.10445739038487198
L,TTG,-0.684413754280408
N,AAC,0.114252385214468
P,CCG,0.5232708632479119
P,CCC,0.279990208424131
Q,CAG,0.103849422604839
R,AGG,0.611191183247169
R,CGG,0.6652086465239531
R,CGC,0.149823394628863
S,TCG,0.349313695254425
S,TCC,0.24187038585941
T,ACG,0.6452033973922331
T,ACC,0.103521238859495
V,GTG,-0.38518491975317404
V,GTC,0.288712340729435
Y,TAC,-0.112396750646581
Z,AGC,-0.0442779696237364
