AA,Codon,Mean
A,GCG,0.06983623839616793
A,GCC,0.12797245422552
C,TGC,0.472389848895868
D,GAC,-0.0312229220204676
E,GAG,-0.0219813508495068
F,TTC,-0.226753806915879
G,GGG,0.681069752554094
G,GGC,0.568693137896061
H,CAC,-0.22496985454162
I,ATC,0.03064395822566
K,AAG,-0.357521611134211
L,CTC,0.24167852504054693
L,TTG,-0.298212773092588
N,AAC,-0.224344976363579
P,CCG,0.8902261561325596
P,CCC,0.261634435891112
Q,CAG,0.361292561646303
R,AGG,0.807144114171465
R,CGG,-0.44730684015353595
R,CGC,0.757043526113033
S,TCG,-0.138359962507089
S,TCC,0.0613991898653408
T,ACG,0.09062954030036996
T,ACC,0.0475584841042757
V,GTG,-0.250985453965266
V,GTC,0.0596496938300629
Y,TAC,-0.236286467410127
Z,AGC,0.190078200819095
