AA,Codon,Mean
A,GCG,0.4666874407053
A,GCC,0.129915863001843
C,TGC,0.712666051876545
D,GAC,0.0397479885432869
E,GAG,0.600806211034457
F,TTC,-0.191520758359631
G,GGG,-0.24520925142764893
G,GGC,0.766630284059048
H,CAC,-0.110711763264239
I,ATC,0.0198337723655534
K,AAG,-0.120462967659533
L,CTG,0.776594067074359
L,CTC,0.901775712738186
L,TTG,0.532161597776413
N,AAC,-0.158962912899256
P,CCG,1.349007051505645
P,CCC,0.470885456365347
Q,CAG,0.795420589240392
R,AGG,0.8422624392033863
R,CGG,0.25975508987903995
R,CGC,1.00854745469093
S,TCG,0.5764645481089751
S,TCC,0.108817775604626
T,ACG,0.5813417638401179
T,ACC,0.0364596641222636
V,GTG,-0.093234936710199
V,GTC,0.0463139628048986
Y,TAC,-0.18325656666259
Z,AGC,0.301533700367808
