AA,Codon,Mean
A,GCG,1.345183090563615
A,GCC,0.818638129572074
C,TGC,0.959495166524251
D,GAC,1.41189504311085
E,GAG,0.880254695649942
F,TTC,0.544134326608976
G,GGG,0.47949825703303195
G,GGC,1.4260679927508
H,CAC,1.54434248692195
I,ATC,0.833566460156441
K,AAG,0.724488884242376
L,CTG,0.07854670083920101
L,CTC,0.72282322915792
L,TTG,0.177064650297165
N,AAC,1.22665831053257
P,CCG,0.94370909156998
P,CCC,0.229057186201215
Q,CAG,0.928554341344039
R,AGG,0.747119489691659
R,CGG,0.6998197399536752
R,CGC,1.34768163705667
S,TCG,1.200655204039812
S,TCC,0.662963932522138
T,ACG,1.089161687335746
T,ACC,1.02293651194175
V,GTG,0.19692272454275989
V,GTC,0.823739363102118
Y,TAC,1.11268473205566
Z,AGC,1.09451871391932
