AA,Codon,Mean
A,GCG,1.0178424272396038
A,GCC,0.721575993092855
C,TGC,-0.100444345223354
D,GAC,0.687814345459143
E,GAG,-0.5111070916454
F,TTC,0.990213420236111
G,GGG,0.62368241418203
G,GGC,-0.0657910787951955
H,CAC,0.755389875745773
I,ATC,0.818067924106121
K,AAG,0.0902170677012521
L,CTG,-0.7054499602893629
L,CTC,0.29495698736906106
L,TTG,-0.68834057393074
N,AAC,0.906003084146977
P,CCG,0.775660046117504
P,CCC,0.185443031196998
Q,CAG,-0.883918695394198
R,AGG,0.24434952626228013
R,CGG,0.570697908997536
R,CGC,-0.0785160422166413
S,TCG,0.770396945719626
S,TCC,0.403718886091312
T,ACG,0.9544339060115175
T,ACC,0.780629877762
V,GTG,-0.8476208235251734
V,GTC,1.40233591693242
Y,TAC,0.981386632815997
Z,AGC,0.0242869428942193
