AA,Codon,Mean
A,GCG,1.26888535155456
A,GCC,0.707422401690483
C,TGC,2.07274936363697
D,GAC,1.14241536744436
E,GAG,2.08641702412764
F,TTC,-0.217631213239829
G,GGG,0.35825280197461007
G,GGC,2.246114585495
H,CAC,0.994264379902681
I,ATC,0.339004336971045
K,AAG,1.59575411316554
L,CTG,1.4358086393515301
L,CTC,1.161247445664799
L,TTG,1.31784780401389
N,AAC,0.219162714531024
P,CCG,2.111339894898732
P,CCC,1.93141325631936
Q,CAG,2.6351774954319
R,AGG,2.2732369765559812
R,CGG,0.6273439438502
R,CGC,2.27266761115392
S,TCG,1.726833117036025
S,TCC,0.757005638543765
T,ACG,1.40580618038973
T,ACC,0.463799483376741
V,GTG,0.30491125953198006
V,GTC,0.358968300548196
Y,TAC,0.267290408389767
Z,AGC,1.53043240725994
