AA,Codon,Mean
A,GCG,1.1809475071062638
A,GCC,-0.249543385698398
C,TGC,0.392908423686028
D,GAC,0.276958835323652
E,GAG,0.37708565557003
F,TTC,0.317244893970092
G,GGG,0.6420231240898371
G,GGC,-0.0985118155837059
H,CAC,0.298626178392768
I,ATC,0.138186021128794
K,AAG,-0.00690140496380031
L,CTC,0.1554861498077711
L,TTG,-0.736831456148624
N,AAC,0.0918689148669442
P,CCG,0.2502052621923048
P,CCC,-0.127475428353747
Q,CAG,0.00478170775310982
R,AGG,0.571219283316533
R,CGG,-0.12971166197458905
R,CGC,-0.0917832513254136
S,TCG,0.12667610937853702
S,TCC,0.0326770300655863
T,ACG,0.4327634796313939
T,ACC,-0.203126083429654
V,GTG,-0.452722805854678
V,GTC,0.30602162561814
Y,TAC,-1.3693307531062e-4
Z,AGC,0.180995709463954
