AA,Codon,Mean
A,GCG,0.23907040601571405
A,GCC,0.135840493038793
C,TGC,0.515690059832732
D,GAC,-0.287818547745546
E,GAG,0.544444813652833
F,TTC,-0.364390263839563
G,GGG,0.15898990479310193
G,GGC,0.659966611985366
H,CAC,-0.516539258446296
I,ATC,-0.0865192291217546
K,AAG,-0.702546378159523
L,CTC,0.172731862829129
L,TTG,-0.363659055926402
N,AAC,-0.664848743081093
P,CCG,1.198634660122794
P,CCC,0.520138688786825
Q,CAG,0.471467888428768
R,AGG,1.357012716776136
R,CGG,-0.64425524098078
R,CGC,1.18778538753986
S,TCG,-0.586034886207183
S,TCC,-0.00297309497231783
T,ACG,-0.12228989500204801
T,ACC,-0.071230460562557
V,GTG,-0.3601813669999441
V,GTC,-0.0580779828839004
Y,TAC,-0.660783564821879
Z,AGC,0.0295223494699442
