AA,Codon,Mean
A,GCG,-0.22454260005156002
A,GCC,-1.6634989470164
C,TGC,-0.278606135125955
D,GAC,-1.16582929243247
E,GAG,-0.595945206658045
F,TTC,-0.263414922819535
G,GGG,-0.2951972600698469
G,GGC,-1.87185232083003
H,CAC,-1.043487538445
I,ATC,-1.298751831762
K,AAG,-0.844568060072263
L,CTC,-1.3338899153409376
L,TTG,-2.48335676291784
N,AAC,-1.42056955002944
P,CCG,-1.6355941017081341
P,CCC,-1.72000032978058
Q,CAG,-1.47028980724017
R,AGG,0.31865209169395003
R,CGG,-1.48490635669331
R,CGC,-1.78290177861849
S,TCG,-1.7202203067978221
S,TCC,-1.1916174880902
T,ACG,-0.954247411028549
T,ACC,-1.92005230398973
V,GTG,-2.0959634637008087
V,GTC,-1.12213660612901
Y,TAC,-1.26692117690245
Z,AGC,-0.955472022128105
