AA,Codon,Mean
A,GCG,0.16160981645981498
A,GCC,0.0769760208229224
C,TGC,0.578158308088779
D,GAC,-0.204386743682623
E,GAG,0.540267455599705
F,TTC,-0.493459779969851
G,GGG,-0.5781880200266829
G,GGC,0.426738768247763
H,CAC,-0.389328404901425
I,ATC,-0.171833277228475
K,AAG,-0.36627687052091
L,CTG,0.411866881300013
L,CTC,1.1432936842580612
L,TTG,-0.0754062307246029
N,AAC,-0.565155955135822
P,CCG,1.327875627394517
P,CCC,0.567364595810572
Q,CAG,0.833091119289398
R,AGG,1.2189348911988651
R,CGG,-0.45354071867465984
R,CGC,0.987070849446456
S,TCG,0.362280340691408
S,TCC,0.011435027373885
T,ACG,0.3700217862208701
T,ACC,-0.0544698360063136
V,GTG,-0.44515865894556
V,GTC,-0.0884714857041836
Y,TAC,-0.581816876892249
Z,AGC,-0.0976069149116675
