AA,Codon,Mean
A,GCG,1.804948560349144
A,GCC,0.710377332409223
C,TGC,1.79219255324205
D,GAC,1.5398722867012
E,GAG,1.06079283925692
F,TTC,0.648676856267452
G,GGG,-0.039465683321158074
G,GGC,2.40638582762082
H,CAC,1.62728997193972
I,ATC,1.10824805297852
K,AAG,0.941828043822447
L,CTG,0.17796452259222995
L,CTC,1.2447419648090998
L,TTG,0.580832735308011
N,AAC,1.393003515323
P,CCG,1.562625628513098
P,CCC,0.340982448685169
Q,CAG,1.70353026116689
R,AGG,1.297138164838652
R,CGG,1.416220507192611
R,CGC,2.33775895290375
S,TCG,1.5122032274305788
S,TCC,0.73338604747057
T,ACG,1.485431362016
T,ACC,1.15197317298253
V,GTG,-0.20824519930034902
V,GTC,0.575627915438016
Y,TAC,1.00579393332402
Z,AGC,2.22438750368754
