AA,Codon,Mean
A,GCG,1.6276414585193
A,GCC,0.710929421587785
C,TGC,1.46370810286204
D,GAC,1.39070015224616
E,GAG,0.866258693548044
F,TTC,0.82076036273241
G,GGG,0.41584734356602
G,GGC,1.80053577857018
H,CAC,1.49430656479994
I,ATC,1.08271362438202
K,AAG,0.869171690742175
L,CTG,0.12539320077101013
L,CTC,0.921167067603274
L,TTG,0.485729113246997
N,AAC,1.3747108732303
P,CCG,1.262573287661874
P,CCC,0.527282306770484
Q,CAG,1.25014470087687
R,AGG,0.929092974431311
R,CGG,1.330470739933853
R,CGC,1.73200139706135
S,TCG,1.313724947158495
S,TCC,0.815061369351546
T,ACG,1.207844085466862
T,ACC,0.950673412942886
V,GTG,0.054021289959549995
V,GTC,0.761761357371012
Y,TAC,1.08251642436186
Z,AGC,1.77269090528488
