AA,Codon,Mean
A,GCG,1.706972260170923
A,GCC,0.619876858224471
C,TGC,1.88788481239478
D,GAC,1.51768377114932
E,GAG,1.56055937006474
F,TTC,0.836343980868657
G,GGG,1.000963356558477
G,GGC,1.46811063874563
H,CAC,1.90224696494738
I,ATC,1.54406633221308
K,AAG,1.56325358952681
L,CTG,1.7850270123918879
L,CTC,1.5192530256797872
L,TTG,2.37645919137001
N,AAC,1.9088401537021
P,CCG,1.268436014712599
P,CCC,0.894227180687586
Q,CAG,1.78450272123814
R,AGG,1.592782106683651
R,CGG,0.6152673653840999
R,CGC,2.36285127096971
S,TCG,1.643227063973896
S,TCC,1.12995930739641
T,ACG,1.287514321159323
T,ACC,1.66064094635646
V,GTG,0.6667278186639203
V,GTC,1.47496549793084
Y,TAC,1.91807396943569
Z,AGC,1.74065200072924
