AA,Codon,Mean
A,GCG,0.25447045602799023
A,GCC,0.806867517455419
C,TGC,0.0391697544614991
D,GAC,0.23528419636697
E,GAG,0.407987900310755
F,TTC,-0.0160257435556732
G,GGG,0.505496034681793
G,GGC,0.828191303269068
H,CAC,-0.513160294817636
I,ATC,-0.052693208177294
K,AAG,-0.622600097388029
L,CTG,-0.6904837826371201
L,CTC,0.456017192613085
L,TTG,-1.38552300901016
N,AAC,-0.805754096055031
P,CCG,1.030622018342527
P,CCC,0.988813676850001
Q,CAG,0.104617764671308
R,AGG,0.7760872908102561
R,CGG,0.2316523657777918
R,CGC,0.33898184750489
S,TCG,0.09559396831988987
S,TCC,0.0450639575211674
T,ACG,0.47879418955644004
T,ACC,-0.57511748432219
V,GTG,-1.3305916313838115
V,GTC,0.213247003516865
Y,TAC,-0.837043098223209
Z,AGC,-0.247603543391434
