AA,Codon,Mean
A,GCG,0.09558981525898003
A,GCC,0.549138329434395
C,TGC,-0.391260444646344
D,GAC,0.244362198341327
E,GAG,0.0674654911813786
F,TTC,0.434803592294455
G,GGG,0.3256036817200099
G,GGC,0.265959226154226
H,CAC,-0.243490624746806
I,ATC,0.0495210755504532
K,AAG,-0.239758133417173
L,CTG,-0.8959050247013611
L,CTC,0.208757264535625
L,TTG,-1.39380949694316
N,AAC,-0.430545826937507
P,CCG,0.49001369816958895
P,CCC,0.414013585395614
Q,CAG,-0.400965789648021
R,AGG,-0.04500561847289408
R,CGG,0.34662786778087407
R,CGC,-0.155498615745922
S,TCG,-0.015282169302299975
S,TCC,-0.0478416954665979
T,ACG,0.25920671077966595
T,ACC,-0.568803000118335
V,GTG,-0.5991903734107189
V,GTC,0.350745884414514
Y,TAC,-0.454042642580221
Z,AGC,-0.38879736091746
