AA,Codon,Mean
A,GCG,1.4290209082384941
A,GCC,0.911015990300973
C,TGC,0.883860447704792
D,GAC,1.50500292057196
E,GAG,1.19626889590422
F,TTC,1.40186142338912
G,GGG,0.9627175172589479
G,GGC,1.10806030417283
H,CAC,1.57886054530144
I,ATC,1.48467379422188
K,AAG,1.24763366164366
L,CTG,0.6404022505402531
L,CTC,1.275148134716351
L,TTG,0.616784352509181
N,AAC,1.45957006919384
P,CCG,1.133399918911854
P,CCC,0.824847578163942
Q,CAG,0.777687645113468
R,AGG,0.8473309983332931
R,CGG,0.9449787875122889
R,CGC,1.34062362903754
S,TCG,1.263730657756329
S,TCC,0.937724018053214
T,ACG,1.10702762876153
T,ACC,1.04270944114923
V,GTG,0.42055656682252596
V,GTC,1.61268613415559
Y,TAC,1.40640398471355
Z,AGC,1.02314384432236
