AA,Codon,Mean
A,GCG,0.181184688570102
A,GCC,0.134637244181832
C,TGC,0.521683663086096
D,GAC,-0.0228422309523995
E,GAG,0.354352130307754
F,TTC,-0.348667464399338
G,GGG,0.41274824807643695
G,GGC,0.469720275803407
H,CAC,-0.232938005750378
I,ATC,-0.0651469158423444
K,AAG,-0.222127104114493
L,CTG,0.23166548692087402
L,CTC,0.35235708323965503
L,TTG,0.140741448651254
N,AAC,-0.287426626865069
P,CCG,0.633807500065367
P,CCC,0.62940837366581
Q,CAG,0.485586201987664
R,AGG,0.83959568755428
R,CGG,-0.10010114906231005
R,CGC,0.862941333345572
S,TCG,0.229784667731325
S,TCC,-0.00349638513216628
T,ACG,0.31042943430145603
T,ACC,-0.0864499918863177
V,GTG,-0.8631614075660681
V,GTC,-0.0464525166047116
Y,TAC,-0.27865284991463
Z,AGC,0.119249764741709
