AA,Codon,Mean
A,GCG,0.15289202791253698
A,GCC,0.0142281837619623
C,TGC,0.288212183397015
D,GAC,-0.0445810821246356
E,GAG,0.0998700807382663
F,TTC,-0.183578104482094
G,GGG,0.18497873010635402
G,GGC,0.380618895608187
H,CAC,-0.181880403182904
I,ATC,-0.046376226589332
K,AAG,-0.240325020727515
L,CTG,0.34821948049167806
L,CTC,0.19406441713372807
L,TTG,-0.233354304988186
N,AAC,-0.242497976885239
P,CCG,0.8499595660631849
P,CCC,0.304671368634701
Q,CAG,0.249821781727672
R,AGG,0.4599257284681
R,CGG,-0.47043524693250904
R,CGC,0.466880452803771
S,TCG,0.07497705481449701
S,TCC,0.0227016254387485
T,ACG,0.10453237261474102
T,ACC,-0.0177258465980868
V,GTG,-0.110533323422074
V,GTC,-0.0223399605943511
Y,TAC,-0.214517647877336
Z,AGC,0.0593913940464457
