AA,Codon,Mean
A,GCG,0.387456470795348
A,GCC,0.45922605753541
C,TGC,-0.0453939977960847
D,GAC,0.277919114137689
E,GAG,0.231574645342429
F,TTC,0.129043959750732
G,GGG,0.4032312015720102
G,GGC,0.217874294618766
H,CAC,0.237435436828931
I,ATC,0.291960555184881
K,AAG,0.199333262125651
L,CTG,-0.288684785277893
L,CTC,0.15608588471661003
L,TTG,-0.29991351827383
N,AAC,0.236062499501308
P,CCG,0.36632141439299987
P,CCC,0.321463942493002
Q,CAG,0.139639649561048
R,AGG,0.4748514709938848
R,CGG,0.17409468583837204
R,CGC,-0.0207545506199378
S,TCG,0.15495316564875308
S,TCC,0.443604109960794
T,ACG,0.30910682733158257
T,ACC,0.396708689139287
V,GTG,-0.29091411233472003
V,GTC,0.481873331046104
Y,TAC,-0.0267711769181168
Z,AGC,-0.0172984297354092
