AA,Codon,Mean
A,GCG,0.7951893775070701
A,GCC,0.646396946267287
C,TGC,0.0600114080951433
D,GAC,0.641611539196968
E,GAG,0.487804922880729
F,TTC,0.341197734578451
G,GGG,0.594883238411508
G,GGC,0.33620675120155
H,CAC,0.649084051422278
I,ATC,0.520427558795611
K,AAG,0.39726371041735
L,CTG,-0.07686474118630099
L,CTC,0.46026616064608095
L,TTG,-0.0607239517807961
N,AAC,0.564499324723085
P,CCG,0.5848543329370539
P,CCC,0.571421301714579
Q,CAG,0.381648617823919
R,AGG,0.445984468225638
R,CGG,0.618354291320841
R,CGC,0.207683123828967
S,TCG,0.5559906181101302
S,TCC,0.637980493593216
T,ACG,0.6265526775732639
T,ACC,0.573083617444833
V,GTG,0.039944205735128024
V,GTC,0.676827164363861
Y,TAC,0.337650323551893
Z,AGC,0.201770732819041
