AA,Codon,Mean
A,GCG,-1.219492085444928
A,GCC,-1.3578120528539
C,TGC,-1.31685136570136
D,GAC,-1.15226538515091
E,GAG,-1.02919796398083
F,TTC,-0.640423928391933
G,GGG,-1.1710119392951401
G,GGC,-2.08492986520131
H,CAC,-0.991139084649086
I,ATC,-1.06713511213462
K,AAG,-0.548118404302994
L,CTG,-1.9532476202885278
L,CTC,-1.2170991827329
L,TTG,-0.618222587599357
N,AAC,-0.798463540267944
P,CCG,-2.293178928561016
P,CCC,-1.6246234561046
Q,CAG,-1.20498700858752
R,AGG,-1.656886215808864
R,CGG,-0.829983297355971
R,CGC,-1.70128718553384
S,TCG,-1.2487034541050641
S,TCC,-0.923544618165493
T,ACG,-1.0592290237387019
T,ACC,-0.955720812773705
V,GTG,-1.046764848474662
V,GTC,-1.11315091191928
Y,TAC,-0.962576821692785
Z,AGC,-1.28538139518102
