AA,Codon,Mean
A,GCG,0.273869888401036
A,GCC,0.486471761830648
C,TGC,0.274509570619961
D,GAC,-0.00211193830338313
E,GAG,-0.308435241506497
F,TTC,-0.245853165359298
G,GGG,0.1719944671153999
G,GGC,0.930708195781708
H,CAC,-0.126319336226144
I,ATC,0.173475395794213
K,AAG,-1.08145078185797
L,CTG,0.49989744406541003
L,CTC,0.40641368970871006
L,TTG,-1.40472906106313
N,AAC,-0.559389818779627
P,CCG,1.5618808948953942
P,CCC,1.06519910500447
Q,CAG,-0.501389801679055
R,AGG,1.705616471368074
R,CGG,-1.032208062613015
R,CGC,0.404785618354877
S,TCG,-0.2856966071009639
S,TCC,0.294582742891709
T,ACG,0.07750458482503908
T,ACC,-0.0221769728924805
V,GTG,-0.8465686075677521
V,GTC,0.290879640602072
Y,TAC,-0.434679273372889
Z,AGC,-0.0997553716224686
