AA,Codon,Mean
A,GCG,1.015008947380379
A,GCC,1.13663816142082
C,TGC,0.7840903810064
D,GAC,1.02040673814217
E,GAG,0.656300836908817
F,TTC,0.475538743833701
G,GGG,0.8300583108027801
G,GGC,1.43691198586623
H,CAC,0.872199979201953
I,ATC,0.926277861988544
K,AAG,-0.0662228112439586
L,CTG,1.192028454311693
L,CTC,1.083098438556984
L,TTG,-0.15766205259641
N,AAC,0.518755599182844
P,CCG,2.0471859693328582
P,CCC,1.58626288615068
Q,CAG,0.416331884795427
R,AGG,1.38101141576232
R,CGG,-0.2521940070986699
R,CGC,1.05261704287926
S,TCG,0.777124078198274
S,TCC,0.886215208224456
T,ACG,0.9256566232840219
T,ACC,0.761516770927111
V,GTG,0.14364911060333996
V,GTC,1.05351504855951
Y,TAC,0.541334235515197
Z,AGC,0.615837662488222
