AA,Codon,Mean
A,GCG,1.346338169008493
A,GCC,0.646797339681784
C,TGC,0.521579059541225
D,GAC,0.867008830090364
E,GAG,0.688818335588773
F,TTC,0.847575180025895
G,GGG,0.814115426331013
G,GGC,0.813793177072207
H,CAC,0.827677666111787
I,ATC,0.83677624887228
K,AAG,0.682789763514201
L,CTG,0.5097344890594441
L,CTC,0.8963432639638601
L,TTG,0.126443649616837
N,AAC,0.739361547720432
P,CCG,1.211063142895699
P,CCC,0.799527050749461
Q,CAG,0.510802815226714
R,AGG,0.631438521802422
R,CGG,0.9594783068120479
R,CGC,1.00413666884899
S,TCG,1.1551664939443271
S,TCC,0.820728612633546
T,ACG,1.1768315804342429
T,ACC,0.713398734207948
V,GTG,0.005695004757245936
V,GTC,1.10295288091501
Y,TAC,0.641424898715814
Z,AGC,0.624571618537108
