AA,Codon,Mean
A,GCG,0.05436902620593703
A,GCC,0.0578278224187593
C,TGC,0.360841613314549
D,GAC,-0.178656134393811
E,GAG,0.287962465540568
F,TTC,-0.331888733404875
G,GGG,0.11558584971030594
G,GGC,0.473193492352962
H,CAC,-0.380704239539305
I,ATC,-0.116042002073427
K,AAG,-0.549276812664668
L,CTG,-0.08105615222851398
L,CTC,0.04334689785289962
L,TTG,-0.200051424470544
N,AAC,-0.44080264100035
P,CCG,0.691034454931319
P,CCC,0.930871720190843
Q,CAG,0.333800271513065
R,AGG,0.77322545359333394
R,CGG,-0.24486569070021003
R,CGC,0.539199481532971
S,TCG,0.12839085934559502
S,TCC,-0.0775787096512814
T,ACG,0.07899559343854601
T,ACC,-0.106940382972856
V,GTG,-0.532543898787102
V,GTC,-0.080403411253045
Y,TAC,-0.459617850001653
Z,AGC,-0.0607957505779341
