AA,Codon,Mean
A,GCG,1.031981418099003
A,GCC,0.556954905772209
C,TGC,0.94923448356389994
D,GAC,0.749653060829639
E,GAG,0.0134882742283386
F,TTC,-0.376500400467714
G,GGG,0.47132284329733
G,GGC,1.25379679824511
H,CAC,0.562571049660444
I,ATC,-0.355285359309117
K,AAG,-0.573002415144443
L,CTG,-0.49046582048734
L,CTC,0.09538772346575997
L,TTG,-1.12732733004093
N,AAC,-0.222922312264641
P,CCG,1.644116024541855
P,CCC,1.40696321907043
Q,CAG,0.205994092321396
R,AGG,1.447257936161758
R,CGG,0.4903889641602901
R,CGC,1.28319175039132
S,TCG,0.810229816138745
S,TCC,0.517889183574915
T,ACG,0.856914669160053
T,ACC,0.480656185599168
V,GTG,-1.153540099506577
V,GTC,0.237694179789225
Y,TAC,0.145454010961453
Z,AGC,0.537560591598352
