AA,Codon,Mean
A,GCG,0.9783199987853559
A,GCC,0.515258749785026
C,TGC,0.568951386050383
D,GAC,0.879945458944639
E,GAG,0.169806896364689
F,TTC,-0.162301308899124
G,GGG,0.458485559902589
G,GGC,0.760967116848628
H,CAC,0.923063325206439
I,ATC,-0.256525981296102
K,AAG,-0.236542508527637
L,CTG,-0.18550208478569996
L,CTC,0.14154890168309198
L,TTG,-0.564127690708637
N,AAC,0.292545375495156
P,CCG,1.044481046462059
P,CCC,0.74334426470995
Q,CAG,-0.101711664120108
R,AGG,0.49340307036240993
R,CGG,0.206489788434902
R,CGC,0.737628966875871
S,TCG,0.8281673421283571
S,TCC,0.495894224139055
T,ACG,0.73513407763044
T,ACC,0.498771797517935
V,GTG,-0.708484575536847
V,GTC,0.3086330709517
Y,TAC,0.593150046082338
Z,AGC,0.499769432848692
