AA,Codon,Mean
A,GCG,9.631616592409853e-4
A,GCC,0.00970311772399552
C,TGC,0.252087234632174
D,GAC,-0.129847629345457
E,GAG,-0.182608685557048
F,TTC,-0.176721628881494
G,GGG,-0.012839837769667017
G,GGC,0.20095557358861
H,CAC,-0.302177839799722
I,ATC,-0.0393731373793135
K,AAG,-0.2623641803056
L,CTG,-0.24544030012091
L,CTC,-0.017742478810747003
L,TTG,-0.382827751628558
N,AAC,-0.337828457633654
P,CCG,0.3948597195990388
P,CCC,0.4802540464739
Q,CAG,0.211272240097324
R,AGG,0.6858054110638172
R,CGG,0.21286150942246596
R,CGC,0.253232179518541
S,TCG,-0.011685615638892033
S,TCC,-0.0524398267502586
T,ACG,0.072114176436265
T,ACC,-0.103506326670945
V,GTG,-0.3271129218320051
V,GTC,-0.0186155119935516
Y,TAC,-0.322417948579788
Z,AGC,-0.0457931793825439
