AA,Codon,Mean
A,GCG,1.9195895579616242
A,GCC,0.874541908025742
C,TGC,2.14582029192448
D,GAC,1.64274287428061
E,GAG,1.71259662895203
F,TTC,0.335923182958364
G,GGG,-0.31683622071743
G,GGC,2.2842525885264102
H,CAC,1.69552958594958
I,ATC,0.784154139888287
K,AAG,0.566670108060042
L,CTG,1.0224526311874338
L,CTC,2.006495596690972
L,TTG,0.859653957386812
N,AAC,1.14596335570017
P,CCG,2.59324073733489
P,CCC,1.03488537676732
Q,CAG,2.23657406846682
R,AGG,2.1739452204585
R,CGG,0.9523372452735899
R,CGC,2.72247241255442
S,TCG,1.516861435807746
S,TCC,0.930915046823025
T,ACG,1.7625202225685068
T,ACC,0.944782810215155
V,GTG,-0.083734218037128
V,GTC,0.618243377796809
Y,TAC,1.18493361663818
Z,AGC,1.86733943548203
