AA,Codon,Mean
A,GCG,0.04004007154703093
A,GCC,0.00447212974898045
C,TGC,0.291552165727814
D,GAC,-0.128942414267858
E,GAG,0.44418313024044
F,TTC,-0.300758806872368
G,GGG,-0.308138402424256
G,GGC,0.185514774190386
H,CAC,-0.197616116639972
I,ATC,-0.0870130446980397
K,AAG,-0.204050425926844
L,CTG,0.27987624127915417
L,CTC,0.5808587414090266
L,TTG,0.221365246650577
N,AAC,-0.379257423563798
P,CCG,0.735112064712246
P,CCC,0.472246618350347
Q,CAG,0.547751363188028
R,AGG,0.7296711098482214
R,CGG,-0.13350456081231998
R,CGC,0.422033728437622
S,TCG,0.16494976328015304
S,TCC,-0.0208251211821315
T,ACG,0.29680065675973905
T,ACC,-0.0655362664384146
V,GTG,-0.18851946596900604
V,GTC,-0.0590022316274544
Y,TAC,-0.33653771974047
Z,AGC,-0.103247496197745
