AA,Codon,Mean
A,GCG,1.689420700225231
A,GCC,0.740395630478859
C,TGC,1.41518001538118
D,GAC,1.51325812038581
E,GAG,0.966116420118014
F,TTC,0.805656753993034
G,GGG,0.31781233286460203
G,GGC,1.53390593694051
H,CAC,1.57894765396118
I,ATC,0.896400883305073
K,AAG,0.773533289484183
L,CTG,0.5129987379233029
L,CTC,1.126851008629799
L,TTG,0.491073443271716
N,AAC,1.35905222913424
P,CCG,1.601779322195056
P,CCC,0.503423714814583
Q,CAG,1.30174769847393
R,AGG,1.165710989817976
R,CGG,1.1417700869033258
R,CGC,1.63927650016944
S,TCG,1.347060495962699
S,TCC,0.796623534540335
T,ACG,1.3821372415502882
T,ACC,0.831676603420575
V,GTG,0.19586805350184402
V,GTC,0.856102296753724
Y,TAC,1.40810289496581
Z,AGC,1.48793607107798
