AA,Codon,Mean
A,GCG,-0.080872155324618
A,GCC,0.0486552403555562
C,TGC,0.324011751606067
D,GAC,-0.0687253637447953
E,GAG,-0.0830636850019296
F,TTC,-0.20193990615507
G,GGG,0.48640219847957306
G,GGC,0.438447873687744
H,CAC,-0.237095974021157
I,ATC,-0.0120991855900619
K,AAG,-0.32428048671484
L,CTC,0.12612634426752695
L,TTG,-0.338049851459265
N,AAC,-0.244011278047164
P,CCG,0.6297422048781794
P,CCC,0.152858315400779
Q,CAG,0.1588948588262
R,AGG,0.6225563146318
R,CGG,-0.596787012616792
R,CGC,0.570183408047756
S,TCG,-0.19731671498020498
S,TCC,0.0164274796946527
T,ACG,0.007885273142655969
T,ACC,-0.035758514277637
V,GTG,-0.24450674370378198
V,GTC,0.00975016584579453
Y,TAC,-0.251599342930317
Z,AGC,0.130843404089908
