AA,Codon,Mean
A,GCG,1.053386656192939
A,GCC,-0.0409023019835143
C,TGC,0.0737145399948461
D,GAC,-0.0856505335440238
E,GAG,0.446666149622202
F,TTC,0.354294707743327
G,GGG,0.786936785365145
G,GGC,-0.245400781213244
H,CAC,0.181053154842556
I,ATC,0.075243636063983
K,AAG,0.259370597877105
L,CTC,0.024138010136287025
L,TTG,-1.19603629377683
N,AAC,0.0217930479222996
P,CCG,0.2011803917964469
P,CCC,-0.0363567992619384
Q,CAG,0.00542478971951865
R,AGG,0.724544550879797
R,CGG,0.40620542924006797
R,CGC,-0.185648033599059
S,TCG,-0.4157380300591388
S,TCC,0.00690944744263591
T,ACG,0.26400148008192503
T,ACC,-0.428156076876322
V,GTG,-0.833755858147144
V,GTC,0.374465136269728
Y,TAC,-0.22600334414045
Z,AGC,-0.0914229815468192
