AA,Codon,Mean
A,GCG,1.40716085657676
A,GCC,0.365653531652689
C,TGC,0.160458425978323
D,GAC,0.263294406863054
E,GAG,0.55915560084184
F,TTC,0.404012400853634
G,GGG,0.9933375070035451
G,GGC,0.183672400027514
H,CAC,0.497536208242178
I,ATC,0.334538979516427
K,AAG,0.280006969474753
L,CTC,0.341710536404947
L,TTG,-0.738635814364751
N,AAC,0.288633662831783
P,CCG,0.803213619594773
P,CCC,0.347768338888884
Q,CAG,0.348341112279892
R,AGG,0.662738452608139
R,CGG,0.927757346052924
R,CGC,0.170058944452802
S,TCG,0.2840183588758114
S,TCC,0.331463199756543
T,ACG,0.6245901330299674
T,ACC,0.0735126921383043
V,GTG,-0.4104269737082226
V,GTC,0.552056864261627
Y,TAC,0.0704245400824895
Z,AGC,0.112209533349673
