AA,Codon,Mean
A,GCG,0.41655017120440807
A,GCC,0.0877398819454014
C,TGC,0.898601261063417
D,GAC,0.0494527126260723
E,GAG,0.739693018507957
F,TTC,-0.320043710887432
G,GGG,0.49507798333566
G,GGC,0.66547180763483
H,CAC,-0.161258573911091
I,ATC,-6.1412240941585e-4
K,AAG,-0.233801571729779
L,CTG,0.18079132904509698
L,CTC,0.6582885612974559
L,TTG,0.433217613101006
N,AAC,-0.253485153287649
P,CCG,0.8944905906995131
P,CCC,1.20464365133444
Q,CAG,0.976155863507589
R,AGG,1.38574892261823
R,CGG,0.6584935769081199
R,CGC,1.22014130348365
S,TCG,0.626547763741016
S,TCC,0.0598767182980975
T,ACG,0.6288108559211051
T,ACC,-0.0120841298247678
V,GTG,-0.831405626153942
V,GTC,-0.0293394998925001
Y,TAC,-0.253444000543157
Z,AGC,0.460591380488873
