AA,Codon,Mean
A,GCG,2.0431296512941555
A,GCC,1.58663959285418
C,TGC,0.917806179515521
D,GAC,1.86685257221063
E,GAG,1.17423341778914
F,TTC,1.30955754496257
G,GGG,1.0612286776825781
G,GGC,1.58288994685809
H,CAC,1.87343526844978
I,ATC,1.53523672685623
K,AAG,1.39576213614941
L,CTG,0.8096733837008451
L,CTC,1.2702262338638262
L,TTG,0.637132170669238
N,AAC,1.60336689166228
P,CCG,1.8918031440575074
P,CCC,1.18899085038503
Q,CAG,0.98729900794824
R,AGG,1.288539736163615
R,CGG,1.196293624176581
R,CGC,1.43998287157218
S,TCG,1.7959699954410442
S,TCC,1.36626665359338
T,ACG,1.7105950024399939
T,ACC,1.49575251629353
V,GTG,0.4458807874997419
V,GTC,1.98998832864761
Y,TAC,1.5689686622858
Z,AGC,1.16842982950211
