AA,Codon,Mean
A,GCG,-0.21053474965492902
A,GCC,-0.143086123333375
C,TGC,-0.229803799551725
D,GAC,-0.110778230675062
E,GAG,-0.0171318733620554
F,TTC,0.0865331268340349
G,GGG,0.133789120435715
G,GGC,-0.550145080506802
H,CAC,0.284173598297437
I,ATC,-0.0229592685520809
K,AAG,-0.0151630392190393
L,CTG,-0.5969575476191933
L,CTC,-0.34694718544036096
L,TTG,-0.441681844121218
N,AAC,0.2622909126242
P,CCG,-0.33198048476378095
P,CCC,0.235939020825426
Q,CAG,-0.106443640267601
R,AGG,-0.079463934594392
R,CGG,-0.41613572521408404
R,CGC,-0.6087304372708
S,TCG,-0.329418185929457
S,TCC,-0.0335745326517535
T,ACG,-0.18246149473587703
T,ACC,0.125413939976195
V,GTG,-0.796769248705109
V,GTC,-0.341304337908824
Y,TAC,-0.0509683327004702
Z,AGC,0.0192572343376785
