AA,Codon,Mean
A,GCG,0.17803760739564894
A,GCC,0.356780361706018
C,TGC,0.0405104762071155
D,GAC,0.344101099218925
E,GAG,0.243822262676557
F,TTC,0.451412220813831
G,GGG,0.5053599275665286
G,GGC,-0.099176107634604
H,CAC,0.702679693671068
I,ATC,0.502026203970114
K,AAG,0.102329926899076
L,CTG,-0.20811229986896101
L,CTC,0.306865578144789
L,TTG,-0.102983360685905
N,AAC,0.711839363276959
P,CCG,0.104007711911201
P,CCC,0.721944336680571
Q,CAG,0.142468218827744
R,AGG,0.165636967021227
R,CGG,-0.012103775831063035
R,CGC,-0.141075565294425
S,TCG,0.10584726203084
S,TCC,0.473839691263437
T,ACG,0.12147866117358197
T,ACC,0.558344414273898
V,GTG,-0.42992016303340597
V,GTC,0.201354489049315
Y,TAC,0.446244707379738
Z,AGC,0.315023076913754
