AA,Codon,Mean
A,GCG,-0.08982399838566701
A,GCC,0.0355098859856526
C,TGC,-0.272983896396558
D,GAC,-0.101700489664078
E,GAG,-0.322681741293271
F,TTC,-0.41265424833099
G,GGG,0.36652500200271704
G,GGC,0.182841041116913
H,CAC,-0.354824559571346
I,ATC,-0.122591836855312
K,AAG,-0.49095894155701
L,CTG,-0.18222935705781
L,CTC,-0.037347589537500975
L,TTG,-0.514331808851163
N,AAC,-0.358143176352978
P,CCG,0.10385011331240296
P,CCC,-0.0304503403059352
Q,CAG,-0.406938582058748
R,AGG,0.360249318216245
R,CGG,0.399627171498537
R,CGC,0.218403707076112
S,TCG,-0.140468901240825
S,TCC,-0.0605243957585345
T,ACG,0.004971585013468949
T,ACC,-0.0788232642797132
V,GTG,-0.11468901751637395
V,GTC,-0.0657040058826407
Y,TAC,-0.268797485335668
Z,AGC,-0.233448709452152
