AA,Codon,Mean
A,GCG,-1.22890617784659
A,GCC,-1.70257228534222
C,TGC,-0.950734956252575
D,GAC,-1.39815481797059
E,GAG,-1.15682559660276
F,TTC,-0.624556066540877
G,GGG,-1.183540940892693
G,GGC,-2.11710110233625
H,CAC,-1.20950980087121
I,ATC,-1.14356792813937
K,AAG,-1.16728927676678
L,CTC,-1.011802498024702
L,TTG,-1.9346945022742
N,AAC,-1.35823456946214
P,CCG,-1.962451842898126
P,CCC,-1.44167512001197
Q,CAG,-1.49649895464579
R,AGG,-1.055961980384216
R,CGG,-1.294786730970936
R,CGC,-1.67025657689571
S,TCG,-2.0909711890161002
S,TCC,-1.48710094444752
T,ACG,-1.867813891772427
T,ACC,-1.69321756199996
V,GTG,-1.970538382119173
V,GTC,-1.11426261843046
Y,TAC,-1.11365613897642
Z,AGC,-1.18083000485102
