AA,Codon,Mean
A,GCG,1.861496429825826
A,GCC,1.14467881081899
C,TGC,0.41317458058397
D,GAC,0.968000072324276
E,GAG,0.742513343795141
F,TTC,0.315616704298059
G,GGG,1.4010159222165761
G,GGC,1.33523867669106
H,CAC,0.79145623250405
I,ATC,0.78760422223409
K,AAG,0.57462109263738
L,CTC,0.7383998333374621
L,TTG,0.119522009819591
N,AAC,0.861206761316458
P,CCG,2.001408658257131
P,CCC,1.08166540548801
Q,CAG,1.17304179192384
R,AGG,1.405224399516976
R,CGG,0.7825596373682211
R,CGC,0.983841297864914
S,TCG,1.444297977951165
S,TCC,1.06041837043762
T,ACG,1.5947327135125842
T,ACC,1.04845725502968
V,GTG,-7.680109818799519e-4
V,GTC,0.890722426581383
Y,TAC,0.322323747465014
Z,AGC,0.499267179562648
