AA,Codon,Mean
A,GCG,-0.231735823138856
A,GCC,-0.352766590015093
C,TGC,0.0348861772152624
D,GAC,-0.615255050726732
E,GAG,-0.203883736725648
F,TTC,0.00983740432641507
G,GGG,0.548108167131742
G,GGC,-0.854836690286795
H,CAC,-0.160633521944284
I,ATC,-0.0874934195369482
K,AAG,-0.286715412187576
L,CTG,-1.519167302862803
L,CTC,-0.7466649997417255
L,TTG,-1.6293004237175
N,AAC,-0.851145098539194
P,CCG,-0.3593985336784006
P,CCC,-0.1691735901167
Q,CAG,-0.523682452213764
R,AGG,0.503719151843091
R,CGG,-0.09221334902842804
R,CGC,-0.673575184635321
S,TCG,-0.8335444664684439
S,TCC,-0.0590817518178374
T,ACG,-0.490286710182826
T,ACC,-0.537902620156606
V,GTG,-1.988986150109772
V,GTC,-0.432674036858479
Y,TAC,-0.921997217186292
Z,AGC,-0.246935158979893
