AA,Codon,Mean
A,GCG,0.1244506213188099
A,GCC,-0.124525753353039
C,TGC,-0.174012154652675
D,GAC,-0.202049277417858
E,GAG,-1.02608880764246
F,TTC,-0.441878999231259
G,GGG,1.534295653518045
G,GGC,0.240955518215895
H,CAC,-0.527970955540736
I,ATC,-0.14132546206216
K,AAG,-1.45675411756833
L,CTG,-1.2479779108367879
L,CTC,-0.06652476646105998
L,TTG,-1.02412020959854
N,AAC,-1.03684783087174
P,CCG,-0.12393847704728
P,CCC,-0.335918000330528
Q,CAG,-1.30227524533272
R,AGG,1.568988785421848
R,CGG,1.164303944522147
R,CGC,1.17170070348581
S,TCG,-0.628904758977895
S,TCC,-0.0847449779157837
T,ACG,0.1847422562996599
T,ACC,-0.237289290549358
V,GTG,-0.8568142472624819
V,GTC,-0.0848995906484624
Y,TAC,-1.00793317548434
Z,AGC,-0.551752102907499
