AA,Codon,Mean
A,GCG,1.420650159144401
A,GCC,-0.00298173545942938
C,TGC,0.120643254856517
D,GAC,0.450477658893665
E,GAG,0.300860483775536
F,TTC,0.175725515115261
G,GGG,0.208977366013825
G,GGC,-0.230028348674377
H,CAC,0.549864349500338
I,ATC,0.0326300242598382
K,AAG,0.26151653017203
L,CTC,0.10624227657616331
L,TTG,-0.63611524677674
N,AAC,0.367561676128705
P,CCG,0.124968599195281
P,CCC,0.0158399730654562
Q,CAG,-0.0663354330018163
R,AGG,0.11812540553212197
R,CGG,-0.18942585310538607
R,CGC,-0.23081129292647
S,TCG,0.160304210303786
S,TCC,0.0334657054382638
T,ACG,0.3004862598578133
T,ACC,0.0434238092271301
V,GTG,-1.0304555070181691
V,GTC,0.307319309335947
Y,TAC,0.14592432350119
Z,AGC,0.20029557343026
