AA,Codon,Mean
A,GCG,1.121387292760611
A,GCC,-0.447575222508113
C,TGC,0.09593111886171
D,GAC,0.166554830939571
E,GAG,-0.0960240329101682
F,TTC,-0.0921133970009784
G,GGG,0.17494669764041898
G,GGC,-0.448557492607832
H,CAC,0.210589741301537
I,ATC,-0.222647674585382
K,AAG,-0.168020688451827
L,CTC,-0.03394270906051
L,TTG,-1.1687602366209
N,AAC,-0.0690633831417809
P,CCG,-0.19468957480005933
P,CCC,-0.287746467630068
Q,CAG,-0.469849643419186
R,AGG,0.24114343841917957
R,CGG,-0.7056332450727629
R,CGC,-0.350340597748756
S,TCG,-0.538229255955914
S,TCC,-0.425099219932159
T,ACG,-0.14840663050562097
T,ACC,-0.442387081438303
V,GTG,-1.530606775391103
V,GTC,-0.0214470965005968
Y,TAC,-0.201278527572751
Z,AGC,0.0653387509323812
