AA,Codon,Mean
A,GCG,0.25254357981681896
A,GCC,0.142741106945773
C,TGC,0.200790365643303
D,GAC,-0.220028886603316
E,GAG,-0.163049057028691
F,TTC,-0.231301638880372
G,GGG,0.7732747149904611
G,GGC,0.441388653665781
H,CAC,-0.42196789907217
I,ATC,0.0155790903710097
K,AAG,-0.408674316036701
L,CTC,0.157335834775368
L,TTG,-0.365827107721567
N,AAC,-0.359587508320808
P,CCG,1.0256476486203572
P,CCC,0.394216009732087
Q,CAG,0.271791482823094
R,AGG,0.768724431292216
R,CGG,-0.46109380856752213
R,CGC,0.612633306578795
S,TCG,-0.12348200797438597
S,TCC,0.120563969777028
T,ACG,0.07121711874008202
T,ACC,0.0151819998910486
V,GTG,-0.36158363063534105
V,GTC,0.0210550110747727
Y,TAC,-0.431335193185012
Z,AGC,-0.0858431580858926
