AA,Codon,Mean
A,GCG,0.5953833674887801
A,GCC,0.209881304036578
C,TGC,0.262910016691685
D,GAC,0.0481909661042194
E,GAG,-0.0037934987274495
F,TTC,-0.282874315558871
G,GGG,0.9683271692593851
G,GGC,0.814996789840857
H,CAC,-0.336670887027184
I,ATC,0.0276655495940397
K,AAG,-0.401233849855264
L,CTG,-0.28400947527488
L,CTC,0.0999399149758119
L,TTG,-0.359361243373156
N,AAC,-0.263625997189681
P,CCG,1.087113140319784
P,CCC,1.09188513973554
Q,CAG,0.341684329261382
R,AGG,0.925234987321496
R,CGG,-0.6385927382787079
R,CGC,0.840647811031342
S,TCG,-0.041993752034505005
S,TCC,0.0643840615091224
T,ACG,0.23062271198431705
T,ACC,0.0398115273450812
V,GTG,-1.027302010649439
V,GTC,-0.0442716614404072
Y,TAC,-0.32037110521396
Z,AGC,0.120625005572538
