AA,Codon,Mean
A,GCG,-0.546178906744719
A,GCC,-0.6670465259552
C,TGC,-0.086288547900226
D,GAC,-0.988991420225302
E,GAG,-0.868356825359662
F,TTC,-0.0989642471782863
G,GGG,0.24172552666664193
G,GGC,-1.0101467433691
H,CAC,-0.44044245818456
I,ATC,-0.459046258217096
K,AAG,-0.351359285634756
L,CTG,-2.2178194740811943
L,CTC,-0.36674199757427
L,TTG,-2.13776241307259
N,AAC,-1.03132688622475
P,CCG,-1.328973473990958
P,CCC,-0.687258796525002
Q,CAG,-1.17325994965235
R,AGG,0.795787049237887
R,CGG,-0.6440157770812471
R,CGC,-0.787082317785422
S,TCG,-1.724379908428591
S,TCC,-0.222671522322297
T,ACG,-0.817603795989359
T,ACC,-0.710693843527635
V,GTG,-2.628541376511254
V,GTC,0.444455240519842
Y,TAC,-0.617063282616933
Z,AGC,-0.780295285081863
