AA,Codon,Mean
A,GCG,0.15898670865297304
A,GCC,-0.136582666109502
C,TGC,0.0218459003460997
D,GAC,-0.212907421333591
E,GAG,-0.198464385643601
F,TTC,0.137380318972468
G,GGG,0.32998993989030595
G,GGC,-0.394174123448133
H,CAC,0.0843897955562919
I,ATC,-0.0528224939160049
K,AAG,0.210485480796297
L,CTG,-1.2276251758575452
L,CTC,-0.007611921578644987
L,TTG,-1.377238215669
N,AAC,-0.372972647317251
P,CCG,-0.50622719463259
P,CCC,-0.233914166825016
Q,CAG,-0.446591373727719
R,AGG,0.547761521878839
R,CGG,0.12173843541145302
R,CGC,-0.437698138835033
S,TCG,-0.4947091479917053
S,TCC,0.107970490509768
T,ACG,0.006180544126033971
T,ACC,-0.156397503742079
V,GTG,-1.6345803515871329
V,GTC,0.445554549016555
Y,TAC,-0.223010429639618
Z,AGC,-0.364511967120568
