AA,Codon,Mean
A,GCG,-1.1697140276352598
A,GCC,-1.99801442484061
C,TGC,-1.28443241263231
D,GAC,-1.78631709944407
E,GAG,-1.54392535587152
F,TTC,-0.490505497205257
G,GGG,-1.3645200021028498
G,GGC,-2.7005144718647
H,CAC,-1.56891184953054
I,ATC,-0.909934542477131
K,AAG,-0.89772121591568
L,CTC,-1.185118304149309
L,TTG,-1.90706361826261
N,AAC,-1.54057934074402
P,CCG,-2.1480764547844737
P,CCC,-1.87361616427898
Q,CAG,-2.06081780265967
R,AGG,-0.917284334202607
R,CGG,-1.3722247895558661
R,CGC,-2.46533882133166
S,TCG,-1.835589792398611
S,TCC,-1.4522194955349
T,ACG,-1.465067102130257
T,ACC,-1.80448525129159
V,GTG,-1.4938037107825322
V,GTC,-1.37841132322152
Y,TAC,-1.48026349337896
Z,AGC,-1.72034802370866
