AA,Codon,Mean
A,GCG,1.7841569415489897
A,GCC,1.00696277994712
C,TGC,1.07433261741797
D,GAC,0.629801545230548
E,GAG,1.29133097596169
F,TTC,-0.418923656413953
G,GGG,1.0123254897753402
G,GGC,1.8386590877374
H,CAC,0.779581447283427
I,ATC,0.31779367531538
K,AAG,0.381267214302222
L,CTC,0.708409699980419
L,TTG,-0.21880430653592
N,AAC,0.398483091425896
P,CCG,2.1289134506274614
P,CCC,1.40762081689835
Q,CAG,1.30391273891926
R,AGG,1.801119654383259
R,CGG,0.3652113962093999
R,CGC,2.03016520461241
S,TCG,0.8418645943641669
S,TCC,0.882973696307341
T,ACG,1.0155975792407999
T,ACC,0.727402806802591
V,GTG,-0.8953185348272299
V,GTC,0.830830733748277
Y,TAC,0.107423025628335
Z,AGC,0.835136868703365
