AA,Codon,Mean
A,GCG,1.5408030977919709
A,GCC,0.916101824378967
C,TGC,0.60438561535279
D,GAC,0.817946685465177
E,GAG,0.551157565736771
F,TTC,0.290689331712325
G,GGG,0.973003858582181
G,GGC,1.0586390821139
H,CAC,0.687224973595142
I,ATC,0.600886068614324
K,AAG,0.275427124814192
L,CTC,0.770856841266158
L,TTG,-0.304192472285032
N,AAC,0.433780442478259
P,CCG,1.3070702799178664
P,CCC,0.826065512200197
Q,CAG,0.781413925818602
R,AGG,0.9388035342772799
R,CGG,0.7962952640791781
R,CGC,1.05814951321284
S,TCG,0.9422274826909092
S,TCC,0.799953696727753
T,ACG,0.9366732910384751
T,ACC,0.703976865871747
V,GTG,0.09491861268281909
V,GTC,0.82079799387455
Y,TAC,0.332061288827658
Z,AGC,0.512845968822638
