AA,Codon,Mean
A,GCG,-0.330660932272672
A,GCC,-0.407586240961154
C,TGC,-0.279083845042189
D,GAC,-0.439462089810769
E,GAG,-0.30278468841513
F,TTC,-0.235373867462079
G,GGG,-0.24958648450324908
G,GGC,-0.496076277122895
H,CAC,-0.341170352164904
I,ATC,-0.364416797308127
K,AAG,-0.30010072735548
L,CTC,-0.33899586443007
L,TTG,-0.514740874634186
N,AAC,-0.424519967496395
P,CCG,-0.46147446302436307
P,CCC,-0.393646618165573
Q,CAG,-0.376407955114047
R,AGG,-0.1039222501525733
R,CGG,-0.3265425804893177
R,CGC,-0.40691990651687
S,TCG,-0.515994395555804
S,TCC,-0.287020604316394
T,ACG,-0.375041136675576
T,ACC,-0.41444024947683
V,GTG,-0.4591715481214533
V,GTC,-0.32905666372776
Y,TAC,-0.403019412990411
Z,AGC,-0.369178777563572
