AA,Codon,Mean
A,GCG,-0.004199175771077979
A,GCC,-0.0340596699261417
C,TGC,0.0697684135518968
D,GAC,-0.162601862280567
E,GAG,0.0281712820644801
F,TTC,-0.194334611446659
G,GGG,0.18033938106497205
G,GGC,0.21670417000552
H,CAC,-0.235024731601278
I,ATC,-0.103946191116174
K,AAG,-0.246144193193316
L,CTG,0.2508778338521719
L,CTC,0.01344671467939998
L,TTG,-0.395590568812688
N,AAC,-0.336627347481251
P,CCG,0.6412322548364601
P,CCC,0.176407250065605
Q,CAG,0.00830037168261078
R,AGG,0.515740567491949
R,CGG,-0.593935386939842
R,CGC,0.319274980554978
S,TCG,-0.21644912215173204
S,TCC,-0.0230574331035527
T,ACG,0.009079863464832028
T,ACC,-0.0665616711862385
V,GTG,-0.274912766188383
V,GTC,-0.0576350970454514
Y,TAC,-0.3186543833673
Z,AGC,-0.0870514043949544
