AA,Codon,Mean
A,GCG,0.400399814743797
A,GCC,0.0456690229130366
C,TGC,-0.037664384954199
D,GAC,-0.00854827320026715
E,GAG,0.367163932085037
F,TTC,0.0362571725599283
G,GGG,0.4964347289482035
G,GGC,-0.0217781649388933
H,CAC,0.113611781219393
I,ATC,-0.0173669194098818
K,AAG,0.442095119959116
L,CTG,-0.8213585864472662
L,CTC,0.168273003842433
L,TTG,-0.981325098371506
N,AAC,-0.102583571786185
P,CCG,0.07748957630787519
P,CCC,0.0145019199062413
Q,CAG,0.107297352688263
R,AGG,0.709266414854924
R,CGG,0.07686463494788251
R,CGC,-0.00955491103183247
S,TCG,-0.1910810342214804
S,TCC,0.151757665214439
T,ACG,0.110754586401582
T,ACC,-0.0983526636168361
V,GTG,-0.686561287379265
V,GTC,0.287037656349937
Y,TAC,-0.336647314931949
Z,AGC,-0.098690247695893
