AA,Codon,Mean
A,GCG,0.5931255947081989
A,GCC,0.385069825694958
C,TGC,-0.0387299170667868
D,GAC,0.303192498900493
E,GAG,0.424415012852351
F,TTC,0.188424681354562
G,GGG,0.5538991206686037
G,GGC,0.195607502977053
H,CAC,0.41168553185463
I,ATC,0.25950450989306
K,AAG,0.414063981511196
L,CTG,-0.472911689013243
L,CTC,0.358642812314629
L,TTG,-0.531311883697907
N,AAC,0.236931565360228
P,CCG,0.3663762622403603
P,CCC,0.355906187280019
Q,CAG,0.303768178496758
R,AGG,0.49560565565526504
R,CGG,0.541823822883765
R,CGC,0.0110852969638262
S,TCG,0.28777492116794523
S,TCC,0.430903127205372
T,ACG,0.369216620945434
T,ACC,0.228292961633205
V,GTG,-0.280954746868213
V,GTC,0.38035449865063
Y,TAC,-0.015719712930604
Z,AGC,-0.0139498804890683
