AA,Codon,Mean
A,GCG,1.6673895218332633
A,GCC,0.904695060094198
C,TGC,1.23246164573828
D,GAC,1.54578846441905
E,GAG,1.49812900749048
F,TTC,0.612665894166629
G,GGG,0.45998324307601
G,GGC,1.81844337975979
H,CAC,1.16549557406108
I,ATC,1.05542724559704
K,AAG,0.709199859368801
L,CTG,0.83316965871652
L,CTC,1.10393747444947
L,TTG,0.550024758889278
N,AAC,1.10479113028844
P,CCG,1.992841668421031
P,CCC,1.74845014715195
Q,CAG,1.49185861893495
R,AGG,1.374972429027156
R,CGG,0.939064436682065
R,CGC,1.39568678130309
S,TCG,1.8099705132545971
S,TCC,0.988662485921383
T,ACG,1.761864965871974
T,ACC,0.911983781035741
V,GTG,0.20166139746507006
V,GTC,1.37792721039454
Y,TAC,0.721128063619137
Z,AGC,1.11682761619886
