AA,Codon,Mean
A,GCG,-1.498803621317322
A,GCC,-1.09038416680495
C,TGC,-0.914686144065857
D,GAC,-1.6892689558665
E,GAG,-1.24883141449293
F,TTC,-1.00963714718421
G,GGG,-0.712655597465236
G,GGC,-1.3392131891489
H,CAC,-1.24130887109439
I,ATC,-1.30164856182734
K,AAG,-1.15338003008366
L,CTG,-1.270318211776018
L,CTC,-1.212192318224903
L,TTG,-1.59364844611486
N,AAC,-1.57984611217976
P,CCG,-1.3322426033874382
P,CCC,-0.902387371790409
Q,CAG,-1.6705332732598
R,AGG,-0.09015941800077798
R,CGG,-0.8036894073242815
R,CGC,-1.1247131412824
S,TCG,-1.944547597390408
S,TCC,-1.11646770079931
T,ACG,-1.470343138797083
T,ACC,-1.32537651217779
V,GTG,-1.7323200409518986
V,GTC,-1.31741295911471
Y,TAC,-1.25237055749893
Z,AGC,-1.300433330218
