AA,Codon,Mean
A,GCG,0.015400121565660063
A,GCC,0.0282799015661391
C,TGC,0.428777433152993
D,GAC,-0.173145458785693
E,GAG,-0.234286050987244
F,TTC,-0.254932173116008
G,GGG,0.02172738892237014
G,GGC,0.413394897542397
H,CAC,-0.439332762871186
I,ATC,-0.0804099309841792
K,AAG,-0.376624263423681
L,CTG,-0.338057340951761
L,CTC,-0.035350264274081
L,TTG,-0.58313042186896
N,AAC,-0.548892475664616
P,CCG,0.607936354521414
P,CCC,0.64802563440005
Q,CAG,0.340553156344096
R,AGG,0.9727815084603961
R,CGG,0.24111165002186996
R,CGC,0.471404994018873
S,TCG,-0.038219261384010994
S,TCC,-0.0487431496046484
T,ACG,0.10954539031187605
T,ACC,-0.113751232197881
V,GTG,-0.49746543440421404
V,GTC,-0.0456886458781858
Y,TAC,-0.478022006318967
Z,AGC,0.00611210932117879
