AA,Codon,Mean
A,GCG,0.963844483237465
A,GCC,0.525405714752277
C,TGC,0.469275888892015
D,GAC,0.86634893767039
E,GAG,0.178429981113474
F,TTC,-0.126929273039599
G,GGG,0.4502352174500239
G,GGC,0.677224066480001
H,CAC,0.953369296729565
I,ATC,-0.213125655005376
K,AAG,-0.216204474835594
L,CTG,-0.207563628453017
L,CTC,0.159326427632571
L,TTG,-0.537396185638507
N,AAC,0.363545765672127
P,CCG,0.946578652820984
P,CCC,0.722994290129344
Q,CAG,-0.147573912917574
R,AGG,0.45496733045180293
R,CGG,0.26362140262276
R,CGC,0.669620907612642
S,TCG,0.815593953643243
S,TCC,0.518610288461049
T,ACG,0.697285486075282
T,ACC,0.533462091239293
V,GTG,-0.640969725314776
V,GTC,0.319259572205941
Y,TAC,0.609920553306739
Z,AGC,0.44972884879907
