AA,Codon,Mean
A,GCG,0.298718261208137
A,GCC,0.0694800637381772
C,TGC,0.332229518111547
D,GAC,-0.0704432705332835
E,GAG,0.230538237886628
F,TTC,-0.201669554073612
G,GGG,-0.076320339536667
G,GGC,0.384162239406506
H,CAC,-0.131861045110226
I,ATC,-0.0195598440564703
K,AAG,-0.108522109015286
L,CTG,0.40142127028902297
L,CTC,0.7277484661618869
L,TTG,-0.113077127980192
N,AAC,-0.245601831628879
P,CCG,0.9217612312292051
P,CCC,0.348381304309765
Q,CAG,0.260986014604568
R,AGG,0.5832248196562748
R,CGG,-0.71620027749141
R,CGC,0.648380715159575
S,TCG,-0.08202005298336401
S,TCC,0.0178218037059531
T,ACG,-0.03248599652051898
T,ACC,-0.0199980538697137
V,GTG,-0.222232514453928
V,GTC,-0.00947740376153177
Y,TAC,-0.23516486577789
Z,AGC,0.0111512906729924
