AA,Codon,Mean
A,GCG,0.03616983358789199
A,GCC,0.00432418172436392
C,TGC,0.197222789820532
D,GAC,-0.185183788668116
E,GAG,-0.447030210973819
F,TTC,-0.156540905402601
G,GGG,-0.62977229591012
G,GGC,0.0725330500189525
H,CAC,0.0680245266205704
I,ATC,-0.452560653462013
K,AAG,-0.21883082472682
L,CTG,-0.798711667098605
L,CTC,-0.26257391347090997
L,TTG,-0.754221132795016
N,AAC,-0.372063711380959
P,CCG,-0.09273894472271202
P,CCC,-0.041588085965406
Q,CAG,0.227367792995771
R,AGG,0.016488254471619834
R,CGG,-0.439702144483725
R,CGC,0.28405205364426
S,TCG,-0.616926592904329
S,TCC,0.177810443734626
T,ACG,-0.1399644276993797
T,ACC,0.161200612413883
V,GTG,-1.0816321641601632
V,GTC,-0.446607859694958
Y,TAC,-0.506685050121943
Z,AGC,0.0417342783356379
