AA,Codon,Mean
A,GCG,0.833210621355957
A,GCC,0.6413512226065
C,TGC,0.518051595646143
D,GAC,0.615893258702755
E,GAG,0.277814889208476
F,TTC,0.390585386677583
G,GGG,0.048348520451784005
G,GGC,0.601332681043943
H,CAC,0.762089887619019
I,ATC,0.348737599404653
K,AAG,0.322679275494814
L,CTG,0.020636489939690028
L,CTC,0.48388876008987713
L,TTG,0.0647686231464148
N,AAC,0.435171980430683
P,CCG,0.6389537271246316
P,CCC,0.61939682854414
Q,CAG,0.631798931427797
R,AGG,0.437990379158655
R,CGG,0.45580301740995327
R,CGC,0.740921736796697
S,TCG,0.459666503590842
S,TCC,0.680606445813179
T,ACG,0.6908760345499493
T,ACC,0.691555105423927
V,GTG,-0.2093312278315421
V,GTC,0.360278563084205
Y,TAC,0.371255413909753
Z,AGC,0.436099146606525
