AA,Codon,Mean
A,GCG,0.98303537244002
A,GCC,0.668143444621563
C,TGC,1.01497871865829
D,GAC,0.251743304014206
E,GAG,0.731726434000333
F,TTC,-0.249555550896128
G,GGG,0.9676756729284903
G,GGC,1.3524870606184
H,CAC,0.032134421410289
I,ATC,0.233032498004039
K,AAG,-0.176858757166068
L,CTC,0.762421379812561
L,TTG,-0.0703341905893137
N,AAC,-0.127643403197328
P,CCG,2.522250121474264
P,CCC,1.96235233946641
Q,CAG,1.15833096218109
R,AGG,1.9307265234788238
R,CGG,1.0042497434695599
R,CGC,1.88061601568858
S,TCG,0.8487439083774909
S,TCC,0.49243043991526
T,ACG,1.0811485304991402
T,ACC,0.328029268685977
V,GTG,0.2639107589960099
V,GTC,0.224383577766021
Y,TAC,-0.15013107256194
Z,AGC,0.64620831028223
