AA,Codon,Mean
A,GCG,0.230881027805804
A,GCC,-0.407322238037984
C,TGC,-0.292103487887979
D,GAC,-0.105495371155441
E,GAG,-0.281995900651813
F,TTC,0.556405406230688
G,GGG,-0.13938661968708
G,GGC,-1.30959895692666
H,CAC,0.693261383553346
I,ATC,0.0408550839056724
K,AAG,0.412955873078108
L,CTC,-0.029365265901883042
L,TTG,-1.13893752681414
N,AAC,0.092123724334687
P,CCG,-1.217317282422383
P,CCC,-0.473521166163683
Q,CAG,-0.876431176916758
R,AGG,0.054565064181884004
R,CGG,-1.261777072735622
R,CGC,-0.899849551932017
S,TCG,-0.640376000203689
S,TCC,-0.14626145902276
T,ACG,-0.157527625556787
T,ACC,-0.333549856321017
V,GTG,-0.693156513567765
V,GTC,0.0927709154998263
Y,TAC,0.388578861079613
Z,AGC,-0.423357135806481
