AA,Codon,Mean
A,GCG,0.44869705374240687
A,GCC,-0.197613426548739
C,TGC,-0.417301191200813
D,GAC,0.0920282090582574
E,GAG,-0.120589673174669
F,TTC,0.650805853148301
G,GGG,-0.06534343924522013
G,GGC,-1.31753997729619
H,CAC,0.830428720235825
I,ATC,0.0829036397381375
K,AAG,0.599435471260548
L,CTC,-0.06493296404778998
L,TTG,-0.859586633841197
N,AAC,0.333194382627805
P,CCG,-1.168365760521094
P,CCC,-0.516144951166709
Q,CAG,-0.781799741907914
R,AGG,-0.156403149485588
R,CGG,-1.031360939284168
R,CGC,-0.984798058430354
S,TCG,-0.295932474778096
S,TCC,0.0532493444612273
T,ACG,0.014408035310109035
T,ACC,-0.114857074183722
V,GTG,-0.465079278248548
V,GTC,0.269040002859632
Y,TAC,0.49782427106301
Z,AGC,-0.42868708777229
