AA,Codon,Mean
A,GCG,-0.505241816516717
A,GCC,-0.300587317552169
C,TGC,-0.188059354709586
D,GAC,-0.694711402332783
E,GAG,-0.241071229778727
F,TTC,-0.471009056458871
G,GGG,-0.30043840213418
G,GGC,-0.16308832427909
H,CAC,-0.649673589968681
I,ATC,-0.533981139550606
K,AAG,-0.419325731082757
L,CTG,-0.39154585381448304
L,CTC,-0.439771164623896
L,TTG,-0.746992440370719
N,AAC,-0.78092249067227
P,CCG,-0.2345902299073832
P,CCC,-0.309442236234744
Q,CAG,-0.286415025465687
R,AGG,0.40627731349070895
R,CGG,-0.7575223411234713
R,CGC,-0.19960564515392001
S,TCG,-0.758054107761383
S,TCC,-0.303050608915091
T,ACG,-0.529773726692796
T,ACC,-0.407766299901406
V,GTG,-0.570436746596297
V,GTC,-0.436515768251816
Y,TAC,-0.752009355258942
Z,AGC,-0.376555945487817
