AA,Codon,Mean
A,GCG,0.5199187561269224
A,GCC,0.410886274413268
C,TGC,0.133924640704691
D,GAC,0.609715016567707
E,GAG,0.551248505310218
F,TTC,0.422444482477506
G,GGG,0.7225942819055793
G,GGC,0.385786380318801
H,CAC,0.736389480582873
I,ATC,0.677818871815999
K,AAG,0.552864613735676
L,CTG,-0.16410657013257302
L,CTC,0.667010922698179
L,TTG,-0.257564923889438
N,AAC,0.62217222588857
P,CCG,0.6598030958057359
P,CCC,0.556388697594404
Q,CAG,0.572543332763513
R,AGG,0.473680274613698
R,CGG,0.75799472634693
R,CGC,0.259043523976207
S,TCG,0.41129658460272145
S,TCC,0.590855626412233
T,ACG,0.3541271912875747
T,ACC,0.4480947222809
V,GTG,-0.18382913547754304
V,GTC,0.592036798977852
Y,TAC,0.366756512663762
Z,AGC,0.163936762284239
