AA,Codon,Mean
A,GCG,0.35700988279978985
A,GCC,0.860785971732934
C,TGC,0.180226779527543
D,GAC,1.36838256324927
E,GAG,-0.43048527832826
F,TTC,1.97753680791855
G,GGG,-0.22249458773931008
G,GGC,-0.0866918972326923
H,CAC,2.36063042082787
I,ATC,1.66557331740856
K,AAG,1.27324990890821
L,CTG,0.13906828937530502
L,CTC,0.83720992377424
L,TTG,0.453828083952268
N,AAC,2.43336609505018
P,CCG,-1.202676109715303
P,CCC,-0.422224594611923
Q,CAG,-0.504249546625217
R,AGG,-1.6499778230187316
R,CGG,1.583330076177725
R,CGC,0.408624754247069
S,TCG,-0.23336096027692
S,TCC,1.09855183957418
T,ACG,-0.6116184184312801
T,ACC,1.30966570382118
V,GTG,0.30607231884797015
V,GTC,1.4057324962616
Y,TAC,2.25013314903577
Z,AGC,1.09806752806107
