AA,Codon,Mean
A,GCG,1.60120904963811
A,GCC,0.496807852049669
C,TGC,1.31525406136513
D,GAC,0.0168756624740808
E,GAG,1.46379159400463
F,TTC,-1.16065104815165
G,GGG,1.5200088295618701
G,GGC,1.65200686442852
H,CAC,-0.89461113152504
I,ATC,-0.537271425892909
K,AAG,-0.488060235653321
L,CTG,0.24689211490154017
L,CTC,0.487922167096535
L,TTG,-0.0385144820122115
N,AAC,-1.20360843599637
P,CCG,3.263623301394781
P,CCC,1.86475132978757
Q,CAG,1.78068569265207
R,AGG,3.0334581637938802
R,CGG,-0.17539609869321016
R,CGC,1.59979197745323
S,TCG,1.9266014021992701
S,TCC,0.189177546727657
T,ACG,2.36127770742575
T,ACC,-0.0146487020165288
V,GTG,0.26609679841200995
V,GTC,0.00652037449104779
Y,TAC,-1.19948434633414
Z,AGC,0.223307683624079
