AA,Codon,Mean
A,GCG,2.7318657446384402
A,GCC,1.10407112629414
C,TGC,3.01654806728363
D,GAC,0.746478922220071
E,GAG,2.96635962278048
F,TTC,-1.38471341629028
G,GGG,2.21640050145785
G,GGC,3.35011667264303
H,CAC,-0.752811355201403
I,ATC,-0.284640744598707
K,AAG,-0.256803490078449
L,CTG,0.8221867188930503
L,CTC,1.171377090584659
L,TTG,1.32630440992514
N,AAC,-1.19479728557269
P,CCG,5.16489754842917
P,CCC,3.42188484676679
Q,CAG,3.30554929858843
R,AGG,4.75817843759855
R,CGG,-0.6271611125310192
R,CGC,3.01325761721929
S,TCG,3.2814015128374106
S,TCC,0.739016297912598
T,ACG,3.7550863722165406
T,ACC,0.361273158197602
V,GTG,1.2363939088821398
V,GTC,0.53864014959931406
Y,TAC,-1.01169102211793
Z,AGC,1.08390933349927
