AA,Codon,Mean
A,GCG,2.111779907533527
A,GCC,0.860107539212704
C,TGC,1.53371755661964
D,GAC,1.09336568279266
E,GAG,1.48151250258287
F,TTC,0.465414542663097
G,GGG,1.179409335563583
G,GGC,1.84630003728867
H,CAC,1.0838972989281
I,ATC,0.983668500455221
K,AAG,0.29300208829542
L,CTC,1.5979834519277
L,TTG,0.0726004777365675
N,AAC,0.528712175891797
P,CCG,2.154250823316972
P,CCC,1.59474079954624
Q,CAG,1.76215663673083
R,AGG,2.22934602640868
R,CGG,0.82473052181403
R,CGC,1.97298824518522
S,TCG,1.1356133101264612
S,TCC,1.03031305402915
T,ACG,1.320212567714854
T,ACC,0.815509877514839
V,GTG,-0.07404441857338007
V,GTC,1.20352085266113
Y,TAC,0.412773679663738
Z,AGC,1.07740456272761
