AA,Codon,Mean
A,GCG,0.344425964448849
A,GCC,0.0254387785282296
C,TGC,0.398073326466481
D,GAC,-0.0691844319425523
E,GAG,0.451103968878587
F,TTC,-0.225691205560168
G,GGG,0.31495528662403405
G,GGC,0.465288801515102
H,CAC,-0.258727355344097
I,ATC,-0.055636333027482
K,AAG,-0.343914105659723
L,CTC,0.0957485965034847
L,TTG,0.0745628608196974
N,AAC,-0.271233382405837
P,CCG,0.784050323726734
P,CCC,0.714610647149881
Q,CAG,0.542539003310601
R,AGG,0.801209835778086
R,CGG,0.22936609745025982
R,CGC,0.753465723689397
S,TCG,0.27932704916397805
S,TCC,-0.0157943658973476
T,ACG,0.40826190426349696
T,ACC,-0.0488996598077317
V,GTG,-0.03994877347747505
V,GTC,-0.0563025545167426
Y,TAC,-0.301514322529236
Z,AGC,0.142357264436285
