AA,Codon,Mean
A,GCG,1.8980788511196771
A,GCC,0.733022412482897
C,TGC,0.787731676638126
D,GAC,1.09808444375197
E,GAG,0.865363862653573
F,TTC,0.838151239001751
G,GGG,0.7739109868665539
G,GGC,0.854202584135532
H,CAC,1.36624477043947
I,ATC,0.943351978035768
K,AAG,0.907234709616502
L,CTC,1.309000031407677
L,TTG,-0.0015093526674435
N,AAC,0.93014701641798
P,CCG,1.1169073185279959
P,CCC,0.672147866213322
Q,CAG,0.97830033920606
R,AGG,1.0784060122907149
R,CGG,0.8668111874749269
R,CGC,0.775113848714034
S,TCG,0.9697609486082517
S,TCC,0.950175739498933
T,ACG,0.9772783646689082
T,ACC,0.746140365382036
V,GTG,0.07605014572739602
V,GTC,1.10768926758766
Y,TAC,0.897574092487494
Z,AGC,0.871160087907314
