AA,Codon,Mean
A,GCG,1.1853928043063755
A,GCC,0.752152318151792
C,TGC,0.306802354851365
D,GAC,0.991996579086781
E,GAG,0.584011148222288
F,TTC,0.502616550022364
G,GGG,1.004145180487637
G,GGC,0.557531649319331
H,CAC,0.886813474682967
I,ATC,0.594315942160288
K,AAG,0.611780678745111
L,CTG,0.18828374534448
L,CTC,0.604371708891794
L,TTG,-0.0583855120821546
N,AAC,0.79028903639316594
P,CCG,0.9806019464588727
P,CCC,0.790889143546422
Q,CAG,0.729908992135525
R,AGG,0.751118713351091
R,CGG,0.9566772380491098
R,CGC,0.538196605636676
S,TCG,0.8252262139211101
S,TCC,0.693384197890759
T,ACG,0.9427381999418141
T,ACC,0.669483044068019
V,GTG,0.431627594525615
V,GTC,0.800574622360865
Y,TAC,0.636474861502647
Z,AGC,0.506942908879121
