AA,Codon,Mean
A,GCG,-0.413827083001534
A,GCC,-0.27639589856565
C,TGC,-0.246365976436933
D,GAC,-0.463220964179436
E,GAG,-0.307260775228341
F,TTC,-0.347392988284429
G,GGG,-0.2739391312738263
G,GGC,-0.244457489942511
H,CAC,-0.418207746269306
I,ATC,-0.351391385912895
K,AAG,-0.429468531342347
L,CTG,-0.32483854023118797
L,CTC,-0.403666117225091
L,TTG,-0.41092639092803
N,AAC,-0.442402088880539
P,CCG,-0.18068888828208018
P,CCC,-0.28028894914786
Q,CAG,-0.238565059969823
R,AGG,0.05846345698709279
R,CGG,-0.46941762212316196
R,CGC,-0.310292122836908
S,TCG,-0.41513815453151903
S,TCC,-0.255003042743603
T,ACG,-0.327138304601609
T,ACC,-0.266673966694872
V,GTG,-0.417959617506961
V,GTC,-0.344650918789705
Y,TAC,-0.47985383617878
Z,AGC,-0.326019796466827
