AA,Codon,Mean
A,GCG,1.263343071203261
A,GCC,0.829170489211877
C,TGC,0.413330660263697
D,GAC,0.945605876688163
E,GAG,0.483065643310547
F,TTC,0.523874969085058
G,GGG,1.043551830865944
G,GGC,0.745109702352683
H,CAC,0.827816170696417
I,ATC,0.646985895744959
K,AAG,0.522305873984098
L,CTG,0.26253330313762
L,CTC,0.6570717612981791
L,TTG,-0.137207389493783
N,AAC,0.734268277601401
P,CCG,1.2153511796604954
P,CCC,0.81744960009257
Q,CAG,0.748494546914101
R,AGG,0.871006821490327
R,CGG,0.810347851560518
R,CGC,0.728135405874252
S,TCG,0.7534526530748857
S,TCC,0.718763252397378
T,ACG,0.9571794762014812
T,ACC,0.703383808529377
V,GTG,0.313393128760656
V,GTC,0.843117461705208
Y,TAC,0.570805443243186
Z,AGC,0.598336048003038
