AA,Codon,Mean
A,GCG,-0.9404909382104859
A,GCC,-0.715039726844834
C,TGC,-0.60325691794549
D,GAC,-0.72735267548007
E,GAG,-1.43547747603258
F,TTC,-0.665910696016919
G,GGG,-1.278518818824895
G,GGC,-0.722192932906526
H,CAC,-0.694195183303618
I,ATC,-0.990352435204169
K,AAG,-0.509137776045222
L,CTG,-2.123398798447846
L,CTC,-1.485668623755375
L,TTG,-0.913263514456281
N,AAC,-0.86219376577329
P,CCG,-1.2805079440162848
P,CCC,-1.09752408108115
Q,CAG,-1.69397286851803
R,AGG,-0.9038889168779011
R,CGG,-1.725447437736735
R,CGC,-1.27116345369816
S,TCG,-1.214984294852147
S,TCC,-0.453185225151929
T,ACG,-0.8422132163544469
T,ACC,-0.549098481374481
V,GTG,-1.5212865346928468
V,GTC,-0.596265193823376
Y,TAC,-1.13770612308655
Z,AGC,-0.509728869883502
