AA,Codon,Mean
A,GCG,2.1138709526101738
A,GCC,1.35936050524116
C,TGC,1.56727010879517
D,GAC,1.53492474115193
E,GAG,1.84201106232007
F,TTC,0.959782653169466
G,GGG,1.7495329273541786
G,GGC,2.01473966067632
H,CAC,1.35226236538485
I,ATC,1.56013186913977
K,AAG,0.64803501211189
L,CTG,2.275064386280543
L,CTC,2.298621966937051
L,TTG,0.83497880535385
N,AAC,1.30393718168206
P,CCG,2.6576258201837497
P,CCC,2.23113469567299
Q,CAG,2.17933450748126
R,AGG,1.74694017850359
R,CGG,1.9029713353474942
R,CGC,2.59064003348351
S,TCG,2.0597243117721087
S,TCC,1.13016586281111
T,ACG,1.9631172606368859
T,ACC,1.13739164694299
V,GTG,1.5745360477527
V,GTC,1.36604506387115
Y,TAC,1.4530715829935
Z,AGC,1.24984506623745
