AA,Codon,Mean
A,GCG,-1.180967672155571
A,GCC,-0.92765391950231
C,TGC,-0.343307635861801
D,GAC,-1.52682086237712
E,GAG,-1.67167744591633
F,TTC,-1.75807085879644
G,GGG,-1.7250420614258792
G,GGC,-0.0969998072173436
H,CAC,-1.89679032620788
I,ATC,-1.76231586029033
K,AAG,-1.8721622011145
L,CTG,-2.152286641591783
L,CTC,-1.219318338584898
L,TTG,-2.34080474155744
N,AAC,-2.23528262348175
P,CCG,-0.06694391366392394
P,CCC,-0.493171625915741
Q,CAG,-1.48698107784192
R,AGG,-0.007717242018382031
R,CGG,-2.422073450568233
R,CGC,-0.466501858674521
S,TCG,-1.60010749965323
S,TCC,-0.837203328836433
T,ACG,-0.977489481715066
T,ACC,-1.01699712729436
V,GTG,-2.343904131555559
V,GTC,-1.21586950500108
Y,TAC,-2.51524707993666
Z,AGC,-0.694507698460408
