AA,Codon,Mean
A,GCG,1.562973593481382
A,GCC,0.897643402421474
C,TGC,0.411359683632851
D,GAC,1.08026269644101
E,GAG,0.741136424342791
F,TTC,0.826263779556751
G,GGG,0.8312504224359991
G,GGC,0.684606850318114
H,CAC,1.25718706099987
I,ATC,1.02999243582487
K,AAG,0.531428268929323
L,CTC,0.9531376842101431
L,TTG,0.147684763925771
N,AAC,1.09895627991358
P,CCG,0.9611208958732582
P,CCC,0.769179694700241
Q,CAG,0.595320265388489
R,AGG,0.6521293202241251
R,CGG,0.6955058536250469
R,CGC,0.743862791629632
S,TCG,0.7401424567480881
S,TCC,0.928441690500577
T,ACG,0.847591271753113
T,ACC,0.907192972052097
V,GTG,0.413547259845833
V,GTC,1.10354460509618
Y,TAC,0.935245166357358
Z,AGC,0.639794425435861
