AA,Codon,Mean
A,GCG,1.385889457724491
A,GCC,0.746009787285328
C,TGC,0.518870401221514
D,GAC,0.952904141155879
E,GAG,0.679776088730494
F,TTC,0.652205211846034
G,GGG,0.744105674181878
G,GGC,0.904428585247199
H,CAC,1.02404409921567
I,ATC,0.949396977937222
K,AAG,0.367407151257992
L,CTC,0.919057250837484
L,TTG,0.0261370458846342
N,AAC,0.863109327419599
P,CCG,1.048446704831222
P,CCC,0.770251122554143
Q,CAG,0.513584926650921
R,AGG,0.828919217820966
R,CGG,0.3468836517888208
R,CGC,0.856501783923308
S,TCG,0.549955871365468
S,TCC,0.857655499092738
T,ACG,0.7507085200934361
T,ACC,0.824549679839611
V,GTG,0.196822161174814
V,GTC,1.04147142446438
Y,TAC,0.730955858878295
Z,AGC,0.76993558417956
