AA,Codon,Mean
A,GCG,0.114177250518402
A,GCC,0.0701818740881979
C,TGC,0.4601948835512
D,GAC,-0.091635433708628
E,GAG,0.416496226847172
F,TTC,-0.326211002842585
G,GGG,0.24161322819391906
G,GGC,0.469905419655641
H,CAC,-0.301674388579528
I,ATC,-0.0995616441473365
K,AAG,-0.268823171258966
L,CTC,0.16532751691540098
L,TTG,0.132361804995437
N,AAC,-0.309867905976375
P,CCG,0.8134602591852349
P,CCC,0.746398145822684
Q,CAG,0.48917704607447
R,AGG,0.6693523386906516
R,CGG,0.07757673657735009
R,CGC,0.808613443044821
S,TCG,0.07737263649999998
S,TCC,0.00581513591697549
T,ACG,0.28170223218599905
T,ACC,-0.0963528444111347
V,GTG,-0.08195242050886198
V,GTC,-0.0558205184067289
Y,TAC,-0.355418415957689
Z,AGC,0.0220701658657676
