AA,Codon,Mean
A,GCG,0.5731212130267483
A,GCC,0.541717979117235
C,TGC,0.0650356470346587
D,GAC,0.337899320058028
E,GAG,-0.00382861831008928
F,TTC,0.332059078713258
G,GGG,0.504999851711591
G,GGC,-0.0842111312322319
H,CAC,0.463962976791461
I,ATC,0.446974050160249
K,AAG,0.131990441470842
L,CTG,-0.17585924193611469
L,CTC,0.36199644780730245
L,TTG,-0.198335772326589
N,AAC,0.500028202714523
P,CCG,0.616527989433209
P,CCC,0.650999022555351
Q,CAG,0.019923758339437
R,AGG,0.49952637246474596
R,CGG,0.501110956248641
R,CGC,-0.12478905612429
S,TCG,0.3779734583570311
S,TCC,0.66683672542572
T,ACG,0.47763901912570006
T,ACC,0.487936803227663
V,GTG,-0.058750773056348
V,GTC,0.383471070166429
Y,TAC,0.358263262009621
Z,AGC,-0.0903323941287895
