AA,Codon,Mean
A,GCG,-0.11549723970492598
A,GCC,-0.0237840210457177
C,TGC,-0.211277062974373
D,GAC,-0.07087909685721
E,GAG,-0.211033526959022
F,TTC,-0.326277576102813
G,GGG,0.14289610681136505
G,GGC,0.0404792355438073
H,CAC,-0.29208217758437
I,ATC,-0.10921778532962
K,AAG,-0.395139897133907
L,CTG,-0.1194516538649363
L,CTC,-0.13590903515970962
L,TTG,-0.348246351120869
N,AAC,-0.270834785996874
P,CCG,-0.39358730310102297
P,CCC,-0.0478768241964281
Q,CAG,-0.336280160321792
R,AGG,-0.14045383884906792
R,CGG,-0.29434294639925207
R,CGC,0.0436448828404148
S,TCG,-0.2166049576530852
S,TCC,-0.0319846225683345
T,ACG,-0.1423586707527443
T,ACC,-0.0507191964915643
V,GTG,-0.1304507899167633
V,GTC,-0.014586601625726
Y,TAC,-0.230048908488949
Z,AGC,-0.169798521495362
