AA,Codon,Mean
A,GCG,0.5424942793249594
A,GCC,0.48419746949474
C,TGC,-0.0241904981084064
D,GAC,0.252636854362488
E,GAG,-0.0573264159345999
F,TTC,0.176201966225108
G,GGG,0.5917859499017399
G,GGC,-0.0801863241806626
H,CAC,0.337266883718967
I,ATC,0.399561786478758
K,AAG,0.0632019733940445
L,CTG,-0.2217908157850222
L,CTC,0.26564578904514946
L,TTG,-0.307897732646267
N,AAC,0.366916337164243
P,CCG,0.5339500597459571
P,CCC,0.614865589686235
Q,CAG,0.00696002622948165
R,AGG,0.5108498196693904
R,CGG,0.489634843189518
R,CGC,-0.169388416119913
S,TCG,0.3285628639382618
S,TCC,0.630941446840763
T,ACG,0.41999488607446395
T,ACC,0.426785747009516
V,GTG,-0.10336538440510669
V,GTC,0.347468841161331
Y,TAC,0.258219363086422
Z,AGC,-0.140595466923217
