AA,Codon,Mean
A,GCG,-0.765239188188811
A,GCC,-0.862346790524324
C,TGC,-0.775730049494902
D,GAC,-1.00798899708192
E,GAG,-0.657623975368341
F,TTC,-0.232249182319641
G,GGG,-0.47253556965378263
G,GGC,-0.992772583301862
H,CAC,-0.943911367785931
I,ATC,-0.372906033571561
K,AAG,-0.683343572088083
L,CTG,-1.12934003469348
L,CTC,-1.0021274945984282
L,TTG,-0.972105931568146
N,AAC,-0.873491459584236
P,CCG,-0.773583821721872
P,CCC,-0.985653238197168
Q,CAG,-0.781524597175916
R,AGG,0.0063089028016827045
R,CGG,-0.7189174776166052
R,CGC,-0.899363924868902
S,TCG,-1.072874489247302
S,TCC,-0.776386835134029
T,ACG,-0.686987130406499
T,ACC,-0.864549746823311
V,GTG,-0.960262572403749
V,GTC,-0.810282743616899
Y,TAC,-0.935390292116006
Z,AGC,-0.886247488578161
