AA,Codon,Mean
A,GCG,1.214001674449445
A,GCC,0.990708097902934
C,TGC,0.529449087460836
D,GAC,0.873981744484107
E,GAG,0.592527444096406
F,TTC,0.706358909026782
G,GGG,1.3950546535660822
G,GGC,0.785742962193489
H,CAC,0.879302804776033
I,ATC,0.871381526776155
K,AAG,0.32590164801081
L,CTG,0.00772888741493194
L,CTC,0.9666081279734801
L,TTG,-0.481218661202987
N,AAC,0.692008019884427
P,CCG,1.1971674392128155
P,CCC,1.18660641647975
Q,CAG,0.60783817499876
R,AGG,0.959895110697548
R,CGG,1.115688537333158
R,CGC,0.673249989171823
S,TCG,0.9089360127409312
S,TCC,1.035369264853
T,ACG,1.112326353510222
T,ACC,0.87581548940738
V,GTG,0.025147984282176017
V,GTC,1.02418444494406
Y,TAC,0.731464335091909
Z,AGC,0.405490193758408
