AA,Codon,Mean
A,GCG,0.54132247430086
A,GCC,0.239031667303046
C,TGC,0.679928020222982
D,GAC,-0.0635332317972245
E,GAG,0.357630802583694
F,TTC,-0.22821840287447
G,GGG,1.061418059341109
G,GGC,0.846229128011068
H,CAC,-0.269499980553985
I,ATC,0.0716215491179377
K,AAG,-0.3861557845215
L,CTC,0.49584343385696394
L,TTG,-0.186737081073721
N,AAC,-0.267333837066094
P,CCG,2.089683763456346
P,CCC,1.23454726668199
Q,CAG,0.634497989265124
R,AGG,1.474607566303014
R,CGG,0.026709946664170037
R,CGC,1.28702545807362
S,TCG,0.129547321105003
S,TCC,0.184293398038546
T,ACG,0.788722614443306
T,ACC,0.0424332493124898
V,GTG,0.10561580464442799
V,GTC,-0.0577054691893359
Y,TAC,-0.203927668284376
Z,AGC,0.251393505664667
