AA,Codon,Mean
A,GCG,0.48088520172238014
A,GCC,-0.0759011719865724
C,TGC,0.188868450301016
D,GAC,-0.315409400091569
E,GAG,-0.475858751511574
F,TTC,0.10348472204258
G,GGG,-0.09661248721430699
G,GGC,0.14836818331778
H,CAC,-0.67698980003198
I,ATC,0.099443738797307
K,AAG,-0.822945656891664
L,CTC,-0.31170161722501
L,TTG,-1.58150146820545
N,AAC,-0.668216328306993
P,CCG,-0.3084460429159458
P,CCC,-0.20698394012327
Q,CAG,-0.837196040129662
R,AGG,0.377252792281657
R,CGG,-0.5490784733066951
R,CGC,-0.0436058977634254
S,TCG,-1.070229396423967
S,TCC,-0.00317203344660423
T,ACG,-0.31394265553553896
T,ACC,-0.183355080433687
V,GTG,-1.384723153237502
V,GTC,0.635584436094761
Y,TAC,-0.756318186712265
Z,AGC,0.0212627467806797
