AA,Codon,Mean
A,GCG,0.8494808765014001
A,GCC,0.425710894272725
C,TGC,0.035271213284495
D,GAC,0.404193790700038
E,GAG,-0.100665476041287
F,TTC,0.451909324208895
G,GGG,-0.226223360546429
G,GGC,0.091242368095989
H,CAC,0.317008081347744
I,ATC,0.4402149647216
K,AAG,0.0935551212576528
L,CTC,-0.033408901755014986
L,TTG,-0.653598051035404
N,AAC,0.184391150858998
P,CCG,-0.5482236498510461
P,CCC,-0.157638070043052
Q,CAG,-0.307273767239849
R,AGG,-0.31803833189407993
R,CGG,0.10620446900526703
R,CGC,-0.32099071769913
S,TCG,-0.011207531054814979
S,TCC,0.393117116723458
T,ACG,4.667422632379514e-4
T,ACC,0.370966332830985
V,GTG,-0.669895460161815
V,GTC,1.09284899085363
Y,TAC,0.0280454557948541
Z,AGC,0.362241047708193
