AA,Codon,Mean
A,GCG,-0.33163940552473103
A,GCC,-0.588725652317206
C,TGC,-0.812215838177999
D,GAC,-0.121516567854087
E,GAG,-0.521992763918638
F,TTC,0.27459475072821
G,GGG,-0.7741718944489181
G,GGC,-0.893513281448682
H,CAC,-0.651167161397139
I,ATC,-0.203535092591246
K,AAG,0.135480488263071
L,CTG,-1.1427478897154328
L,CTC,-1.14966427787741
L,TTG,-0.994961179749171
N,AAC,-0.395749384210507
P,CCG,-0.42429019048810007
P,CCC,-0.614615971080462
Q,CAG,-0.437350769056876
R,AGG,-0.48109931556085794
R,CGG,-0.849872327227886
R,CGC,-1.06917570062478
S,TCG,-0.802123469691724
S,TCC,-0.157623821096122
T,ACG,-0.4722142621309151
T,ACC,-0.471853415451447
V,GTG,-1.160045153270165
V,GTC,-0.25442189074556
Y,TAC,-0.646511336235205
Z,AGC,-0.730620155028502
