AA,Codon,Mean
A,GCG,0.05144044418335003
A,GCC,-0.0379828540028383
C,TGC,-0.251213836691777
D,GAC,-0.279556581969062
E,GAG,-0.390288672757149
F,TTC,-0.217314349651337
G,GGG,0.6833616451064749
G,GGC,0.163611292526126
H,CAC,-0.699621502629916
I,ATC,-0.102270917712649
K,AAG,-0.569745245019595
L,CTG,-0.6729011044760539
L,CTC,-0.027687447035153998
L,TTG,-0.961888110673428
N,AAC,-0.528789337992668
P,CCG,-0.1461498340129851
P,CCC,-0.078690830082198
Q,CAG,-0.442942910782496
R,AGG,0.8860089176535599
R,CGG,-0.85981337302526
R,CGC,0.136274392355978
S,TCG,-0.224520353353024
S,TCC,-0.00487620952508
T,ACG,0.26191668461958595
T,ACC,-0.036444838338842
V,GTG,-0.14796023964087202
V,GTC,-0.0818984558939934
Y,TAC,-0.536136279648542
Z,AGC,-0.295111881842216
