AA,Codon,Mean
A,GCG,0.70914238114953
A,GCC,0.315673680589596
C,TGC,-0.109469360714406
D,GAC,0.508883040499687
E,GAG,-0.0170181159656363
F,TTC,0.33558447638154
G,GGG,0.43992829575190895
G,GGC,0.174853040083249
H,CAC,0.206248240529497
I,ATC,0.335602006800969
K,AAG,0.290002865044276
L,CTG,-0.0319299175475154
L,CTC,-0.026171660398443694
L,TTG,-0.406573556180795
N,AAC,0.289776986397306
P,CCG,0.722112754107515
P,CCC,0.309139559821288
Q,CAG,0.153557793867588
R,AGG,0.3841266706715833
R,CGG,0.23888290804525203
R,CGC,0.0196891785119822
S,TCG,0.456116609459122
S,TCC,0.474397187105815
T,ACG,0.6879574947114425
T,ACC,0.325017272635301
V,GTG,-0.14705074852624278
V,GTC,0.396499396147331
Y,TAC,0.173042949657639
Z,AGC,0.0366500315794547
