AA,Codon,Mean
A,GCG,-0.798832540615403
A,GCC,-0.701703841849168
C,TGC,-0.258311413985491
D,GAC,-0.840995234318574
E,GAG,-0.698149189770222
F,TTC,0.153920470402141
G,GGG,-0.0730531735022899
G,GGC,-1.61213749985695
H,CAC,-0.170442103600999
I,ATC,-0.376252626160781
K,AAG,0.0315604372609307
L,CTG,-2.11342993753354
L,CTC,-0.3596267517534596
L,TTG,-1.69663616843224
N,AAC,-0.768634229723613
P,CCG,-2.0512049761459608
P,CCC,-1.15735203723113
Q,CAG,-1.28565292443434
R,AGG,0.27661540906205795
R,CGG,-0.9481081883688751
R,CGC,-1.17882737516562
S,TCG,-1.6074854220373551
S,TCC,-0.149868471528093
T,ACG,-0.9842276358644141
T,ACC,-0.51891779820323
V,GTG,-2.498828933354215
V,GTC,0.494699161760012
Y,TAC,-0.3578480453372
Z,AGC,-0.877528305363655
