AA,Codon,Mean
A,GCG,1.1842762307842571
A,GCC,0.474851462338368
C,TGC,0.481196977690856
D,GAC,0.306434872434537
E,GAG,0.180513371982674
F,TTC,-0.39689850764672
G,GGG,1.221147297175725
G,GGC,1.69503948389689
H,CAC,-0.302506101825833
I,ATC,0.145363179047406
K,AAG,-0.46080829039216
L,CTG,0.253788259975115
L,CTC,0.276546037105719
L,TTG,-0.252055345519384
N,AAC,-0.123841015263398
P,CCG,2.192187638248006
P,CCC,1.70180706460476
Q,CAG,0.822060226543744
R,AGG,1.1881112922092252
R,CGG,0.4150618256171499
R,CGC,1.36405046371619
S,TCG,0.5804212923745319
S,TCC,0.161713741480807
T,ACG,0.8544987360199341
T,ACC,0.12280191069444
V,GTG,-0.279154007105033
V,GTC,-0.092706724439313
Y,TAC,-0.349891603340705
Z,AGC,0.4578814939936
