AA,Codon,Mean
A,GCG,1.08544629477262
A,GCC,0.109174985465904
C,TGC,0.442564186789592
D,GAC,-0.0821081195821365
E,GAG,0.462915347146988
F,TTC,-0.235785735507806
G,GGG,0.883174435718849
G,GGC,0.795083394082387
H,CAC,-0.212827215104302
I,ATC,-0.0697164480537176
K,AAG,-0.274838993415236
L,CTG,1.011488969249528
L,CTC,1.292003084329765
L,TTG,-0.284902850711346
N,AAC,-0.254332431904475
P,CCG,1.87662304829558
P,CCC,1.16433114107847
Q,CAG,1.01072181099256
R,AGG,1.080957837797204
R,CGG,0.90813827881813
R,CGC,1.65708810136318
S,TCG,0.7743640834411011
S,TCC,-0.0360062233650746
T,ACG,0.940734129881859
T,ACC,-0.0850483480716745
V,GTG,0.503233442155515
V,GTC,-0.0593617242808143
Y,TAC,-0.239051011144122
Z,AGC,0.15528568728889
