AA,Codon,Mean
A,GCG,0.19307172272205297
A,GCC,0.562444170447191
C,TGC,1.08418834424814
D,GAC,0.343735845675071
E,GAG,-0.167378939526776
F,TTC,-0.445994613490502
G,GGG,-0.4542825702110971
G,GGC,1.22781673432986
H,CAC,-0.0138170999103051
I,ATC,0.138916134675841
K,AAG,-0.761130017002424
L,CTG,-0.3817691659949132
L,CTC,0.003227677464484935
L,TTG,-0.742513791294893
N,AAC,-0.33371504419744
P,CCG,0.978307107812166
P,CCC,1.02415594518582
Q,CAG,-0.246063944713275
R,AGG,0.6705559088854229
R,CGG,-1.1158723908980601
R,CGC,0.864052838114897
S,TCG,-0.09289028666218102
S,TCC,0.610621581057707
T,ACG,0.122752765299876
T,ACC,0.570852438815435
V,GTG,-0.8084293657280079
V,GTC,0.469653753767411
Y,TAC,-0.467496749420961
Z,AGC,0.588900982443492
