AA,Codon,Mean
A,GCG,0.13450858779028801
A,GCC,0.676546623341242
C,TGC,0.561041857816776
D,GAC,0.922716645483176
E,GAG,0.0593536214742419
F,TTC,0.495491987534364
G,GGG,-0.2584867459290634
G,GGC,0.516415141618252
H,CAC,0.907916346828143
I,ATC,0.691923422511419
K,AAG,0.481681587429841
L,CTG,-0.5785391512998354
L,CTC,-0.4143482935602074
L,TTG,0.430188410882155
N,AAC,0.79359269118309
P,CCG,-0.39801627341589596
P,CCC,0.149659781694148
Q,CAG,-0.390238602606455
R,AGG,-0.24568986166318996
R,CGG,-0.667869392756622
R,CGC,-0.19415015478814
S,TCG,0.1417463400664566
S,TCC,0.857139956859748
T,ACG,0.162756430797728
T,ACC,0.796970855180422
V,GTG,-0.24368694396018997
V,GTC,0.902264235424995
Y,TAC,0.626110407129923
Z,AGC,0.579539461896817
