AA,Codon,Mean
A,GCG,0.83774658814271
A,GCC,-0.465460478770733
C,TGC,0.639234485727549
D,GAC,-1.24684711752733
E,GAG,0.659857191220919
F,TTC,-1.22729093927542
G,GGG,-0.19827244200707006
G,GGC,0.844106502234936
H,CAC,-1.19967602191766
I,ATC,-0.505508044757446
K,AAG,-0.725747724636396
L,CTC,-0.12591420603594017
L,TTG,-2.36141039086978
N,AAC,-1.72276182307402
P,CCG,1.907583686904112
P,CCC,0.365581051432093
Q,CAG,0.216917599184345
R,AGG,2.46258445078135
R,CGG,-1.034577721204361
R,CGC,1.30064968409141
S,TCG,-1.063788280758261
S,TCC,-0.301161883033315
T,ACG,-0.59329843346278
T,ACC,-0.954282287323475
V,GTG,-2.9644383140685555
V,GTC,-0.380320710512002
Y,TAC,-1.97355976881186
Z,AGC,-0.312471089788278
