AA,Codon,Mean
A,GCG,-0.87307536478837
A,GCC,-1.44902622385025
C,TGC,-1.45907510267893
D,GAC,-0.785791817100843
E,GAG,-1.61633850845496
F,TTC,0.0363479659079414
G,GGG,-0.8257830704291598
G,GGC,-2.90304236674309
H,CAC,-0.439942985862494
I,ATC,-0.535865858632326
K,AAG,-0.250422059027354
L,CTC,-0.9612255382478271
L,TTG,-0.660577463531494
N,AAC,-0.248404146532218
P,CCG,-2.895619524836544
P,CCC,-1.71235904474258
Q,CAG,-1.89756963512103
R,AGG,-1.9155268844684
R,CGG,-0.74752119482359
R,CGC,-2.88332268199921
S,TCG,-0.8965525630513898
S,TCC,-0.916476205460231
T,ACG,-0.6468682325442601
T,ACC,-0.97230180033048
V,GTG,-0.3107912841081599
V,GTC,-0.780938616339366
Y,TAC,-0.209045705751081
Z,AGC,-1.39141330975691
