AA,Codon,Mean
A,GCG,1.9423156579494503
A,GCC,1.122981902047
C,TGC,1.70051407080491
D,GAC,0.283856854209304
E,GAG,1.90735710546176
F,TTC,-0.765474715042114
G,GGG,0.9665713367938897
G,GGC,2.87016663565636
H,CAC,0.227624411803981
I,ATC,0.262503889888525
K,AAG,0.0684760776583881
L,CTC,0.9417330825567203
L,TTG,-0.751954209764798
N,AAC,-0.31767193467617
P,CCG,3.671197112103306
P,CCC,1.91823971860409
Q,CAG,1.87513842276732
R,AGG,3.0849538523435602
R,CGG,0.27298117701213
R,CGC,3.36662205344836
S,TCG,0.5854812750657499
S,TCC,0.846186364265283
T,ACG,0.7442350276152299
T,ACC,0.528347869573037
V,GTG,-1.5141952474832499
V,GTC,0.707413106962045
Y,TAC,-0.604333059624831
Z,AGC,1.14685812902053
