AA,Codon,Mean
A,GCG,0.24800586070617092
A,GCC,0.186969642438134
C,TGC,0.0102891254504397
D,GAC,0.0723186129646025
E,GAG,-0.318410778448979
F,TTC,0.41319199355046
G,GGG,0.533338777634999
G,GGC,0.112158143630896
H,CAC,-0.217196148517546
I,ATC,-0.0710429912906605
K,AAG,0.141135357681786
L,CTG,0.08653721290230798
L,CTC,0.12173012793461013
L,TTG,-1.18086869792144
N,AAC,-0.53780813386639
P,CCG,0.224937646001422
P,CCC,0.246833831141113
Q,CAG,-0.625654779857397
R,AGG,1.268940480795754
R,CGG,0.837207434631617
R,CGC,0.46570111541152
S,TCG,0.06584506594936002
S,TCC,-0.0944997946511804
T,ACG,0.18370723168651198
T,ACC,-0.0122749651365121
V,GTG,-1.264191286648562
V,GTC,0.315366745799283
Y,TAC,-0.421487935661276
Z,AGC,-0.232637678366024
