AA,Codon,Mean
A,GCG,0.680747008951506
A,GCC,0.50322867564559
C,TGC,0.48312576559484
D,GAC,0.185550662187613
E,GAG,0.290110811973363
F,TTC,0.170955590592635
G,GGG,0.749527497955164
G,GGC,0.969716301266352
H,CAC,-0.22163156277334
I,ATC,-0.035344818612043
K,AAG,0.0507618913855601
L,CTG,0.16540378319024995
L,CTC,0.4216249073584879
L,TTG,-1.03502066501379
N,AAC,-0.680851133875052
P,CCG,0.831687870618825
P,CCC,0.871164750345548
Q,CAG,0.052177152173052
R,AGG,2.005763398222132
R,CGG,0.788877409215772
R,CGC,0.991486221905549
S,TCG,0.39008982477188403
S,TCC,0.0286211494426808
T,ACG,0.616813287806515
T,ACC,0.21041228421961
V,GTG,-1.7411434630347769
V,GTC,0.349365016287565
Y,TAC,-0.52548027368784
Z,AGC,0.127601194510899
