AA,Codon,Mean
A,GCG,2.44409136160612
A,GCC,1.82624601178169
C,TGC,1.81152328015169
D,GAC,2.31869394191106
E,GAG,2.44451061666807
F,TTC,1.10620794288715
G,GGG,1.0294858152325
G,GGC,2.39031720472972
H,CAC,2.49252207210859
I,ATC,1.86006130210559
K,AAG,1.15022645485401
L,CTG,0.6515437276114999
L,CTC,2.026168579618132
L,TTG,2.63247771889369
N,AAC,2.51720126123428
P,CCG,2.3808942466656338
P,CCC,2.11851826907794
Q,CAG,2.68113012021383
R,AGG,0.12344314686513909
R,CGG,1.201183363167441
R,CGC,2.28787298678557
S,TCG,2.502095763198535
S,TCC,2.06612426422437
T,ACG,1.995489879192912
T,ACC,1.81247345999082
V,GTG,2.055425336039063
V,GTC,1.78191992331346
Y,TAC,2.15152961565653
Z,AGC,2.15003172178268
