AA,Codon,Mean
A,GCG,-0.157626445899407
A,GCC,0.014752692774365
C,TGC,-0.0493088851457277
D,GAC,-0.0793729368376235
E,GAG,-0.243244900917013
F,TTC,-0.241682027923067
G,GGG,0.508243139442305
G,GGC,0.202685609125098
H,CAC,-0.32856155856053
I,ATC,-0.0635192551749448
K,AAG,-0.646600123214722
L,CTG,-0.4271188060800814
L,CTC,0.041490816255411
L,TTG,-0.668229134003321
N,AAC,-0.328684794805447
P,CCG,0.0048229685465500105
P,CCC,0.00670548703580898
Q,CAG,-0.393121065235138
R,AGG,0.38756205303271607
R,CGG,0.5464921809907377
R,CGC,0.367824257874489
S,TCG,-0.2895643050109349
S,TCC,-0.0226964847964235
T,ACG,-0.13321043763955404
T,ACC,-0.0482328507727633
V,GTG,-0.223466514783104
V,GTC,-0.0249922297338645
Y,TAC,-0.394518533235788
Z,AGC,-0.14568547252963
