AA,Codon,Mean
A,GCG,0.08518864780465701
A,GCC,-0.153254042778413
C,TGC,-0.425538875534137
D,GAC,-0.452858681788047
E,GAG,-0.231359649318457
F,TTC,0.238007160497705
G,GGG,-0.15906192756493898
G,GGC,-0.801082254262765
H,CAC,0.0771802174843848
I,ATC,0.462753079573313
K,AAG,-0.481883492511511
L,CTG,-0.833739277543624
L,CTC,-0.45010047757625504
L,TTG,-0.889652280799548
N,AAC,-0.0502040895972401
P,CCG,0.07103803742726605
P,CCC,0.0324806574111378
Q,CAG,-0.267221916246414
R,AGG,0.01363586195309996
R,CGG,-0.0523669715086601
R,CGC,-0.975609282521407
S,TCG,-0.29197665685415297
S,TCC,0.261632772360245
T,ACG,-0.05101476949751299
T,ACC,0.0579423385435094
V,GTG,-0.9014175861432739
V,GTC,-0.33402857016325
Y,TAC,-0.308994686021407
Z,AGC,-0.3644832637767
