AA,Codon,Mean
A,GCG,0.2495535996519654
A,GCC,0.0858970137556394
C,TGC,-0.350624778499206
D,GAC,-0.251674709976713
E,GAG,-0.0695112227556606
F,TTC,0.29859958494703
G,GGG,-0.11253979156613297
G,GGC,-0.661320749366283
H,CAC,0.231888506703575
I,ATC,0.455659686034918
K,AAG,-0.247599345146616
L,CTG,-0.547027479829888
L,CTC,-0.23435133774081895
L,TTG,-0.628178172540665
N,AAC,0.197630499110619
P,CCG,0.20886987754770908
P,CCC,0.27691781801084703
Q,CAG,-0.123906854941448
R,AGG,0.017883335101605002
R,CGG,0.02454440832137994
R,CGC,-0.803848576939106
S,TCG,-0.1207450675140729
S,TCC,0.430437019838889
T,ACG,0.07465714302460402
T,ACC,0.205620294090112
V,GTG,-0.6705366890986759
V,GTC,-0.136987826573849
Y,TAC,-0.0919946545608342
Z,AGC,-0.263552712511023
