AA,Codon,Mean
A,GCG,-1.3764831615815578
A,GCC,-1.34270541578134
C,TGC,-1.14787112783988
D,GAC,-1.6544237745285
E,GAG,-1.56019819571177
F,TTC,-1.05409518177509
G,GGG,-1.2882195133587417
G,GGC,-1.53751311454773
H,CAC,-1.59293532831669
I,ATC,-1.39139679385821
K,AAG,-1.38287994625568
L,CTG,-1.611106849965851
L,CTC,-1.3008357436234779
L,TTG,-1.72585712545713
N,AAC,-1.56398808210691
P,CCG,-1.4668941527803834
P,CCC,-1.25906744120916
Q,CAG,-1.63445885041555
R,AGG,-0.2657924985826009
R,CGG,-1.368049327874185
R,CGC,-1.47406201117039
S,TCG,-1.854192385435109
S,TCC,-1.06500105611881
T,ACG,-1.404941375856596
T,ACC,-1.27888683811029
V,GTG,-1.6052629588817509
V,GTC,-1.37690015043418
Y,TAC,-1.51646302891572
Z,AGC,-1.44186585078239
