AA,Codon,Mean
A,GCG,0.920573505483563
A,GCC,1.02126123071909
C,TGC,0.456277933086952
D,GAC,1.16664801219304
E,GAG,0.795546064897378
F,TTC,0.519186122483015
G,GGG,0.747823265480998
G,GGC,0.849648824139436
H,CAC,1.11162506448825
I,ATC,0.902164398900668
K,AAG,0.263437134978175
L,CTG,0.669340404246251
L,CTC,0.910719311684373
L,TTG,0.361521818941832
N,AAC,0.863478242278099
P,CCG,1.155588116737703
P,CCC,1.17947741026878
Q,CAG,0.462332305250565
R,AGG,0.311703882575035
R,CGG,-0.10822327095270196
R,CGC,0.634007381848494
S,TCG,0.8853426668554529
S,TCC,0.882587265841166
T,ACG,0.8960656906252069
T,ACC,0.856412398147583
V,GTG,0.347092978044351
V,GTC,1.01333429584503
Y,TAC,0.707917097616196
Z,AGC,0.495587508660555
