AA,Codon,Mean
A,GCG,1.821766018335021
A,GCC,1.14057696932157
C,TGC,0.383994161224365
D,GAC,0.952151549212138
E,GAG,0.764860981428623
F,TTC,0.325663091744979
G,GGG,1.414892407013969
G,GGC,1.33465136899948
H,CAC,0.832936513328552
I,ATC,0.797480038793882
K,AAG,0.611879895281792
L,CTC,0.7956243925253599
L,TTG,0.14860881421386
N,AAC,0.865224027502537
P,CCG,1.976981408918894
P,CCC,1.1099447509408
Q,CAG,1.17333480718931
R,AGG,1.3993291757037272
R,CGG,0.8345195927694391
R,CGC,0.964870974624157
S,TCG,1.422696210869149
S,TCC,1.12133806216717
T,ACG,1.582421825959284
T,ACC,1.06862570338647
V,GTG,0.05734623496531999
V,GTC,0.926070970960458
Y,TAC,0.355999375154575
Z,AGC,0.57264606525898
