AA,Codon,Mean
A,GCG,-1.160313504151501
A,GCC,-1.67158062120279
C,TGC,-0.879310280005137
D,GAC,-1.36075765162309
E,GAG,-1.16235723912716
F,TTC,-0.596003706085682
G,GGG,-1.1641390898327049
G,GGC,-2.09081722067992
H,CAC,-1.21940813455582
I,ATC,-1.11969720884164
K,AAG,-1.17549084033966
L,CTC,-1.041704952951273
L,TTG,-1.92885445441405
N,AAC,-1.32363477969964
P,CCG,-1.908795331166683
P,CCC,-1.44190404175123
Q,CAG,-1.47767202546597
R,AGG,-1.033675625088253
R,CGG,-1.317843156510094
R,CGC,-1.61906427646478
S,TCG,-2.033227439422655
S,TCC,-1.51085630953312
T,ACG,-1.825588389379778
T,ACC,-1.6800791779836
V,GTG,-1.976131972700882
V,GTC,-1.11096628828049
Y,TAC,-1.12660406249364
Z,AGC,-1.22053215000629
