AA,Codon,Mean
A,GCG,0.25241224923928607
A,GCC,0.646439736362298
C,TGC,0.32898805244416
D,GAC,0.0566963663551271
E,GAG,-0.243607372041543
F,TTC,-0.303670368898908
G,GGG,0.16457452270985007
G,GGC,1.00437403068145
H,CAC,-0.0449850428336471
I,ATC,0.179051683691641
K,AAG,-1.08697890469631
L,CTG,0.5164597349484729
L,CTC,0.5231042667786301
L,TTG,-1.4074316927433
N,AAC,-0.482937448982398
P,CCG,1.5536044070998831
P,CCC,1.12873391912778
Q,CAG,-0.40979368666807803
R,AGG,1.669137634468078
R,CGG,-1.179975794281566
R,CGC,0.53726092175444
S,TCG,-0.295929168736938
S,TCC,0.445788507596652
T,ACG,-0.018411211272081007
T,ACC,0.137519025042405
V,GTG,-0.818230386306839
V,GTC,0.466134144534667
Y,TAC,-0.427940338448683
Z,AGC,-0.109386263683127
