AA,Codon,Mean
A,GCG,0.9463243787030351
A,GCC,1.18162199524244
C,TGC,0.731660301756859
D,GAC,0.946394364106655
E,GAG,0.614087087448438
F,TTC,0.308793279374639
G,GGG,0.7718578767140698
G,GGC,1.45799195857048
H,CAC,0.854236450413863
I,ATC,0.856987294542789
K,AAG,-0.194392427141468
L,CTG,1.1070528395016987
L,CTC,1.0316060496370008
L,TTG,-0.268532452274362
N,AAC,0.461989394313097
P,CCG,1.9185878576735669
P,CCC,1.52701944564978
Q,CAG,0.406133484647671
R,AGG,1.345626684363371
R,CGG,-0.36879326678911994
R,CGC,1.02460500672261
S,TCG,0.7029182221611301
S,TCC,0.904337570420901
T,ACG,0.764878696906567
T,ACC,0.779965384666125
V,GTG,0.1067585574388501
V,GTC,1.04717495274941
Y,TAC,0.420123481096824
Z,AGC,0.549470661363999
