AA,Codon,Mean
A,GCG,-0.994061572182177
A,GCC,-1.21492526334127
C,TGC,-1.17827286574046
D,GAC,-0.901326237595081
E,GAG,-0.866589852400621
F,TTC,-0.477704331886768
G,GGG,-0.9379708718260098
G,GGC,-1.9515920879523
H,CAC,-0.802514658153057
I,ATC,-0.950163187698523
K,AAG,-0.376299012108644
L,CTG,-1.695267481919133
L,CTC,-1.1068547865549738
L,TTG,-0.352789265795549
N,AAC,-0.586734421634674
P,CCG,-2.031941648922361
P,CCC,-1.37191746784846
Q,CAG,-1.09028560798963
R,AGG,-1.5974696320745325
R,CGG,-0.6208285692373939
R,CGC,-1.57848345529238
S,TCG,-1.069440355680386
S,TCC,-0.816882907863458
T,ACG,-0.812719865643978
T,ACC,-0.829697428158919
V,GTG,-0.8107988658547449
V,GTC,-1.07303433132569
Y,TAC,-0.711185683782895
Z,AGC,-1.08851728419065
