AA,Codon,Mean
A,GCG,0.39136705853144405
A,GCC,0.0269733139962579
C,TGC,-0.125019135687252
D,GAC,-0.106479133626819
E,GAG,0.772114613735676
F,TTC,-0.300808063711723
G,GGG,-0.2929629045685129
G,GGC,0.13778754661878
H,CAC,-0.335007249744733
I,ATC,-0.0680150842954715
K,AAG,-0.576019020120303
L,CTG,0.277929051440955
L,CTC,-0.01650833534747298
L,TTG,-0.786090209515889
N,AAC,-0.353590066667398
P,CCG,0.9549559826632339
P,CCC,0.860087833074729
Q,CAG,0.600995838272572
R,AGG,1.2691447173456312
R,CGG,0.909970017411312
R,CGC,0.980889705034097
S,TCG,-0.06033518769343704
S,TCC,0.0284404429296342
T,ACG,0.182840652167797
T,ACC,-0.00666680212309335
V,GTG,-0.13876092009147
V,GTC,-0.0491828626873593
Y,TAC,-0.256385244908929
Z,AGC,-0.225000256891052
