AA,Codon,Mean
A,GCG,0.45277148591317273
A,GCC,0.308680658632517
C,TGC,0.341482100526492
D,GAC,0.480144305980206
E,GAG,0.207085151719054
F,TTC,0.350459256798029
G,GGG,0.056082682309484495
G,GGC,0.193224378505349
H,CAC,1.02532621142467
I,ATC,0.179862507476409
K,AAG,0.358178650863965
L,CTG,-0.13250287036796501
L,CTC,0.156495044199626
L,TTG,-0.239948627762993
N,AAC,0.248251797591647
P,CCG,0.22620597176303472
P,CCC,0.407774719375372
Q,CAG,0.0383204886389772
R,AGG,-0.0037750307435789887
R,CGG,-0.121890779751539
R,CGC,-0.252471411791444
S,TCG,0.28619132900238
S,TCC,0.414111985993385
T,ACG,0.318721598224342
T,ACC,0.184184168022871
V,GTG,-0.14973440124988502
V,GTC,0.178457862722874
Y,TAC,0.156983663767576
Z,AGC,0.204120565862457
