AA,Codon,Mean
A,GCG,0.246018232636651
A,GCC,0.529292904726664
C,TGC,0.767645608441035
D,GAC,0.941355920910835
E,GAG,0.098654616162926
F,TTC,0.666713055761655
G,GGG,-0.04148328715898131
G,GGC,0.665428296864033
H,CAC,1.48465190455914
I,ATC,0.586241881787777
K,AAG,-0.0177559173668811
L,CTG,-0.35751290096044497
L,CTC,0.42945545243422
L,TTG,-0.614592741370201
N,AAC,0.636300212760766
P,CCG,0.10483132170041398
P,CCC,0.781092814151446
Q,CAG,-0.170649093369146
R,AGG,-0.04074519291122802
R,CGG,-0.10455561373829797
R,CGC,0.188322251543899
S,TCG,0.005040414764484025
S,TCC,0.673590032537778
T,ACG,0.06731014563441307
T,ACC,0.467055744413535
V,GTG,-0.39376080142458303
V,GTC,0.579547800497214
Y,TAC,0.595104458999634
Z,AGC,0.6471654332757
