AA,Codon,Mean
A,GCG,1.7471784854471641
A,GCC,1.2922921611468
C,TGC,1.17065078419447
D,GAC,1.48773726967971
E,GAG,0.636585794651508
F,TTC,0.517021043264866
G,GGG,0.5771047062204331
G,GGC,1.54309765338103
H,CAC,1.81900865826607
I,ATC,0.641564534560839
K,AAG,0.697935494077206
L,CTG,0.163542076047261
L,CTC,0.469879734154538
L,TTG,0.374574343510469
N,AAC,1.29019167685509
P,CCG,1.924372845061617
P,CCC,1.26109261707465
Q,CAG,0.773848621026675
R,AGG,1.398631892949348
R,CGG,0.669432703599123
R,CGC,1.37420012814999
S,TCG,1.7258944277246808
S,TCC,1.08824990273714
T,ACG,1.124065905288483
T,ACC,1.374612347579
V,GTG,-0.6686182887842291
V,GTC,1.09327816911538
Y,TAC,1.38454939359824
Z,AGC,1.43354040127595
