AA,Codon,Mean
A,GCG,0.52462980971336
A,GCC,0.148862456469238
C,TGC,1.13572986511389
D,GAC,0.260619979594151
E,GAG,1.16342978838285
F,TTC,-0.352629947453737
G,GGG,0.1907237927119001
G,GGC,0.952409972290198
H,CAC,-0.149239495338003
I,ATC,-0.0240338034413927
K,AAG,0.468017629716794
L,CTG,1.2596962824377158
L,CTC,0.930080918361746
L,TTG,0.732191700208187
N,AAC,-0.410892672248681
P,CCG,1.09880392362674
P,CCC,1.26438711520831
Q,CAG,1.28985470338662
R,AGG,1.355457621061798
R,CGG,0.7075842619975399
R,CGC,1.34652180555662
S,TCG,0.8739814221620571
S,TCC,0.114737916925053
T,ACG,0.9484135315974549
T,ACC,-0.104096876442929
V,GTG,0.50600302077929
V,GTC,0.0759597963613768
Y,TAC,-0.376559564747413
Z,AGC,0.385275186137358
