AA,Codon,Mean
A,GCG,1.681435515340169
A,GCC,1.25512315485477
C,TGC,0.807877563027541
D,GAC,1.54459707080523
E,GAG,0.411604885870218
F,TTC,0.732016804389159
G,GGG,0.762595599588582
G,GGC,1.08450171293815
H,CAC,1.86389583802223
I,ATC,0.688109324896336
K,AAG,0.672506704723835
L,CTG,-0.15599674673875097
L,CTC,0.25219080468813493
L,TTG,0.151722825240592
N,AAC,1.63317404997349
P,CCG,1.5567669057021578
P,CCC,0.652981290052335
Q,CAG,0.441223596348365
R,AGG,0.7719571803887699
R,CGG,0.7428044887614905
R,CGC,0.851375927189986
S,TCG,1.5733324650804201
S,TCC,0.981623663536708
T,ACG,0.9205639594982069
T,ACC,1.33765967205365
V,GTG,-0.45570514295779546
V,GTC,1.15009715000788
Y,TAC,1.61957791139285
Z,AGC,1.21070228647391
