AA,Codon,Mean
A,GCG,-0.0016733980715269992
A,GCC,-0.0288063144205759
C,TGC,0.28051057235300503
D,GAC,-0.15317313939333
E,GAG,0.0886124210973581
F,TTC,-0.267091640299559
G,GGG,-0.332402359155814
G,GGC,0.327851598590612
H,CAC,-0.205875118481119
I,ATC,-0.0840883031696081
K,AAG,-0.258087613729636
L,CTG,0.19619680264244438
L,CTC,0.292071201308568
L,TTG,-0.358157637278239
N,AAC,-0.361596708758672
P,CCG,0.756324298924207
P,CCC,0.208077338581284
Q,CAG,0.12410890664955
R,AGG,0.519626762853066
R,CGG,-0.866081748521326
R,CGC,0.512391165355841
S,TCG,-0.113661798745393
S,TCC,-0.0259108831671067
T,ACG,-0.011982773687441994
T,ACC,-0.0816531193380555
V,GTG,-0.26153803762197503
V,GTC,-0.0886716249947747
Y,TAC,-0.354234404657284
Z,AGC,-0.0143725838394519
