AA,Codon,Mean
A,GCG,-0.24870538486639604
A,GCC,-0.200910892422001
C,TGC,-0.374687804289659
D,GAC,-0.51423988622427
E,GAG,-0.8394076537172
F,TTC,-0.6980108760794
G,GGG,-1.03313221924901
G,GGC,-0.065911985333326
H,CAC,-0.780843708030383
I,ATC,-0.83811065343221
K,AAG,-0.431856617752711
L,CTG,-1.484976165262857
L,CTC,-0.8506299933644348
L,TTG,-1.44161793242296
N,AAC,-0.963816278799375
P,CCG,-0.42271286827921895
P,CCC,-0.726111620497704
Q,CAG,-0.607500718788306
R,AGG,-0.4261265320658709
R,CGG,-0.975024323764571
R,CGC,-0.49465010710756
S,TCG,-0.741417558306601
S,TCC,-0.618027731990814
T,ACG,-0.43878413139184297
T,ACC,-0.0982426489705841
V,GTG,-1.1876278722708113
V,GTC,-0.718722655777136
Y,TAC,-1.59343941760063
Z,AGC,-0.212570473771294
