AA,Codon,Mean
A,GCG,0.500145826807619
A,GCC,0.217006213199099
C,TGC,0.167382730107506
D,GAC,0.369030724962552
E,GAG,0.121191889690359
F,TTC,0.252847717168927
G,GGG,-0.133544162125886
G,GGC,0.525149309404691
H,CAC,0.24484684325854
I,ATC,0.193840277384718
K,AAG,0.242621359627446
L,CTG,-0.590572680061062
L,CTC,0.14949177882274
L,TTG,-0.481255777762334
N,AAC,0.074078703447183
P,CCG,0.22852808831309301
P,CCC,0.0693675982060532
Q,CAG,0.155312724944452
R,AGG,0.11543636561234982
R,CGG,0.11634088021516803
R,CGC,0.218985443141063
S,TCG,0.1519690914150327
S,TCC,0.131049677783748
T,ACG,0.3499666273258006
T,ACC,0.266531663952271
V,GTG,-0.2769997045822443
V,GTC,0.291083515123526
Y,TAC,-0.233762885822852
Z,AGC,0.247177791925271
