AA,Codon,Mean
A,GCG,-0.37919055355340303
A,GCC,-0.432980380342404
C,TGC,-0.294143901519974
D,GAC,-0.482980450312297
E,GAG,-0.421469596250852
F,TTC,-0.22256617859304
G,GGG,-0.32379409732172904
G,GGC,-0.547227099174261
H,CAC,-0.391978197216988
I,ATC,-0.418122229715188
K,AAG,-0.328525312036276
L,CTG,-0.5316720028472379
L,CTC,-0.4275139569554172
L,TTG,-0.425043985990683
N,AAC,-0.451538992234071
P,CCG,-0.46512990507264845
P,CCC,-0.367482142066956
Q,CAG,-0.513205902365843
R,AGG,-0.2271257322336235
R,CGG,-0.40924553852207596
R,CGC,-0.399415003347397
S,TCG,-0.6069579156093294
S,TCC,-0.341395525807142
T,ACG,-0.395897578493009
T,ACC,-0.433595870308081
V,GTG,-0.46314486137231203
V,GTC,-0.350921993150314
Y,TAC,-0.41862349118193
Z,AGC,-0.429928024850289
