AA,Codon,Mean
A,GCG,1.089531696012616
A,GCC,1.0112866793553
C,TGC,0.392266031644742
D,GAC,0.924272732945283
E,GAG,0.433986053593953
F,TTC,0.550128688502312
G,GGG,1.1732095727750125
G,GGC,0.834983117572467
H,CAC,0.845717650532723
I,ATC,0.788662717004617
K,AAG,0.363675184907516
L,CTG,0.14966785149971595
L,CTC,0.8969815331409371
L,TTG,-0.225091968073448
N,AAC,0.637581321577231
P,CCG,1.2157437631440688
P,CCC,1.21202293709119
Q,CAG,0.445917932536205
R,AGG,1.239948479620614
R,CGG,1.03088140515089
R,CGC,0.621028458714485
S,TCG,1.0233544139535429
S,TCC,0.919021550710996
T,ACG,1.1410940601063244
T,ACC,0.888653588513533
V,GTG,-0.09481094067891505
V,GTC,0.960765765444438
Y,TAC,0.543388868564367
Z,AGC,0.451915326962868
