AA,Codon,Mean
A,GCG,1.143532221347097
A,GCC,0.975508526130517
C,TGC,0.50890074330171
D,GAC,0.810695600076516
E,GAG,0.320613165758053
F,TTC,0.423726196618875
G,GGG,1.296125687740742
G,GGC,1.08681634619236
H,CAC,0.641435458076
I,ATC,0.766316788434982
K,AAG,0.186490402922531
L,CTG,0.16307880251804996
L,CTC,0.91768182138304
L,TTG,-0.360590224802494
N,AAC,0.417508888290326
P,CCG,1.4407660690516544
P,CCC,1.43556191791693
Q,CAG,0.320041260166963
R,AGG,1.712736066795392
R,CGG,0.7553349833313029
R,CGC,0.822559051672618
S,TCG,0.8942368023763081
S,TCC,0.883941874587536
T,ACG,1.213950057299931
T,ACC,0.820982220033805
V,GTG,-0.21379187523920906
V,GTC,0.915593361743291
Y,TAC,0.380546386788289
Z,AGC,0.499459889733791
