AA,Codon,Mean
A,GCG,0.09896372089981997
A,GCC,-0.151911490075787
C,TGC,-0.376928399602572
D,GAC,-0.17122340977788
E,GAG,-0.214056300781171
F,TTC,0.211817739026745
G,GGG,-0.276261305059989
G,GGC,-0.731972328325113
H,CAC,0.138358863316476
I,ATC,0.398524079161882
K,AAG,-0.268247360474865
L,CTG,-0.697386297956109
L,CTC,-0.292430641536912
L,TTG,-0.69341546520392106
N,AAC,0.13351971638451
P,CCG,-0.38447983034153704
P,CCC,0.00418325795075636
Q,CAG,-0.376886105626822
R,AGG,-0.14273254917462597
R,CGG,-0.701056706650679
R,CGC,-0.990290020060539
S,TCG,-0.3620660839876183
S,TCC,0.235673238147298
T,ACG,-0.1414274008754482
T,ACC,0.12782123936067
V,GTG,-0.5496063864273103
V,GTC,-0.0828420958849291
Y,TAC,-0.0688328538513432
Z,AGC,-0.544319193973144
