AA,Codon,Mean
A,GCG,0.13660208099683102
A,GCC,0.207358046961824
C,TGC,3.2129349141938e-4
D,GAC,0.117373411789536
E,GAG,-0.167634674866994
F,TTC,-0.329333355778456
G,GGG,0.6235761646270751
G,GGC,0.457344846783082
H,CAC,-0.213870033268134
I,ATC,0.00244054137935061
K,AAG,-0.56978852117459
L,CTG,-0.201538934240738
L,CTC,0.20154598992359407
L,TTG,-0.757370829304059
N,AAC,-0.222658880371849
P,CCG,1.0032851951221629
P,CCC,0.485427550568183
Q,CAG,-0.369348445153236
R,AGG,0.47680114285320513
R,CGG,1.153321815164884
R,CGC,1.25078695281347
S,TCG,-0.030793410205841032
S,TCC,0.108334355566402
T,ACG,0.11984422038793496
T,ACC,0.0962371138031284
V,GTG,-0.025112360711892046
V,GTC,0.168368782751759
Y,TAC,-0.149844522661964
Z,AGC,0.102025468612214
