AA,Codon,Mean
A,GCG,-1.096102417618041
A,GCC,-0.993481396814187
C,TGC,-1.09126183060408
D,GAC,-1.15340113840103
E,GAG,-1.19580510592461
F,TTC,0.0164385712748149
G,GGG,-1.22978742189109
G,GGC,-1.68827856616179
H,CAC,-0.713090388802687
I,ATC,0.103438685959081
K,AAG,-1.26246023645401
L,CTG,-1.918200033773975
L,CTC,-1.099164863717059
L,TTG,-1.70350437312921
N,AAC,-0.696923814789454
P,CCG,-1.3953251132122833
P,CCC,-0.723057038076719
Q,CAG,-1.40100487902164
R,AGG,-0.428509110705802
R,CGG,-1.487446283740798
R,CGC,-1.80582372785409
S,TCG,-1.702322907466685
S,TCC,-0.347319924469789
T,ACG,-1.353099565396469
T,ACC,-0.639926946000258
V,GTG,-1.5642593005601437
V,GTC,-0.794354931922754
Y,TAC,-0.940078504983584
Z,AGC,-1.35500619451205
