AA,Codon,Mean
A,GCG,1.9016968605160691
A,GCC,0.960591847054164
C,TGC,1.41247242929141
D,GAC,1.64005922439098
E,GAG,0.84813237303098
F,TTC,0.979398103193442
G,GGG,0.8887455163717269
G,GGC,1.63185792133808
H,CAC,1.68112587199211
I,ATC,1.23480204470952
K,AAG,0.830100273120403
L,CTC,1.3583716170231472
L,TTG,0.3313084734718
N,AAC,1.45612529834906
P,CCG,1.3905846106131878
P,CCC,0.911303866072496
Q,CAG,0.869584019931157
R,AGG,1.1633049526790291
R,CGG,1.384708375251293
R,CGC,1.45565827356974
S,TCG,1.273328336083889
S,TCC,0.799392126603921
T,ACG,1.390782990415894
T,ACC,0.990320001526674
V,GTG,0.129906914649407
V,GTC,1.50017625837326
Y,TAC,1.4361141403993
Z,AGC,1.4697294626077
