AA,Codon,Mean
A,GCG,0.5686353248119298
A,GCC,0.0815105546794832
C,TGC,0.803700828591983
D,GAC,-0.104386906371514
E,GAG,1.01435927651723
F,TTC,-0.357826316479842
G,GGG,0.3480730063358909
G,GGC,0.593019617366791
H,CAC,-0.402164179996649
I,ATC,-0.0912772439941764
K,AAG,-0.007163664737042
L,CTC,0.38178981214761804
L,TTG,-0.240606263419986
N,AAC,-0.459417118533452
P,CCG,1.336605792228381
P,CCC,1.32192359794776
Q,CAG,1.26533746883869
R,AGG,1.663406394101683
R,CGG,1.59336884702047
R,CGC,1.34887769554456
S,TCG,0.7987739469051391
S,TCC,0.0264527261991054
T,ACG,0.8261465830246569
T,ACC,-0.0386676179041465
V,GTG,0.20284886969725013
V,GTC,-0.0663833265898128
Y,TAC,-0.436264819262425
Z,AGC,0.199640387839576
