AA,Codon,Mean
A,GCG,0.30690796812931637
A,GCC,-0.196455535509189
C,TGC,-0.194944379666448
D,GAC,0.0303429032458977
E,GAG,0.0446945991323737
F,TTC,-0.00184140069009626
G,GGG,-0.07306556498756
G,GGC,-0.176137253543238
H,CAC,0.137325670923541
I,ATC,-0.074913602540642
K,AAG,0.0294882544112206
L,CTG,-0.771292173036933
L,CTC,-0.0015947276274360656
L,TTG,-0.575422240440051
N,AAC,-0.106108006296555
P,CCG,-0.07849465725775429
P,CCC,-0.363881847200791
Q,CAG,-0.105531130851929
R,AGG,0.15824044063091014
R,CGG,-0.157405876045923
R,CGC,-0.241336796085536
S,TCG,-0.22873633287362738
S,TCC,-0.0322933134672372
T,ACG,-0.035786798311273016
T,ACC,-0.0185669274481175
V,GTG,-0.640450902096927
V,GTC,0.0848253989897668
Y,TAC,-0.121058831053724
Z,AGC,-0.111541783118248
