AA,Codon,Mean
A,GCG,0.31631651722391396
A,GCC,0.174461587241292
C,TGC,0.573110185577472
D,GAC,0.0238098391349893
E,GAG,0.44313592171073
F,TTC,-0.16907444190383
G,GGG,0.02721225097576796
G,GGC,0.666996909320354
H,CAC,-0.0522857316208382
I,ATC,0.0386268802999208
K,AAG,-0.179015260729194
L,CTG,0.44055975130697106
L,CTC,0.44029074657162
L,TTG,-0.0689707621109982
N,AAC,-0.17242658393085
P,CCG,1.021668290199836
P,CCC,0.516222073938449
Q,CAG,0.572099921588103
R,AGG,0.6883932766716507
R,CGG,0.11977543714841987
R,CGC,0.815370111827056
S,TCG,0.298551055377722
S,TCC,0.0877344983282189
T,ACG,0.38930369838277495
T,ACC,0.0479220233359685
V,GTG,0.02309016281366394
V,GTC,0.0303052565800647
Y,TAC,-0.171281946130594
Z,AGC,0.175749451982478
