AA,Codon,Mean
A,GCG,0.835126963387927
A,GCC,0.36009166932106
C,TGC,0.271958665116628
D,GAC,0.718513658281167
E,GAG,0.6027627704223
F,TTC,0.523637373131514
G,GGG,0.4893495990640175
G,GGC,0.369564723602931
H,CAC,0.755181836044788
I,ATC,0.566472053917249
K,AAG,0.553878083793322
L,CTG,-0.005676940002043995
L,CTC,0.589708807579676
L,TTG,0.0935207950328787
N,AAC,0.57695095363458
P,CCG,0.537708369357884
P,CCC,0.326975496306022
Q,CAG,0.48463534587423
R,AGG,0.37714814669291297
R,CGG,0.524210937997202
R,CGC,0.514557937071721
S,TCG,0.590251272632678
S,TCC,0.47351615387996
T,ACG,0.607539922219515
T,ACC,0.493730542220672
V,GTG,0.147962972361595
V,GTC,0.673528568840027
Y,TAC,0.544119815234343
Z,AGC,0.397911379855871
