AA,Codon,Mean
A,GCG,0.6384224902744089
A,GCC,-0.4040919825236
C,TGC,-0.153643478606145
D,GAC,0.0964518780892094
E,GAG,-0.0194219980258343
F,TTC,0.296643154084682
G,GGG,0.23925521142085404
G,GGC,-0.788112351449331
H,CAC,0.125294639401138
I,ATC,-0.168845162861546
K,AAG,0.203120320433378
L,CTC,-0.13010242255528798
L,TTG,-1.13858367567857
N,AAC,0.0508931942839796
P,CCG,-0.3522064309561862
P,CCC,-0.380101443050305
Q,CAG,-0.409161278706789
R,AGG,0.468933845082921
R,CGG,-0.03468658021290694
R,CGC,-0.814288439524174
S,TCG,-0.43014606558170043
S,TCC,0.0417705805410631
T,ACG,0.1611632358513995
T,ACC,-0.386236112231016
V,GTG,-0.5169247294942539
V,GTC,-0.0739708492082854
Y,TAC,-0.125070268646876
Z,AGC,-0.0494870802516957
