AA,Codon,Mean
A,GCG,0.4610687842329311
A,GCC,0.171842015043894
C,TGC,0.739430007481575
D,GAC,-0.131395157646139
E,GAG,0.573351788651943
F,TTC,-0.394749175568422
G,GGG,0.753497487719853
G,GGC,0.936532468072573
H,CAC,-0.331130069373051
I,ATC,0.0224489991732269
K,AAG,-0.37226150572896
L,CTC,0.41566877099672894
L,TTG,-0.00327492385116004
N,AAC,-0.441490098071098
P,CCG,1.452870111647244
P,CCC,0.852800647691886
Q,CAG,0.650727137088776
R,AGG,1.084168325725197
R,CGG,0.01912995025316011
R,CGC,1.63780455110073
S,TCG,0.18601079806288096
S,TCC,0.0241322380307183
T,ACG,0.3367509830395391
T,ACC,0.0299442122958639
V,GTG,-0.04359258884588901
V,GTC,0.0503352585398903
Y,TAC,-0.414211921254794
Z,AGC,0.15691744534721
