AA,Codon,Mean
A,GCG,0.21784826739231705
A,GCC,0.0467867935076356
C,TGC,0.131132569686572
D,GAC,-0.163116554042697
E,GAG,-0.203344049656391
F,TTC,-0.314122445017099
G,GGG,0.7262455315123
G,GGC,0.317356364256144
H,CAC,-0.353680558635791
I,ATC,-0.0735616864517331
K,AAG,-0.34476737908721
L,CTG,-0.374711168004076
L,CTC,0.015280655530095014
L,TTG,-0.487374667992194
N,AAC,-0.345863575204213
P,CCG,0.450219863928855
P,CCC,0.614483073961735
Q,CAG,-0.150128311626613
R,AGG,0.7576910882383581
R,CGG,-0.8539780869742271
R,CGC,0.446187699429194
S,TCG,-0.300198267772794
S,TCC,-0.0347851881014804
T,ACG,-0.076927851611376
T,ACC,-0.0539093593845765
V,GTG,-1.2143974161843472
V,GTC,-0.0347056145222237
Y,TAC,-0.350486747004588
Z,AGC,-3.2572767670474e-4
