AA,Codon,Mean
A,GCG,0.73854175276657
A,GCC,0.332379085210959
C,TGC,0.123104017531127
D,GAC,0.300208985205491
E,GAG,-0.00700172697619266
F,TTC,0.316035373836756
G,GGG,0.5981063163504
G,GGC,0.085873666626215
H,CAC,0.532866805177927
I,ATC,0.298055208730698
K,AAG,0.178900180116296
L,CTG,-0.3460745086600381
L,CTC,0.353731199750304
L,TTG,-0.51016981553634
N,AAC,0.229669963810841
P,CCG,0.334676709773143
P,CCC,0.333884030946096
Q,CAG,-0.0325954184192796
R,AGG,0.5042349336079
R,CGG,0.5142575762713867
R,CGC,-0.104337190643946
S,TCG,0.1384100159141114
S,TCC,0.445896807277203
T,ACG,0.545062471542756
T,ACC,0.25290403051277
V,GTG,-0.762186902786294
V,GTC,0.501320981959502
Y,TAC,0.142172383074959
Z,AGC,0.0217530486478223
