AA,Codon,Mean
A,GCG,0.793420609046022
A,GCC,0.233449090110262
C,TGC,-0.0687810763017352
D,GAC,0.422806429304679
E,GAG,0.112873251334329
F,TTC,0.577467208031813
G,GGG,0.446525107869506
G,GGC,0.074003593745331
H,CAC,0.377346233775218
I,ATC,0.349714413656791
K,AAG,0.189390338861942
L,CTG,-0.20481900964975297
L,CTC,0.340022126344837
L,TTG,-0.568097609563669
N,AAC,0.293534053683281
P,CCG,0.393570005687078
P,CCC,0.442795424167315
Q,CAG,-0.303580961338679
R,AGG,0.6673982488314301
R,CGG,-0.23806001215602
R,CGC,0.307956854083141
S,TCG,0.49334707642495595
S,TCC,0.442544689865907
T,ACG,0.5981475157380101
T,ACC,0.228568289496501
V,GTG,-0.794571029023329
V,GTC,0.703278562756379
Y,TAC,0.0978996639311314
Z,AGC,-0.0559823785490667
