AA,Codon,Mean
A,GCG,0.1486746535241601
A,GCC,0.0461132377223422
C,TGC,0.54459362954696
D,GAC,-0.15416449568073
E,GAG,-0.0771151612751186
F,TTC,-0.265801366690795
G,GGG,0.6920104335943821
G,GGC,0.566268153905868
H,CAC,-0.407579482650757
I,ATC,-0.100780897428592
K,AAG,-0.504091390309731
L,CTG,0.28308138046662
L,CTC,0.14118139961957898
L,TTG,-0.189871054011583
N,AAC,-0.555347851721446
P,CCG,0.959290800571442
P,CCC,1.12689468232791
Q,CAG,0.361548710328341
R,AGG,1.304784804856777
R,CGG,-0.21837688976923975
R,CGC,0.916291989990075
S,TCG,0.03707508827447903
S,TCC,-0.0881177997613947
T,ACG,0.17891316099564203
T,ACC,-0.128521513330936
V,GTG,-1.473717172342541
V,GTC,-0.0654756678548952
Y,TAC,-0.42827613328894
Z,AGC,0.0455313084140944
