AA,Codon,Mean
A,GCG,1.469785193200905
A,GCC,0.692750305346648
C,TGC,1.96755146594048
D,GAC,1.71911815417608
E,GAG,1.26360421493848
F,TTC,0.818845640146732
G,GGG,0.556541269453366
G,GGC,1.6686911126852
H,CAC,1.91600134847959
I,ATC,1.31504241422812
K,AAG,0.888499401323001
L,CTC,1.593454269359511
L,TTG,0.618340238773823
N,AAC,1.49677478320599
P,CCG,0.9534769546363264
P,CCC,0.612127506327629
Q,CAG,1.51891753004392
R,AGG,1.2752420104421947
R,CGG,1.219867508033909
R,CGC,1.54462526363532
S,TCG,1.14006829909881
S,TCC,0.542388904350996
T,ACG,1.0385165194551131
T,ACC,0.868794546004136
V,GTG,0.30178690528472296
V,GTC,1.55444704860846
Y,TAC,1.82389596884251
Z,AGC,1.90124930841128
