AA,Codon,Mean
A,GCG,0.29511718585093805
A,GCC,0.117452981366217
C,TGC,0.336911615286271
D,GAC,-0.0378732502815624
E,GAG,0.486078619792064
F,TTC,-0.202262589034438
G,GGG,0.14231043638785695
G,GGC,0.505311882468065
H,CAC,-0.180508271784584
I,ATC,-0.00681259245452839
K,AAG,-0.241704445624352
L,CTC,0.17476320662995098
L,TTG,0.0221484509304787
N,AAC,-0.220800499334931
P,CCG,0.984357230151693
P,CCC,0.450732162908713
Q,CAG,0.51844484620293
R,AGG,0.5755852879974993
R,CGG,-0.16189401879708099
R,CGC,0.724172983360291
S,TCG,0.233332589050134
S,TCC,0.0880805429309607
T,ACG,0.26990651787122105
T,ACC,0.0195618985895844
V,GTG,0.11540016769965505
V,GTC,0.0222595449996608
Y,TAC,-0.233351148554683
Z,AGC,0.0503291570406241
