AA,Codon,Mean
A,GCG,1.465712429237366
A,GCC,0.581401020789146
C,TGC,1.38663986707528
D,GAC,1.23912035388947
E,GAG,0.878673733671506
F,TTC,0.687733737051487
G,GGG,0.647469983946283
G,GGC,1.12880256197453
H,CAC,1.31989737130006
I,ATC,0.92122505625089
K,AAG,0.625154348568122
L,CTC,1.1076816541930068
L,TTG,0.331971246339877
N,AAC,1.13032088541985
P,CCG,0.8270152556040637
P,CCC,0.509655300110579
Q,CAG,0.981550622018178
R,AGG,0.782390657303728
R,CGG,1.109394594534441
R,CGC,0.950241016836961
S,TCG,0.956554907176892
S,TCC,0.42423123361667
T,ACG,0.9357324872785031
T,ACC,0.580877515276273
V,GTG,0.218803958787521
V,GTC,1.22290974265734
Y,TAC,1.29730546162128
Z,AGC,1.34787452837626
