AA,Codon,Mean
A,GCG,-1.086326002382238
A,GCC,-0.680038190257549
C,TGC,-0.713389156095187
D,GAC,-1.37200510694186
E,GAG,-1.40404421939055
F,TTC,-1.52519532078107
G,GGG,-1.4213631981869541
G,GGC,-0.742271023019155
H,CAC,-1.56555672882398
I,ATC,-1.59617387142976
K,AAG,-1.11290000537237
L,CTG,-1.295652839986483
L,CTC,-1.4784651125818529
L,TTG,-1.56288528343836
N,AAC,-1.72927337328593
P,CCG,-0.823507378296059
P,CCC,-1.23156908408801
Q,CAG,-1.1021562806805
R,AGG,-0.668844044282536
R,CGG,-1.641829942065475
R,CGC,-0.959577158836524
S,TCG,-1.397800311356283
S,TCC,-1.16057529150645
T,ACG,-1.1665846638127966
T,ACC,-0.581920322350661
V,GTG,-1.4385354954321503
V,GTC,-1.56727287393411
Y,TAC,-2.17633683427175
Z,AGC,-0.688040044550101
