AA,Codon,Mean
A,GCG,1.229093882926805
A,GCC,0.645804823493958
C,TGC,0.839341798643271
D,GAC,1.16247198522091
E,GAG,1.11141256707509
F,TTC,1.07131750089327
G,GGG,0.6162881976306389
G,GGC,1.32273142755032
H,CAC,1.12691020975113
I,ATC,1.18337528121471
K,AAG,0.771822510027885
L,CTG,0.41781713716387703
L,CTC,1.331635054083665
L,TTG,0.254999373465776
N,AAC,0.962506457237403
P,CCG,1.2805718997980151
P,CCC,1.0384100470384
Q,CAG,0.969457347158591
R,AGG,0.937125048740709
R,CGG,0.8664957169610469
R,CGC,1.22545381497542
S,TCG,1.001145415100704
S,TCC,0.871856416082382
T,ACG,1.1160196713595054
T,ACC,0.568404004015525
V,GTG,0.530139924458661
V,GTC,1.25041206434568
Y,TAC,0.947145805565516
Z,AGC,0.687844809381167
