AA,Codon,Mean
A,GCG,0.7561544970156483
A,GCC,0.431038601120313
C,TGC,0.00967437859895066
D,GAC,0.296160460048914
E,GAG,0.31649783898592
F,TTC,0.513617930215597
G,GGG,0.39544970755602
G,GGC,0.00331429390950314
H,CAC,0.467392818027735
I,ATC,0.443439354079962
K,AAG,0.127440207878749
L,CTG,-0.472262075467614
L,CTC,0.30729048625727495
L,TTG,-0.419863775390387
N,AAC,0.360046081771453
P,CCG,0.4894540786180107
P,CCC,0.602343595906099
Q,CAG,-0.114773566112419
R,AGG,0.23262297481497096
R,CGG,0.239440284326176
R,CGC,0.0479845989736665
S,TCG,0.27593103727897006
S,TCC,0.699158361140887
T,ACG,0.3885138498716052
T,ACC,0.48007109991312
V,GTG,-0.23890407228134322
V,GTC,0.368624932583173
Y,TAC,0.302128374862671
Z,AGC,0.0666572492821763
