AA,Codon,Mean
A,GCG,-0.08079148963292404
A,GCC,-0.0151629755247224
C,TGC,-0.104796424561987
D,GAC,-0.159202435577909
E,GAG,-0.240182319399714
F,TTC,-0.22873318378826
G,GGG,0.4097731844142078
G,GGC,0.160282944077253
H,CAC,-0.356585786616802
I,ATC,-0.0849095945566893
K,AAG,-0.326335977566242
L,CTG,-0.435203064877068
L,CTC,-0.0851527908864276
L,TTG,-0.588586156260967
N,AAC,-0.313987850145499
P,CCG,-0.10337931663592703
P,CCC,-0.0666419012273351
Q,CAG,-0.311133469283581
R,AGG,0.33042565914891353
R,CGG,0.4914828507507839
R,CGC,0.238690037636956
S,TCG,-0.2767332758747037
S,TCC,-0.0129994878745634
T,ACG,-0.10962819128831203
T,ACC,-0.067568777007858
V,GTG,-0.26074102252324444
V,GTC,-0.0824170324360331
Y,TAC,-0.371677447211742
Z,AGC,-0.0434377293637643
