AA,Codon,Mean
A,GCG,0.5028564209164427
A,GCC,0.124731720137596
C,TGC,-0.381164891584714
D,GAC,-0.361811936575174
E,GAG,0.0463016653238485
F,TTC,0.243727429449558
G,GGG,0.21851607473889922
G,GGC,-0.37694207615455
H,CAC,-0.130576488920053
I,ATC,0.02268543080771
K,AAG,0.0577057842766556
L,CTG,-0.9821982098837689
L,CTC,-0.2743345559043539
L,TTG,-0.661534721982479
N,AAC,-0.21662710676988
P,CCG,0.1510183295230072
P,CCC,0.394346333883206
Q,CAG,-0.459297158245246
R,AGG,0.16052939920326098
R,CGG,0.048660257237157
R,CGC,-0.256536032858491
S,TCG,-0.1623038464067682
S,TCC,0.508009119458993
T,ACG,0.10228787136281202
T,ACC,0.105052205610772
V,GTG,-0.6277801508765668
V,GTC,-0.110430597554147
Y,TAC,-0.326371023607254
Z,AGC,-0.256312435024977
