AA,Codon,Mean
A,GCG,0.5463522328893319
A,GCC,0.111381337990363
C,TGC,0.557859732506673
D,GAC,-0.0706251308277249
E,GAG,0.327966016042233
F,TTC,-0.386381202367942
G,GGG,0.8803529599905
G,GGC,0.552589980266492
H,CAC,-0.369767061867317
I,ATC,-0.0413122629065067
K,AAG,-0.564185837904612
L,CTG,0.08565652670463009
L,CTC,0.27276000444690407
L,TTG,-0.260978759259979
N,AAC,-0.45950206249555
P,CCG,1.189361068327228
P,CCC,1.23733368604183
Q,CAG,0.779821510624886
R,AGG,1.602626001389824
R,CGG,0.006325479793549693
R,CGC,0.884993110597134
S,TCG,0.657316541179021
S,TCC,0.0554264299022655
T,ACG,0.5747653958201411
T,ACC,-0.0183170610956809
V,GTG,-1.23109826807976
V,GTC,-0.0758607068955898
Y,TAC,-0.49083777474761
Z,AGC,0.0436274194913878
