AA,Codon,Mean
A,GCG,1.459194613588191
A,GCC,0.644361143060525
C,TGC,0.742617454838753
D,GAC,1.14610572005113
E,GAG,0.60289940233628
F,TTC,0.358206055996815
G,GGG,0.7351370895192031
G,GGC,1.51971758313179
H,CAC,1.20031927206516
I,ATC,0.402663141890367
K,AAG,0.638314508585135
L,CTG,0.20296136696338007
L,CTC,0.6651268611510549
L,TTG,-0.474994261419773
N,AAC,0.581278857322534
P,CCG,1.355472532041872
P,CCC,0.841087293116252
Q,CAG,0.578152486693859
R,AGG,1.3198033372463474
R,CGG,0.6776612575472998
R,CGC,1.54646745989323
S,TCG,1.162672256394228
S,TCC,0.410021837512652
T,ACG,1.0266204134682821
T,ACC,0.613770696194967
V,GTG,-1.121577775726719
V,GTC,1.01493581705888
Y,TAC,0.675542375004291
Z,AGC,1.0967047981898
