AA,Codon,Mean
A,GCG,1.4160381024269941
A,GCC,0.790347871569792
C,TGC,0.692833435666561
D,GAC,1.12378309092522
E,GAG,0.568165293641885
F,TTC,0.35489032150507
G,GGG,0.612169318947692
G,GGC,1.09418742620945
H,CAC,1.21713236025969
I,ATC,0.332857819451888
K,AAG,0.582143335350355
L,CTG,-0.042866562271109965
L,CTC,0.525138110979397
L,TTG,-0.383655263541142
N,AAC,0.562022516922156
P,CCG,1.355050419110553
P,CCC,0.869475048494339
Q,CAG,0.475099650639296
R,AGG,1.147090507715444
R,CGG,0.4985254090499551
R,CGC,1.34423966476917
S,TCG,1.199488895630836
S,TCC,0.602876641019185
T,ACG,0.955880561099449
T,ACC,0.627838521031539
V,GTG,-0.7862955282807339
V,GTC,0.9810388933579132
Y,TAC,0.692066211899122
Z,AGC,0.885764569934209
