AA,Codon,Mean
A,GCG,-1.16122462202311
A,GCC,-1.18387600343227
C,TGC,-0.865370471493403
D,GAC,-1.24234383045832
E,GAG,-1.22252369916439
F,TTC,-0.620002708395322
G,GGG,-1.0999990012638277
G,GGC,-1.15249604063829
H,CAC,-1.21506358424028
I,ATC,-0.89702972155412
K,AAG,-1.26257010325591
L,CTC,-1.217434031842153
L,TTG,-1.23380405318737
N,AAC,-1.07926203394731
P,CCG,-1.1372782216724013
P,CCC,-1.28941915130615
Q,CAG,-1.31113609190782
R,AGG,-0.497154039880882
R,CGG,-1.2169890407954551
R,CGC,-1.28934233500957
S,TCG,-1.452544307880603
S,TCC,-1.1806225189209
T,ACG,-1.185834094078593
T,ACC,-1.17959564769268
V,GTG,-1.0089949382626764
V,GTC,-1.1858565942049
Y,TAC,-1.17487914381027
Z,AGC,-0.94267773574988
