AA,Codon,Mean
A,GCG,1.560021057615676
A,GCC,0.801580914199352
C,TGC,0.467836922510465
D,GAC,0.633696889142195
E,GAG,1.12042521413962
F,TTC,0.707309420808156
G,GGG,1.3071999108016472
G,GGC,0.684124976869424
H,CAC,0.539635867657264
I,ATC,0.877406525039673
K,AAG,0.720672667256991
L,CTC,0.9460513512094841
L,TTG,-0.3016872461766
N,AAC,0.443413824133078
P,CCG,1.805301622700695
P,CCC,1.81260769592126
Q,CAG,0.933890337538719
R,AGG,1.620704713660325
R,CGG,0.8406071337501231
R,CGC,0.802847342252731
S,TCG,1.251695942181349
S,TCC,0.886495382936796
T,ACG,1.240923879629372
T,ACC,0.630413272043069
V,GTG,-0.34719726707935106
V,GTC,0.926870063928763
Y,TAC,0.309349157622457
Z,AGC,0.159915295958519
