AA,Codon,Mean
A,GCG,1.9502390825231821
A,GCC,1.14628991642793
C,TGC,1.11745100706418
D,GAC,1.6779745918115
E,GAG,1.32751078068415
F,TTC,1.63642973399957
G,GGG,1.2290237596683788
G,GGC,1.40515262830257
H,CAC,1.7026578722635901
I,ATC,1.60359871347745
K,AAG,1.19564927806854
L,CTG,1.066350986091299
L,CTC,1.8361780320723862
L,TTG,0.915784706095854
N,AAC,1.44353154265086
P,CCG,1.7160050618847251
P,CCC,1.31402340710958
Q,CAG,1.17276406594117
R,AGG,0.92941749407252106
R,CGG,1.223658689903495
R,CGC,1.60763853369554
S,TCG,1.7844261461496362
S,TCC,1.34758178816636
T,ACG,1.60988045115272
T,ACC,1.33016688093344
V,GTG,0.591224515155954
V,GTC,1.88148764622211
Y,TAC,1.44844949917793
Z,AGC,1.28217742344538
