AA,Codon,Mean
A,GCG,0.07356398796240493
A,GCC,0.0932426006406546
C,TGC,0.491520167585214
D,GAC,-0.124362622973323
E,GAG,0.441761472374201
F,TTC,-0.37574103662173
G,GGG,0.12027581943670995
G,GGC,0.553145080969731
H,CAC,-0.336641666585207
I,ATC,-0.0848237900195022
K,AAG,-0.604686358225346
L,CTG,-0.15709002271692007
L,CTC,0.0673932296529686
L,TTG,-0.156065509278576
N,AAC,-0.434571499911944
P,CCG,0.7534068337733549
P,CCC,0.753296896429857
Q,CAG,0.604768295498689
R,AGG,1.0039976823906112
R,CGG,-0.09017199821472999
R,CGC,0.691680875476201
S,TCG,0.376036935396989
S,TCC,-0.0351397771519919
T,ACG,0.3197063670396799
T,ACC,-0.0881408033147454
V,GTG,-0.651406115599469
V,GTC,-0.0775246062700947
Y,TAC,-0.45336883102258
Z,AGC,0.0514152448390025
