AA,Codon,Mean
A,GCG,0.49801618984540497
A,GCC,0.0753639818344179
C,TGC,-0.304542657456299
D,GAC,-0.0139781989889564
E,GAG,-0.16063468135645
F,TTC,-0.124740011454746
G,GGG,0.5078108802423423
G,GGC,0.178046865857641
H,CAC,-0.232116230988999
I,ATC,-0.114349590855806
K,AAG,-0.389342444306612
L,CTG,-0.07096920299232001
L,CTC,0.04596370042463099
L,TTG,-0.74522696274519
N,AAC,-0.155622375749548
P,CCG,0.6619638986515506
P,CCC,0.0300836163688942
Q,CAG,-0.144411491190766
R,AGG,0.463913167556127
R,CGG,0.452131258537495
R,CGC,-0.0341595046379359
S,TCG,0.1364878900567691
S,TCC,0.142251281612863
T,ACG,0.49557681237856605
T,ACC,-0.11349209044675
V,GTG,-0.48833845195056713
V,GTC,-0.0555415018175184
Y,TAC,-0.359820717639724
Z,AGC,-0.288051826583346
