AA,Codon,Mean
A,GCG,1.3877923203388869
A,GCC,1.22509058419863
C,TGC,1.78290042808851
D,GAC,1.86836358806292
E,GAG,1.70403559898535
F,TTC,1.18307099612554
G,GGG,0.7356629303812989
G,GGC,1.56435081922213
H,CAC,1.84538714834849
I,ATC,1.47495439620018
K,AAG,1.61962433963617
L,CTG,1.023104818661509
L,CTC,1.4847602076192659
L,TTG,1.86829120093981
N,AAC,1.68014150739511
P,CCG,1.39631505664587
P,CCC,1.33577295022011
Q,CAG,1.6768287301143
R,AGG,1.064278216230869
R,CGG,0.748461494831243
R,CGC,1.7046374128739
S,TCG,1.700846415833632
S,TCC,1.14512634402911
T,ACG,1.3249952770690139
T,ACC,1.3196525367101
V,GTG,1.290687076509004
V,GTC,1.69452804685434
Y,TAC,1.91761366396745
Z,AGC,1.6806986745278
