AA,Codon,Mean
A,GCG,0.334528044917186
A,GCC,0.0529435044807692
C,TGC,0.500101030176878
D,GAC,-0.0258575865361219
E,GAG,0.477626381242275
F,TTC,-0.154986845184863
G,GGG,-0.1398478501121201
G,GGC,0.445851206592719
H,CAC,-0.126520459901293
I,ATC,-0.0191754410870994
K,AAG,-0.0890435535043478
L,CTG,0.613793518150847
L,CTC,0.6986032563253635
L,TTG,0.355625440384944
N,AAC,-0.149634601590037
P,CCG,0.997201004920403
P,CCC,0.367998926270008
Q,CAG,0.61539188636144
R,AGG,0.5970360438366729
R,CGG,0.20338634955087986
R,CGC,0.757379762935638
S,TCG,0.46344894570807604
S,TCC,0.0476512189810475
T,ACG,0.458614237320423
T,ACC,-0.00736905632571073
V,GTG,-0.07751696642239903
V,GTC,0.0102645701939326
Y,TAC,-0.17226423014005
Z,AGC,0.207501943509777
