AA,Codon,Mean
A,GCG,1.371164145754772
A,GCC,0.795050401981672
C,TGC,1.00700483242671
D,GAC,1.42447314969699
E,GAG,0.898740751254559
F,TTC,0.533263242646058
G,GGG,0.44989068717957004
G,GGC,1.51881936907768
H,CAC,1.52571741309961
I,ATC,0.833334770822525
K,AAG,0.715991944475969
L,CTG,0.103201097913583
L,CTC,0.754756729221347
L,TTG,0.22899211473465
N,AAC,1.22580120567481
P,CCG,1.013497683515151
P,CCC,0.243812665712833
Q,CAG,0.958771149988969
R,AGG,0.8152714173396391
R,CGG,0.7145028395066662
R,CGC,1.35975557879607
S,TCG,1.217379255203406
S,TCC,0.664899819572767
T,ACG,1.1037692049575374
T,ACC,1.01662666063706
V,GTG,0.19442239079065576
V,GTC,0.810042264930407
Y,TAC,1.10031543176174
Z,AGC,1.12261415223281
