AA,Codon,Mean
A,GCG,1.7470308038642042
A,GCC,1.12262152315776
C,TGC,1.59484845763842
D,GAC,1.66176382673581
E,GAG,1.31325901868343
F,TTC,0.438008195169767
G,GGG,0.19712504943211995
G,GGC,2.26955735559463
H,CAC,1.71006058341662
I,ATC,0.993873678497473
K,AAG,0.631313412372271
L,CTG,0.6230089661717421
L,CTC,1.395080860273046
L,TTG,0.693624148134391
N,AAC,1.22895400234858
P,CCG,2.078090304895239
P,CCC,0.585575506824255
Q,CAG,1.54167452531656
R,AGG,1.474542910234133
R,CGG,0.6859938524007798
R,CGC,2.2354142289718
S,TCG,1.587127989813688
S,TCC,0.889756121075153
T,ACG,1.5307570408781401
T,ACC,1.21367892912229
V,GTG,0.13846782986720407
V,GTC,0.980520246915022
Y,TAC,1.11364071242809
Z,AGC,1.35040362913609
