AA,Codon,Mean
A,GCG,1.842171716805303
A,GCC,1.11268520452181
C,TGC,0.969390651289622
D,GAC,1.42871383955479
E,GAG,0.78506742276748
F,TTC,1.01904453924497
G,GGG,0.650129284252723
G,GGC,1.44655283572674
H,CAC,1.43949258902073
I,ATC,1.13404333109061
K,AAG,0.921235193538666
L,CTG,0.260074136749903
L,CTC,0.9948620245178549
L,TTG,0.385295401090384
N,AAC,1.218718663462
P,CCG,1.534461941949522
P,CCC,1.15411975144545
Q,CAG,0.766340102799734
R,AGG,0.7788860119303099
R,CGG,0.9570464321531039
R,CGC,1.58346414181391
S,TCG,1.136171430496375
S,TCC,1.0309024434646
T,ACG,1.358810900940501
T,ACC,1.04458544640541
V,GTG,0.335455789587895
V,GTC,1.23689223228296
Y,TAC,1.10198332323233
Z,AGC,1.07368774812222
