AA,Codon,Mean
A,GCG,1.9278853074312161
A,GCC,1.25419422471523
C,TGC,1.68195560895602
D,GAC,1.41406308258375
E,GAG,1.07597443070809
F,TTC,0.56672113583684
G,GGG,0.49638995951016995
G,GGC,2.2233434981664
H,CAC,1.29688149834474
I,ATC,1.07828591023286
K,AAG,0.591723070450624
L,CTG,0.5321069889346779
L,CTC,1.4899894993623097
L,TTG,0.42325381535093
N,AAC,0.954839028668404
P,CCG,2.223467558809126
P,CCC,2.06847241535981
Q,CAG,1.21498581616879
R,AGG,1.54212182863553
R,CGG,0.7386286447683901
R,CGC,2.53989302363396
S,TCG,1.166099255618449
S,TCC,1.10119186578592
T,ACG,1.656786868240432
T,ACC,1.10020493653615
V,GTG,0.26295585449536985
V,GTC,1.18452758821646
Y,TAC,0.804121764989694
Z,AGC,1.37995143638452
