AA,Codon,Mean
A,GCG,0.31258757745226307
A,GCC,0.018660306397052
C,TGC,0.441737568344673
D,GAC,-0.0937157321850459
E,GAG,0.406993574812015
F,TTC,-0.234797287977735
G,GGG,0.201314517621199
G,GGC,0.314682032769918
H,CAC,-0.235586557246248
I,ATC,-0.0821100065156817
K,AAG,-0.152008720335364
L,CTG,0.673322631535481
L,CTC,0.539890572575728
L,TTG,0.195969607844949
N,AAC,-0.257152770745754
P,CCG,0.783755154647429
P,CCC,0.638452939732869
Q,CAG,0.535514423370361
R,AGG,0.7131726580284538
R,CGG,0.41128052723408004
R,CGC,0.636701909307639
S,TCG,0.35646079031229
S,TCC,-0.0307489945856854
T,ACG,0.39463027282158497
T,ACC,-0.063041148412476
V,GTG,0.33201261798739395
V,GTC,-0.0595514830822746
Y,TAC,-0.274256158861518
Z,AGC,-0.0277369474287713
