AA,Codon,Mean
A,GCG,0.8252983232219969
A,GCC,0.294878208607435
C,TGC,0.569555736557643
D,GAC,-0.0606415583081543
E,GAG,0.683690841364861
F,TTC,-0.203599319271247
G,GGG,0.22138869421482
G,GGC,1.07971034884453
H,CAC,-0.375695107152065
I,ATC,0.140831276022891
K,AAG,-0.656394414981206
L,CTC,0.46986271543900193
L,TTG,-0.175142998366555
N,AAC,-0.375896777651707
P,CCG,2.2138553847173883
P,CCC,1.0260673107783
Q,CAG,0.785103595256805
R,AGG,1.256826896620793
R,CGG,0.7352424606959
R,CGC,1.31583943533103
S,TCG,0.6223167587260391
S,TCC,0.302065273799499
T,ACG,0.882588304845497
T,ACC,0.134808490287264
V,GTG,-0.047651489277680925
V,GTC,0.00816922590248522
Y,TAC,-0.347347864202658
Z,AGC,0.161242575685183
