AA,Codon,Mean
A,GCG,0.15517235758304593
A,GCC,-0.476919447551171
C,TGC,0.064704213182405
D,GAC,-0.165956322939197
E,GAG,-0.387569793492556
F,TTC,0.178025418031216
G,GGG,0.042217175773779925
G,GGC,-1.0454509201169
H,CAC,-0.148885505484541
I,ATC,-0.34837665262421
K,AAG,-0.201798396111528
L,CTC,-0.442897327575087
L,TTG,-1.21261914756298
N,AAC,-0.465079338312149
P,CCG,-1.262446929444869
P,CCC,-0.610015552890301
Q,CAG,-0.938256203381221
R,AGG,0.25627332257827096
R,CGG,-0.7008501920382141
R,CGC,-0.598839458354314
S,TCG,-1.265005343000094
S,TCC,-0.726711123275757
T,ACG,-0.682243372805914
T,ACC,-0.646663366305828
V,GTG,-1.215602283845346
V,GTC,0.501149156433344
Y,TAC,-0.393013407886028
Z,AGC,-0.159311848287781
