AA,Codon,Mean
A,GCG,0.20987789956331304
A,GCC,0.100599146552384
C,TGC,0.201644667501251
D,GAC,-0.23615441823105
E,GAG,-0.239902061396837
F,TTC,-0.25717831846873
G,GGG,0.7566123267312861
G,GGC,0.461361725614468
H,CAC,-0.432999720684687
I,ATC,-0.0100254056252783
K,AAG,-0.525996222821871
L,CTC,0.12211761940519006
L,TTG,-0.446636042871078
N,AAC,-0.451180023213228
P,CCG,0.9341485505153735
P,CCC,0.311174396846692
Q,CAG,0.176431183846792
R,AGG,0.818595759188135
R,CGG,-0.5150439324219999
R,CGC,0.597752614835898
S,TCG,-0.24822836696306905
S,TCC,0.0733489098658164
T,ACG,-0.006284925287961984
T,ACC,-0.0302215034951456
V,GTG,-0.40733841870725207
V,GTC,-0.018024391267593
Y,TAC,-0.482161496738593
Z,AGC,-0.061657263542215
