AA,Codon,Mean
A,GCG,0.989973156445474
A,GCC,-0.493965789192915
C,TGC,-0.042659437895909
D,GAC,0.101637882924577
E,GAG,0.0799337341782947
F,TTC,0.0210314060381502
G,GGG,-0.014220892701546917
G,GGC,-0.79238606518507
H,CAC,0.173942440464099
I,ATC,-0.196445684352517
K,AAG,0.0914221601416667
L,CTC,-0.05152124727368301
L,TTG,-1.0941575359424
N,AAC,0.0703772502539059
P,CCG,-0.31984715486417203
P,CCC,-0.362437779533863
Q,CAG,-0.323911753791571
R,AGG,0.06888743833899497
R,CGG,-0.5825225300550441
R,CGC,-0.583203797837098
S,TCG,-0.4322694431747
S,TCC,-0.387027442040046
T,ACG,-0.24339477966651302
T,ACC,-0.418887751330932
V,GTG,-1.6661505119005842
V,GTC,0.0149402672085222
Y,TAC,-0.188894104950627
Z,AGC,-0.112457111764203
