AA,Codon,Mean
A,GCG,0.13073627715905495
A,GCC,0.0716258407729367
C,TGC,0.390483379409711
D,GAC,-0.108310479014119
E,GAG,0.417597093437115
F,TTC,-0.26196900767982
G,GGG,-0.16366249225735596
G,GGC,0.3459175530533
H,CAC,-0.248087561816971
I,ATC,-0.0853743351673086
K,AAG,-0.239314092979829
L,CTG,0.364852906652291
L,CTC,0.29122305320799297
L,TTG,-0.0669372495375574
N,AAC,-0.326251247771581
P,CCG,0.708006949352225
P,CCC,0.411198981559277
Q,CAG,0.447228334009647
R,AGG,0.571121309607275
R,CGG,0.14992891323567004
R,CGC,0.47170454001228
S,TCG,0.196157647150755
S,TCC,0.0190025799322204
T,ACG,0.19367518586118992
T,ACC,-0.0358475978876154
V,GTG,-0.147997357553244
V,GTC,-0.03911269739829
Y,TAC,-0.337774644794067
Z,AGC,-0.00782604052547907
