AA,Codon,Mean
A,GCG,1.42876265997489
A,GCC,0.889691996200879
C,TGC,1.14087961776257
D,GAC,1.42914816735586
E,GAG,1.05084696110884
F,TTC,0.49339656385382
G,GGG,0.6666669711211073
G,GGC,1.23906523752213
H,CAC,1.72508147689501
I,ATC,0.891803010495504
K,AAG,0.867264048461119
L,CTG,0.5845198130170519
L,CTC,0.9768264369507611
L,TTG,0.656947242220243
N,AAC,1.2899556341966
P,CCG,1.156727513587474
P,CCC,0.864501942495505
Q,CAG,1.30962355631987
R,AGG,0.6986747792760569
R,CGG,1.1805889634986722
R,CGC,1.45199779632886
S,TCG,1.2521924421131612
S,TCC,0.740845428836346
T,ACG,1.039549577391148
T,ACC,0.976906685598691
V,GTG,0.6125655978443726
V,GTC,0.898025454588731
Y,TAC,1.34419699560006
Z,AGC,1.16194016270638
