AA,Codon,Mean
A,GCG,1.6937570963164221
A,GCC,1.00038813112577
C,TGC,1.60925909813245
D,GAC,1.81381080515385
E,GAG,1.40806970090071
F,TTC,0.264639958563447
G,GGG,0.44091783287723796
G,GGC,1.94473436458906
H,CAC,2.17400616105398
I,ATC,0.931209877737363
K,AAG,0.981071562242508
L,CTG,0.971142606266339
L,CTC,1.2132002079645812
L,TTG,0.805149885217349
N,AAC,1.4759787118276
P,CCG,1.734235371557868
P,CCC,0.86289142657121
Q,CAG,1.94675998587608
R,AGG,1.139536059363787
R,CGG,1.2583363917827641
R,CGC,2.17605523103078
S,TCG,1.6179468178550418
S,TCC,0.754398714669545
T,ACG,1.31273244642516
T,ACC,1.17195414515336
V,GTG,0.47651796222527804
V,GTC,0.806872433141867
Y,TAC,1.47394696368376
Z,AGC,1.69619206458728
