AA,Codon,Mean
A,GCG,0.16003779402275903
A,GCC,0.409219531313578
C,TGC,0.0224289744841058
D,GAC,0.37557371276021
E,GAG,0.201855632268389
F,TTC,0.427986126557986
G,GGG,0.5798352830116951
G,GGC,-0.0437366157648464
H,CAC,0.700566882149378
I,ATC,0.520057056464752
K,AAG,0.0353578469508346
L,CTG,-0.194496692535281
L,CTC,0.365481902074814
L,TTG,-0.148224641999602
N,AAC,0.711775811624527
P,CCG,0.10027858826517999
P,CCC,0.781154629166921
Q,CAG,0.097767946352313
R,AGG,0.22512333228389397
R,CGG,0.06055084879001005
R,CGC,-0.0899594248491029
S,TCG,0.10885240079462499
S,TCC,0.488225503810247
T,ACG,0.117655069852869
T,ACC,0.590104225170612
V,GTG,-0.402052684359253
V,GTC,0.232754124035438
Y,TAC,0.451280670942863
Z,AGC,0.31220350027283
