AA,Codon,Mean
A,GCG,-0.13046269299983898
A,GCC,-0.00500437054448956
C,TGC,-0.269060901300112
D,GAC,-0.132906659668684
E,GAG,-0.321712967671951
F,TTC,-0.405974199509621
G,GGG,0.30092086879412294
G,GGC,0.130933599103491
H,CAC,-0.351924632126093
I,ATC,-0.157192546438177
K,AAG,-0.469488148248196
L,CTG,-0.22173074925094802
L,CTC,-0.094549285242955
L,TTG,-0.507977237550418
N,AAC,-0.373497235735257
P,CCG,0.059936007187763984
P,CCC,-0.072423042986542
Q,CAG,-0.412439679018656
R,AGG,0.30020851190090203
R,CGG,0.312435738817851
R,CGC,0.170299044963717
S,TCG,-0.189976405868927
S,TCC,-0.0816762979902327
T,ACG,-0.036258733403682075
T,ACC,-0.112238429794212
V,GTG,-0.170055887705088
V,GTC,-0.0997886917288105
Y,TAC,-0.29520331876874
Z,AGC,-0.257260228751103
