AA,Codon,Mean
A,GCG,-0.22589461319049198
A,GCC,-0.128830820120871
C,TGC,-0.214626150301596
D,GAC,-0.0823941759916643
E,GAG,-0.00843491637457619
F,TTC,0.0977065101265907
G,GGG,0.200103873554866
G,GGC,-0.529059838857253
H,CAC,0.276739222866297
I,ATC,0.00806956948268996
K,AAG,-0.0039204425213297
L,CTG,-0.5603571273643523
L,CTC,-0.329836220912636
L,TTG,-0.395152847365538
N,AAC,0.276557251959046
P,CCG,-0.344300700736046
P,CCC,0.262797215061386
Q,CAG,-0.0837116925179958
R,AGG,-0.03726518783370697
R,CGG,-0.367866104151806
R,CGC,-0.586759666967392
S,TCG,-0.32112836079001406
S,TCC,-0.0491290048235717
T,ACG,-0.18179410514036798
T,ACC,0.126516949183245
V,GTG,-0.766839633219441
V,GTC,-0.335808085711797
Y,TAC,-0.0066130273792061
Z,AGC,0.0400116813350173
