AA,Codon,Mean
A,GCG,1.821054826080796
A,GCC,0.533592242717743
C,TGC,0.378089564526081
D,GAC,0.988360912330945
E,GAG,0.254340154728293
F,TTC,0.326627092667421
G,GGG,0.6273964765956
G,GGC,-0.339205822014809
H,CAC,1.43953190165361
I,ATC,0.54341389681696906
K,AAG,0.0945237882018089
L,CTC,0.787898148891335
L,TTG,0.0448669211144753
N,AAC,1.12673292023341
P,CCG,0.182922879763445
P,CCC,0.64382228020827
Q,CAG,-0.388540689897537
R,AGG,0.30274276605844985
R,CGG,0.5463361959596521
R,CGC,0.771096518619855
S,TCG,0.316850049175878
S,TCC,0.374392717375358
T,ACG,0.101077332931991
T,ACC,0.77523108527263
V,GTG,-0.14550096947401803
V,GTC,0.707974240787824
Y,TAC,0.787796999879678
Z,AGC,0.494204353165627
