AA,Codon,Mean
A,GCG,0.30927288246154494
A,GCC,0.284153739180168
C,TGC,0.951092822790146
D,GAC,0.0391810986615949
E,GAG,0.910124607364337
F,TTC,-0.246381959896286
G,GGG,0.46955746442079294
G,GGC,1.19085639630159
H,CAC,-0.322006374793251
I,ATC,0.0719603682247301
K,AAG,0.242848573803902
L,CTC,0.505915179115534
L,TTG,0.19999475886027
N,AAC,-0.299581051321824
P,CCG,1.469623167660837
P,CCC,0.857778426098824
Q,CAG,1.02151845552921
R,AGG,1.229947061058878
R,CGG,0.4248291874964998
R,CGC,1.4983328436931
S,TCG,0.664155906973282
S,TCC,0.253253575183948
T,ACG,0.7527876797835049
T,ACC,0.0957236693590879
V,GTG,0.41944750989675195
V,GTC,0.127846616057555
Y,TAC,-0.227477615307768
Z,AGC,0.493741059317191
