AA,Codon,Mean
A,GCG,2.4831223274668073
A,GCC,1.31544788178603
C,TGC,1.27343425811132
D,GAC,1.93976057720979
E,GAG,1.1515957596302
F,TTC,0.735724464432398
G,GGG,0.9982561780750749
G,GGC,1.03137835445007
H,CAC,2.4147322485288
I,ATC,1.32413378752867
K,AAG,0.85686439182361
L,CTC,1.64432821318433
L,TTG,1.04147226195335
N,AAC,1.94305585615635
P,CCG,1.2514521594998749
P,CCC,1.47737415326436
Q,CAG,0.877123450465997
R,AGG,1.024386257344487
R,CGG,1.079858051351706
R,CGC,1.79766524127324
S,TCG,1.4512888051112491
S,TCC,1.0141692231973
T,ACG,1.0320443251987008
T,ACC,1.4634598842303
V,GTG,0.681490611024697
V,GTC,1.64452635068893
Y,TAC,1.67797040658792
Z,AGC,1.38452582185268
