AA,Codon,Mean
A,GCG,0.4494528233293283
A,GCC,0.768816092189153
C,TGC,0.243258734744787
D,GAC,0.488120671816667
E,GAG,0.659598711979389
F,TTC,0.707404725964864
G,GGG,0.3264770125555213
G,GGC,-0.00790691870068447
H,CAC,0.694075914283593
I,ATC,0.752643820341428
K,AAG,0.715184925107161
L,CTG,-0.03538642851424799
L,CTC,0.5897445174613343
L,TTG,0.219772906731566
N,AAC,0.617192587765058
P,CCG,0.29377632360806
P,CCC,1.24882645427386
Q,CAG,0.169938275663555
R,AGG,0.5255559242864439
R,CGG,0.07693530917565106
R,CGC,-0.102541179111352
S,TCG,0.4904724692254498
S,TCC,1.20617062995434
T,ACG,0.47550321600727397
T,ACC,0.946441752358278
V,GTG,-0.19116008406572
V,GTC,0.573329888812701
Y,TAC,0.301964491332571
Z,AGC,0.175875075465937
