AA,Codon,Mean
A,GCG,0.184823759881655
A,GCC,-0.0621343686599284
C,TGC,-0.295520222475131
D,GAC,-0.160224557089309
E,GAG,-0.0984159828757246
F,TTC,-0.462465257716179
G,GGG,1.002236867183445
G,GGC,0.191726656489571
H,CAC,-0.325841383797924
I,ATC,-0.242667378966014
K,AAG,-0.385018447726965
L,CTG,-0.15328288715183797
L,CTC,-0.16986907020111902
L,TTG,-0.41630162495176
N,AAC,-0.412815337105592
P,CCG,-0.00993257970809902
P,CCC,-0.160323149889708
Q,CAG,-0.0480706713719109
R,AGG,0.4437337387720701
R,CGG,0.736687810738886
R,CGC,0.124947326951226
S,TCG,-0.042642638858159
S,TCC,-0.158030305303136
T,ACG,0.20809036188125596
T,ACC,-0.165377761985858
V,GTG,0.18534369596441602
V,GTC,-0.207274571237961
Y,TAC,-0.307043641551336
Z,AGC,-0.26057886206309
