AA,Codon,Mean
A,GCG,-0.177944602189462
A,GCC,-0.170392569990953
C,TGC,-0.36187738374273
D,GAC,-0.278040618635217
E,GAG,-0.357688324234883
F,TTC,-0.527787275105715
G,GGG,0.2027581021030741
G,GGC,0.0166438178585439
H,CAC,-0.451149897662799
I,ATC,-0.348404272419214
K,AAG,-0.458479659964641
L,CTG,-0.3723897430285082
L,CTC,-0.29587788153986205
L,TTG,-0.626235471844673
N,AAC,-0.52593235911727
P,CCG,-0.103046641028921
P,CCC,-0.215597952067852
Q,CAG,-0.36730675791502
R,AGG,0.09867041215896599
R,CGG,0.0742989758312711
R,CGC,0.0206960872959075
S,TCG,-0.2903156736920277
S,TCC,-0.275603303208947
T,ACG,-0.09222725726564701
T,ACC,-0.268748081637422
V,GTG,-0.24281052080591503
V,GTC,-0.28705854965051
Y,TAC,-0.417941283708811
Z,AGC,-0.364499698160092
