AA,Codon,Mean
A,GCG,0.24113037960330702
A,GCC,0.25109108094175703
C,TGC,0.10915534174405
D,GAC,0.342308428053061
E,GAG,0.291575528520346
F,TTC,0.531473297055562
G,GGG,0.550662210811674
G,GGC,-0.0871934184633195
H,CAC,0.689958811585108
I,ATC,0.560167141246796
K,AAG,0.127861401653787
L,CTG,-0.19303494100073998
L,CTC,0.41350603373050704
L,TTG,-0.119494977941364
N,AAC,0.706960386526585
P,CCG,0.15199073261022505
P,CCC,0.735804022665819
Q,CAG,0.148495188871523
R,AGG,0.22634725433389302
R,CGG,0.14143983545303396
R,CGC,-0.0648689191286142
S,TCG,0.10441585136056
S,TCC,0.50821637999018
T,ACG,0.128379862398903
T,ACC,0.495121975847085
V,GTG,-0.391394690387447
V,GTC,0.236969295187791
Y,TAC,0.446700454237064
Z,AGC,0.353183654634158
