AA,Codon,Mean
A,GCG,0.5454222242622041
A,GCC,0.0569702910680324
C,TGC,0.143784923281272
D,GAC,0.423945489490032
E,GAG,-0.167325350878636
F,TTC,-0.356540757946173
G,GGG,0.315674059875807
G,GGC,0.190275696658095
H,CAC,0.340274997995297
I,ATC,-0.402500314195951
K,AAG,-0.582737164636453
L,CTG,-0.7959956576367293
L,CTC,-0.29133492902914704
L,TTG,-0.913018112369378
N,AAC,-0.149055967808266
P,CCG,0.690492469538252
P,CCC,-0.120170298690101
Q,CAG,-0.116029700424274
R,AGG,0.11440279050270796
R,CGG,-0.1277931159945708
R,CGC,0.153996292514106
S,TCG,0.476350968938072
S,TCC,-0.00571352654593023
T,ACG,0.12874827271302602
T,ACC,0.0740338265503446
V,GTG,-1.309498872613907
V,GTC,0.185664622513453
Y,TAC,-0.031705234267665
Z,AGC,0.046042336207362
