AA,Codon,Mean
A,GCG,0.340371250955264
A,GCC,0.0312590609171738
C,TGC,0.482684347206354
D,GAC,-0.271150359465679
E,GAG,-0.31195727373759
F,TTC,-0.16972524993817
G,GGG,0.541574476456641
G,GGC,0.458571416165431
H,CAC,-0.322307167959213
I,ATC,-0.0438926532673339
K,AAG,-0.479116408640146
L,CTG,-0.427501304252938
L,CTC,0.030822158810495992
L,TTG,-0.717749460367362
N,AAC,-0.48913749508659
P,CCG,0.7619844094494981
P,CCC,1.02187076923847
Q,CAG,-0.142337300136189
R,AGG,1.2824924261557638
R,CGG,0.5783984790722498
R,CGC,0.696659952747822
S,TCG,0.05062985550562604
S,TCC,-0.0511112488762786
T,ACG,0.232467480691274
T,ACC,-0.118698772034546
V,GTG,-0.478202303504941
V,GTC,-0.0509722371892383
Y,TAC,-0.415382054094474
Z,AGC,0.127564907113214
