AA,Codon,Mean
A,GCG,0.780462846074505
A,GCC,-0.315751557976007
C,TGC,-0.571496915477514
D,GAC,-0.341797139185667
E,GAG,-0.230116498933236
F,TTC,-0.407030762404203
G,GGG,0.001819166982173992
G,GGC,-0.780444966669877
H,CAC,-0.278302388525009
I,ATC,-0.325135640756289
K,AAG,-0.0220913109755951
L,CTC,-0.41630060085753606
L,TTG,-1.54351650946935
N,AAC,-0.322690902729829
P,CCG,-0.356065388852358
P,CCC,-0.204521659085155
Q,CAG,-0.285766387230158
R,AGG,0.1647229782780011
R,CGG,-0.10515278857946098
R,CGC,-0.967577664236228
S,TCG,-0.430409986021122
S,TCC,-0.0876492963733772
T,ACG,-6.832530995209973e-4
T,ACC,-0.310136531082789
V,GTG,-1.626089255766074
V,GTC,0.0484074700411099
Y,TAC,-0.70333411778609
Z,AGC,-0.484258683460951
