AA,Codon,Mean
A,GCG,-0.056042715350786976
A,GCC,0.215320775644978
C,TGC,0.388102634676298
D,GAC,-0.0963580118238926
E,GAG,-0.207817475338777
F,TTC,-0.203279944222172
G,GGG,0.6510755516747639
G,GGC,0.586783080081145
H,CAC,-0.281102315706015
I,ATC,0.0545734832336505
K,AAG,-0.484914251108964
L,CTC,0.33957705200115806
L,TTG,-0.408955754568179
N,AAC,-0.345384620169799
P,CCG,1.303081841971971
P,CCC,0.455783608355125
Q,CAG,-0.0383157696474964
R,AGG,1.039318706945578
R,CGG,-0.38077801334063
R,CGC,0.981735723169645
S,TCG,-0.201279130291939
S,TCC,0.109380830254654
T,ACG,0.06862893485228305
T,ACC,0.0783198352746665
V,GTG,-0.50621729365786
V,GTC,0.0409271216755112
Y,TAC,-0.302099474854271
Z,AGC,0.105123173220456
