AA,Codon,Mean
A,GCG,0.15173796195189992
A,GCC,-1.14781040314039
C,TGC,-0.889811001718044
D,GAC,-1.18212903312842
E,GAG,-0.754507006724676
F,TTC,-0.594119154389699
G,GGG,-0.6025097729345179
G,GGC,-1.48597413370609
H,CAC,-1.15939491228263
I,ATC,-0.822284451115131
K,AAG,-0.357463131399949
L,CTC,-0.8124139141917239
L,TTG,-2.50796278057098
N,AAC,-1.25346554546356
P,CCG,-1.057443389056622
P,CCC,-0.802816294753551
Q,CAG,-1.03759334248702
R,AGG,0.25643103764851904
R,CGG,-0.7987566715876301
R,CGC,-1.57972591668765
S,TCG,-1.5388974621879552
S,TCC,-0.654283435165882
T,ACG,-0.7692119636555541
T,ACC,-1.22584560290178
V,GTG,-2.56575226504803
V,GTC,-0.22361733990411
Y,TAC,-1.54951221088568
Z,AGC,-0.982969089353085
