AA,Codon,Mean
A,GCG,0.677378487775723
A,GCC,0.155444438797235
C,TGC,0.00496358104112942
D,GAC,0.135516627233724
E,GAG,0.237385820304354
F,TTC,0.579205442694823
G,GGG,0.3997768330367625
G,GGC,-0.114101005035142
H,CAC,0.574711599683762
I,ATC,0.715608343581359
K,AAG,-0.26087029244105
L,CTG,-0.249555735422671
L,CTC,0.20781404565572803
L,TTG,-0.448033083264033
N,AAC,0.288581524558862
P,CCG,0.7063011003339041
P,CCC,0.538932000859578
Q,CAG,0.0500576899297535
R,AGG,0.16745635504921297
R,CGG,0.402126271206141
R,CGC,-0.248167918583751
S,TCG,0.29703715076421683
S,TCC,0.448632171769937
T,ACG,0.30074358324607203
T,ACC,0.321767747511466
V,GTG,-0.2791270493092447
V,GTC,0.264993262212475
Y,TAC,0.22951528335909
Z,AGC,0.0620594116727511
