AA,Codon,Mean
A,GCG,0.7065494514803039
A,GCC,0.120089947639406
C,TGC,-0.201283894879619
D,GAC,-0.142810328287383
E,GAG,-0.365241351966063
F,TTC,0.228054108476639
G,GGG,1.513211177357037
G,GGC,0.187647548005978
H,CAC,-0.109127156856159
I,ATC,0.714758364804586
K,AAG,-1.4480647106568
L,CTG,-1.3099061787386739
L,CTC,0.067856695480148
L,TTG,-1.58686363151073
N,AAC,-0.362188779628277
P,CCG,1.1469028180122371
P,CCC,0.526824153008064
Q,CAG,-0.843175698006153
R,AGG,0.815868478320539
R,CGG,1.283626443507274
R,CGC,0.0670668708115872
S,TCG,-0.411171487647295
S,TCC,0.36223124448061
T,ACG,0.3113996600786899
T,ACC,0.261085859665275
V,GTG,-0.666699487813314
V,GTC,0.115192302501947
Y,TAC,-0.496317777468761
Z,AGC,-0.144283983212461
