AA,Codon,Mean
A,GCG,0.07630473271211002
A,GCC,7.7217199447656e-4
C,TGC,-0.122393535196284
D,GAC,-0.147085052024325
E,GAG,-0.36468702843984
F,TTC,-0.213768485251069
G,GGG,0.7172512370442352
G,GGC,0.142184226995707
H,CAC,-0.396424683918556
I,ATC,-0.0654392313761016
K,AAG,-0.664047094349066
L,CTG,-0.575974911599358
L,CTC,-0.03866637494365399
L,TTG,-0.671623406434059
N,AAC,-0.332104323532184
P,CCG,0.24109642305572798
P,CCC,-0.0617661410155396
Q,CAG,-0.512570053033034
R,AGG,0.44290832687218995
R,CGG,0.42644000352621103
R,CGC,0.174516675172249
S,TCG,-0.298498941965898
S,TCC,-0.0161732190761264
T,ACG,0.10100690820415803
T,ACC,-0.0800586218302449
V,GTG,-0.22492145794754198
V,GTC,-0.0530527054548264
Y,TAC,-0.421746653095881
Z,AGC,-0.165426447547475
