AA,Codon,Mean
A,GCG,0.284348572061459
A,GCC,0.0739152588434517
C,TGC,0.438988809635242
D,GAC,-0.0816502860496442
E,GAG,0.512400809627771
F,TTC,-0.399608904057741
G,GGG,0.16349465402364305
G,GGC,0.442905376764139
H,CAC,-0.244708817342917
I,ATC,-0.124190395716329
K,AAG,-0.202101263453563
L,CTG,0.5703806990223264
L,CTC,0.194917727907499
L,TTG,0.295735677880049
N,AAC,-0.307226152479649
P,CCG,0.840686914181709
P,CCC,0.588234059240421
Q,CAG,0.57056492638588
R,AGG,0.7531854841949941
R,CGG,-0.15276875984669003
R,CGC,0.627222741860151
S,TCG,0.327414895097415
S,TCC,-0.0128387668748061
T,ACG,0.33488272170027095
T,ACC,-0.0470261508740485
V,GTG,0.09701687572399798
V,GTC,-0.0808119775637984
Y,TAC,-0.342440027614435
Z,AGC,0.053145351349966
