AA,Codon,Mean
A,GCG,1.297576602764928
A,GCC,0.681536867793401
C,TGC,0.719667197072506
D,GAC,1.02770611533324
E,GAG,0.73015547999541
F,TTC,0.548106546771526
G,GGG,0.641358844741186
G,GGC,0.841354860409101
H,CAC,1.19417167300383
I,ATC,0.790422385883331
K,AAG,0.618868962581952
L,CTG,0.14283335641622608
L,CTC,0.652047877132891
L,TTG,0.148025156000257
N,AAC,1.08135922640165
P,CCG,1.19092270313104
P,CCC,0.644448837804794
Q,CAG,0.588603627979755
R,AGG,0.6390071545124051
R,CGG,1.0078372532787103
R,CGC,1.13296285479863
S,TCG,0.9839925305177761
S,TCC,0.751486798524857
T,ACG,0.8107517386625209
T,ACC,0.85726404722929
V,GTG,0.282349682163696
V,GTC,0.649913983341058
Y,TAC,0.78685731540521
Z,AGC,0.831205980006854
