AA,Codon,Mean
A,GCG,0.9353542015035939
A,GCC,0.328153220729033
C,TGC,0.495162525848548
D,GAC,0.993390013055007
E,GAG,0.725202061843872
F,TTC,0.720708352339268
G,GGG,0.7410445261335545
G,GGC,0.843550237452984
H,CAC,0.970009459189574
I,ATC,0.706552440933387
K,AAG,0.848315494223436
L,CTG,-0.004448754541079847
L,CTC,0.582837325036527
L,TTG,-0.299133055567741
N,AAC,0.726133862928549
P,CCG,0.606599354120095
P,CCC,0.396857913432519
Q,CAG,0.362930591535568
R,AGG,0.7644161994179061
R,CGG,0.797054199494919
R,CGC,0.971451556682587
S,TCG,0.654254104267557
S,TCC,0.506057800753911
T,ACG,0.637508435213566
T,ACC,0.41470396292607
V,GTG,-0.19204797741969398
V,GTC,0.828394686985016
Y,TAC,0.756601125665506
Z,AGC,0.56087748751243
