AA,Codon,Mean
A,GCG,0.268431237652898
A,GCC,0.19506928516229
C,TGC,0.501047475306193
D,GAC,-0.0207131347222957
E,GAG,0.406823734601339
F,TTC,-0.191556168711185
G,GGG,0.48627014626661613
G,GGC,0.397610384901365
H,CAC,-0.215749978303909
I,ATC,-0.0239228130968908
K,AAG,-0.232932863758008
L,CTG,0.07313507362206803
L,CTC,0.178312947863961
L,TTG,0.212701906639338
N,AAC,-0.203854443874955
P,CCG,0.787402758421501
P,CCC,0.875983692284425
Q,CAG,0.522771410073837
R,AGG,0.762337906224529
R,CGG,-0.03248155735333991
R,CGC,0.828634644337495
S,TCG,0.424450484994053
S,TCC,-0.0116030809041369
T,ACG,0.371656299344699
T,ACC,-0.0265928943382576
V,GTG,-0.06796835853258798
V,GTC,-0.0078425011839381
Y,TAC,-0.209680515527725
Z,AGC,0.0564464805473981
