AA,Codon,Mean
A,GCG,1.307139698678594
A,GCC,0.549827490935723
C,TGC,1.03972137764692
D,GAC,1.12011804477374
E,GAG,1.23645082772573
F,TTC,0.506168544864655
G,GGG,1.291305364167691
G,GGC,1.78559119418462
H,CAC,0.931023112130165
I,ATC,0.870135630047321
K,AAG,0.646724571824074
L,CTG,0.15699784265359007
L,CTC,0.8540059381961811
L,TTG,-0.0177620323869207
N,AAC,0.592430012365182
P,CCG,1.498437647946679
P,CCC,1.31050956059297
Q,CAG,1.01143437764645
R,AGG,1.824997322957425
R,CGG,0.57761253995895
R,CGC,2.08861210995515
S,TCG,1.0357119376838209
S,TCC,0.611617386253675
T,ACG,1.126766644791764
T,ACC,0.559330052141349
V,GTG,-0.3919341729799899
V,GTC,0.940005371594429
Y,TAC,0.653409876191616
Z,AGC,0.980951337957382
