AA,Codon,Mean
A,GCG,0.955400732328498
A,GCC,0.553818676511447
C,TGC,0.471989203846455
D,GAC,0.692460852400462
E,GAG,0.259102788474162
F,TTC,-0.0616097387194633
G,GGG,0.6941770898143469
G,GGC,1.09001716087659
H,CAC,0.56888328473568
I,ATC,0.269683791246017
K,AAG,-0.0871757920863728
L,CTG,-0.182055857098103
L,CTC,0.600619715821744
L,TTG,-0.689412795948982
N,AAC,0.268494106063247
P,CCG,1.2615558833360678
P,CCC,0.830719486908118
Q,CAG,0.440144546202819
R,AGG,0.748346711291866
R,CGG,0.737337505501512
R,CGC,1.12136623682976
S,TCG,0.580292889367044
S,TCC,0.576053194212914
T,ACG,0.693751754232247
T,ACC,0.492024376984437
V,GTG,-0.477547856293122
V,GTC,0.421871153277159
Y,TAC,0.0547173296367847
Z,AGC,0.350751575996478
