AA,Codon,Mean
A,GCG,-0.6370697331202835
A,GCC,-0.457709778159857
C,TGC,-0.329284850438436
D,GAC,-0.585129610705376
E,GAG,-0.416555740173658
F,TTC,-0.276489975351095
G,GGG,-0.4792149629178149
G,GGC,-0.571205217059453
H,CAC,-0.604275273068746
I,ATC,-0.653715954991182
K,AAG,-0.453288748882214
L,CTG,-0.607886183680594
L,CTC,-0.659014334767064
L,TTG,-0.620681975873311
N,AAC,-0.64588889708519
P,CCG,-0.6207469900478919
P,CCC,-0.614450062584877
Q,CAG,-0.594966979475816
R,AGG,-0.1082808551567255
R,CGG,-0.656664854896192
R,CGC,-0.659077398534616
S,TCG,-0.811360358247161
S,TCC,-0.371625025955836
T,ACG,-0.593558645122914
T,ACC,-0.509417790859938
V,GTG,-0.5896602751680342
V,GTC,-0.545431549934546
Y,TAC,-0.603500120651722
Z,AGC,-0.461506754861275
