AA,Codon,Mean
A,GCG,0.10999516707658696
A,GCC,0.0610109217683474
C,TGC,0.332899295800924
D,GAC,-0.0855151479527354
E,GAG,0.0953368889634808
F,TTC,-0.213296451844772
G,GGG,0.06081238791545196
G,GGC,0.333585260613759
H,CAC,-0.144056382632256
I,ATC,-0.0838279188732306
K,AAG,-0.150542271693548
L,CTG,0.156301575212677
L,CTC,0.17684394907951295
L,TTG,-0.12824292054375
N,AAC,-0.234464347914855
P,CCG,0.570384951589505
P,CCC,0.276606131157279
Q,CAG,0.2180482979695
R,AGG,0.4172144878816632
R,CGG,-0.10843943494161001
R,CGC,0.407397890476386
S,TCG,0.012614440561333984
S,TCC,-0.00736045656639658
T,ACG,0.06524610538879999
T,ACC,-0.0458549347928415
V,GTG,-0.18374203851918403
V,GTC,-0.0435295340653509
Y,TAC,-0.214188180401921
Z,AGC,0.0390678191745343
