AA,Codon,Mean
A,GCG,0.727952200443546
A,GCC,0.384083626449108
C,TGC,0.0397957445907761
D,GAC,0.671049449865023
E,GAG,0.382126724090179
F,TTC,0.356788844275475
G,GGG,0.42316534632801717
G,GGC,0.194625376713276
H,CAC,0.610667137726148
I,ATC,0.457777539161841
K,AAG,0.391030253690481
L,CTG,-0.18597724976937002
L,CTC,0.41681724317868496
L,TTG,-0.191173897464077
N,AAC,0.57363021427393
P,CCG,0.626988929370543
P,CCC,0.408343798100948
Q,CAG,0.374408513065179
R,AGG,0.4703707992116629
R,CGG,0.561224897830685
R,CGC,0.308429291472832
S,TCG,0.47103610199242857
S,TCC,0.496672720442216
T,ACG,0.622417920662959
T,ACC,0.425985546934605
V,GTG,-0.030856685165564002
V,GTC,0.558258709049225
Y,TAC,0.414292036702236
Z,AGC,0.177643018646042
