AA,Codon,Mean
A,GCG,0.2598071850458751
A,GCC,0.119643932734927
C,TGC,0.876156309342384
D,GAC,0.123222707741956
E,GAG,0.818671031077703
F,TTC,-0.346115885295471
G,GGG,-0.09150824500719001
G,GGC,0.848073090596994
H,CAC,-0.134023648957908
I,ATC,-0.0936278444180886
K,AAG,0.465845111050208
L,CTG,0.9131224000351471
L,CTC,0.5480382841060559
L,TTG,0.514342724233866
N,AAC,-0.384092820076148
P,CCG,0.916981759579977
P,CCC,1.06740728340944
Q,CAG,0.919554930698872
R,AGG,1.2588545665283948
R,CGG,0.3479644615014399
R,CGC,0.777031740566095
S,TCG,0.6706453641394771
S,TCC,0.13136458512793
T,ACG,0.6591540771722759
T,ACC,-0.0742811698575815
V,GTG,-0.0026724392414001485
V,GTC,-0.0271684288427013
Y,TAC,-0.321585933979352
Z,AGC,0.348336122364799
