AA,Codon,Mean
A,GCG,1.880460384412608
A,GCC,1.42450322821935
C,TGC,1.20047896598975
D,GAC,1.64440002462864
E,GAG,0.894717449947198
F,TTC,0.652333827940623
G,GGG,1.042313121359051
G,GGC,1.53743149134318
H,CAC,1.79350625923475
I,ATC,0.82724954145352
K,AAG,0.903273680663109
L,CTG,0.26731032664378507
L,CTC,0.793293191568057
L,TTG,0.461784454989433
N,AAC,1.41251917831898
P,CCG,2.024274447586135
P,CCC,1.10509236871799
Q,CAG,0.958685683763027
R,AGG,1.1842402105450653
R,CGG,1.1297275981406991
R,CGC,1.54745573436419
S,TCG,1.812241447277861
S,TCC,1.13242721737226
T,ACG,1.252054127105077
T,ACC,1.48588146378199
V,GTG,-0.04131868257522597
V,GTC,1.41374637149175
Y,TAC,1.46457755138079
Z,AGC,1.37549426120917
