AA,Codon,Mean
A,GCG,1.07761822879037
A,GCC,-0.171143509286642
C,TGC,0.022932002949682
D,GAC,0.232217647656798
E,GAG,-0.14163821818307
F,TTC,0.108074382828176
G,GGG,0.31778387475609793
G,GGC,-0.620062905202309
H,CAC,0.680444075107574
I,ATC,0.105165447567155
K,AAG,0.0102272037764054
L,CTC,-0.20830606426298598
L,TTG,-0.693606953390439
N,AAC,0.395570121743282
P,CCG,-0.299632951622829
P,CCC,-0.199938941828907
Q,CAG,-0.511505321077506
R,AGG,0.25488699038028706
R,CGG,0.14701576345761014
R,CGC,-0.299047926178575
S,TCG,0.024607978733379998
S,TCC,-0.17369729822278
T,ACG,0.21986629739938046
T,ACC,-0.190161982448896
V,GTG,-0.48511610050896803
V,GTC,0.331145056271553
Y,TAC,0.157520127247771
Z,AGC,0.0484398800550137
