AA,Codon,Mean
A,GCG,0.46714139289855994
A,GCC,0.428912382459641
C,TGC,0.964130139883359
D,GAC,0.284197602115075
E,GAG,1.05177713163694
F,TTC,-0.412962876955668
G,GGG,0.412030731177328
G,GGC,1.50908649185499
H,CAC,-0.100642794035872
I,ATC,0.115798286300898
K,AAG,0.195361829172571
L,CTC,0.6793249685784211
L,TTG,0.351878917978207
N,AAC,-0.211204009515047
P,CCG,1.695152381595973
P,CCC,0.888135643108686
Q,CAG,1.26658708782991
R,AGG,1.452838484829666
R,CGG,0.3153469314257302
R,CGC,1.88321116014322
S,TCG,0.303683488047123
S,TCC,0.31395237929225
T,ACG,0.3457902482350701
T,ACC,0.165872395323714
V,GTG,-0.027193341223399004
V,GTC,0.240940248103937
Y,TAC,-0.21270919457674
Z,AGC,0.574328529854616
