AA,Codon,Mean
A,GCG,0.96172445829014
A,GCC,-0.189391864425937
C,TGC,-0.202525483063857
D,GAC,0.0752726029589772
E,GAG,0.10432543117106
F,TTC,0.220310890862346
G,GGG,0.4034867814067484
G,GGC,-0.610686299729347
H,CAC,0.150652642759184
I,ATC,0.191468114984035
K,AAG,0.250450586932898
L,CTC,0.12275991253455501
L,TTG,-0.936091967233022
N,AAC,0.164879283344746
P,CCG,0.0265314248209566
P,CCC,-0.0136126651097074
Q,CAG,-0.032590696728051
R,AGG,0.4512562462224318
R,CGG,-0.034327862195173975
R,CGC,-0.379829483900468
S,TCG,0.0320150304830322
S,TCC,0.0463146025070921
T,ACG,0.283755297629076
T,ACC,0.0377384444304975
V,GTG,-1.347486408785979
V,GTC,0.214275242710114
Y,TAC,-0.124866501876712
Z,AGC,-0.217107027229667
