AA,Codon,Mean
A,GCG,0.18452504792610802
A,GCC,0.0470068988246222
C,TGC,0.24914519020617
D,GAC,-0.274706983232498
E,GAG,-0.251867812593778
F,TTC,-0.329001099781195
G,GGG,0.695494829354685
G,GGC,0.422385754712423
H,CAC,-0.470421135326227
I,ATC,-0.0962655429636439
K,AAG,-0.468719002256791
L,CTC,0.04854660727381699
L,TTG,-0.518812025954326
N,AAC,-0.494953390657902
P,CCG,0.7526649311621988
P,CCC,0.269333347336451
Q,CAG,0.154214660219351
R,AGG,0.835749617534876
R,CGG,-0.870085426477592
R,CGC,0.509360360858838
S,TCG,-0.21750593026876502
S,TCC,-0.00272362488043114
T,ACG,-0.052627718514204
T,ACC,-0.109952248633901
V,GTG,-0.47441987934907304
V,GTC,-0.0494179525996248
Y,TAC,-0.511237448404233
Z,AGC,-0.0804438300517698
