AA,Codon,Mean
A,GCG,0.412671601833899
A,GCC,-0.0112265035921363
C,TGC,-0.168826986112694
D,GAC,-0.0930241241425276
E,GAG,-0.276381805446744
F,TTC,-0.248618341846267
G,GGG,0.820823369824886
G,GGC,0.185736614976327
H,CAC,-0.24199334958593
I,ATC,-0.0537133047275245
K,AAG,-0.554586557726065
L,CTG,-0.255287961473067
L,CTC,-0.041021713391443004
L,TTG,-0.483976431727409
N,AAC,-0.250665200234453
P,CCG,0.4778943839987091
P,CCC,-0.0787101776768764
Q,CAG,-0.294714245581627
R,AGG,0.613385872617364
R,CGG,0.625428188249469
R,CGC,0.916188782123725
S,TCG,0.15308176473379104
S,TCC,-0.0293933597586428
T,ACG,0.289382584182421
T,ACC,-0.0459001799202214
V,GTG,-0.23516248351136798
V,GTC,-0.0232289803903239
Y,TAC,-0.225437089165052
Z,AGC,-0.207025842053692
