AA,Codon,Mean
A,GCG,1.250732203926149
A,GCC,0.564395130240917
C,TGC,0.451335144096613
D,GAC,0.53614694852829
E,GAG,0.430265968483686
F,TTC,0.619161253043016
G,GGG,0.796274096675714
G,GGC,0.274052397321661
H,CAC,0.674934259764353
I,ATC,0.681753720605373
K,AAG,0.635205591201782
L,CTG,-0.197167048619191
L,CTC,0.49084156503478704
L,TTG,-0.358219094737371
N,AAC,0.442651838459571
P,CCG,1.197561492413776
P,CCC,0.546923084247112
Q,CAG,0.572172542115053
R,AGG,0.8647066029705728
R,CGG,0.681179022503396
R,CGC,0.209100773516297
S,TCG,0.7888723783195638
S,TCC,0.695339830076695
T,ACG,1.3420611414519283
T,ACC,0.466463304342826
V,GTG,-0.34963874799410494
V,GTC,0.619083405041695
Y,TAC,0.460613745003939
Z,AGC,0.3586102156202
