AA,Codon,Mean
A,GCG,0.5814600556359653
A,GCC,0.0682591730630646
C,TGC,0.125531403351575
D,GAC,0.474781048901876
E,GAG,-0.125020878313979
F,TTC,-0.331035536750158
G,GGG,0.307724969499133
G,GGC,0.148212289114296
H,CAC,0.412223527940114
I,ATC,-0.406078683926662
K,AAG,-0.521439221018553
L,CTG,-0.7172907298030056
L,CTC,-0.27872094215949395
L,TTG,-0.83646334754626
N,AAC,-0.102050180726995
P,CCG,0.6219611722776045
P,CCC,-0.158348966725171
Q,CAG,-0.0814060121061901
R,AGG,0.020809094981353082
R,CGG,-0.028943003800249
R,CGC,0.129635951454689
S,TCG,0.49121479248603206
S,TCC,-0.0233904965466853
T,ACG,0.15779715354243895
T,ACC,0.0782438315471013
V,GTG,-1.221910852344831
V,GTC,0.193408230777582
Y,TAC,0.0368561955651695
Z,AGC,0.0616541419102209
