AA,Codon,Mean
A,GCG,0.47608385905822403
A,GCC,0.196797584783037
C,TGC,0.654753703093529
D,GAC,-0.0562385839768996
E,GAG,-0.140974490055939
F,TTC,-0.0988427713165681
G,GGG,0.6208887918671
G,GGC,0.736514589194457
H,CAC,-0.133146639939646
I,ATC,0.111383441564937
K,AAG,-0.343558013633887
L,CTG,-0.2497782274365441
L,CTC,0.26100440353353804
L,TTG,-0.630563081753254
N,AAC,-0.306773962744077
P,CCG,0.923707487195731
P,CCC,1.15835977773666
Q,CAG,0.0382015265464162
R,AGG,1.358394130685192
R,CGG,0.6020068612337197
R,CGC,0.926203830115
S,TCG,0.2475983145753501
S,TCC,0.140145346044501
T,ACG,0.39066695846716903
T,ACC,0.0720920549395184
V,GTG,-0.296400952231879
V,GTC,0.0736716593511403
Y,TAC,-0.241418856046597
Z,AGC,0.308634901610017
