AA,Codon,Mean
A,GCG,0.05514418045679792
A,GCC,-0.54790339350303
C,TGC,-0.419431821719805
D,GAC,-0.46055015583237
E,GAG,-0.896827054238319
F,TTC,-0.667657007118066
G,GGG,-0.015598278004925026
G,GGC,-0.631974844165643
H,CAC,-0.442080686610937
I,ATC,-0.996976634474595
K,AAG,-1.22333104700247
L,CTG,-1.472992955799898
L,CTC,-1.0837507493277392
L,TTG,-1.53499405733744
N,AAC,-0.969950966378053
P,CCG,0.221933738704523
P,CCC,-0.652543864397208
Q,CAG,-0.84445296488603006
R,AGG,-0.11148490136463995
R,CGG,-0.691252677485356
R,CGC,-0.52977695069313
S,TCG,-0.30185369820197305
S,TCC,-0.743121472318967
T,ACG,-0.47633583554029
T,ACC,-0.692930576594671
V,GTG,-2.055477948383494
V,GTC,-0.312142257455985
Y,TAC,-0.790074639308453
Z,AGC,-0.669963292511304
