AA,Codon,Mean
A,GCG,0.83321935023119
A,GCC,0.478912537821134
C,TGC,0.175765181195736
D,GAC,0.439838616087039
E,GAG,0.106139253766835
F,TTC,0.387339199860891
G,GGG,0.624558497146765
G,GGC,0.25017399889032
H,CAC,0.621587370236715
I,ATC,0.409314169406891
K,AAG,0.238142448918025
L,CTG,-0.19766503659089396
L,CTC,0.49127196752081403
L,TTG,-0.43021171614329
N,AAC,0.338977229291201
P,CCG,0.469550319063167
P,CCC,0.434017559883992
Q,CAG,0.114132367698352
R,AGG,0.475738492286205
R,CGG,0.637834374385079
R,CGC,-0.010793297994397
S,TCG,0.3262519330544045
S,TCC,0.55714431382815
T,ACG,0.654650425239404
T,ACC,0.388387562642495
V,GTG,-0.6243902424591166
V,GTC,0.583712240056197
Y,TAC,0.221755068969727
Z,AGC,0.110672773483147
