AA,Codon,Mean
A,GCG,0.254896214167277
A,GCC,0.0777847075350583
C,TGC,0.141087123372654
D,GAC,-0.108084052737057
E,GAG,-0.151656876541177
F,TTC,-0.271250716897845
G,GGG,0.7128227148811019
G,GGC,0.351473554235697
H,CAC,-0.301384514480829
I,ATC,-0.0367287021921327
K,AAG,-0.301625021034479
L,CTG,-0.29758714148600895
L,CTC,0.0583119049360358
L,TTG,-0.401646811958154
N,AAC,-0.282863427636027
P,CCG,0.48353548544992997
P,CCC,0.638276998861631
Q,CAG,-0.0951638007034858
R,AGG,0.686255202972889
R,CGG,-0.7916791601498931
R,CGC,0.51807922869722
S,TCG,-0.21319976999660398
S,TCC,-0.00347542477020751
T,ACG,-0.023862902794281993
T,ACC,-0.0177173782035088
V,GTG,-1.0849153625011412
V,GTC,-0.0106857435734731
Y,TAC,-0.300507774984837
Z,AGC,0.0349083840149135
