AA,Codon,Mean
A,GCG,0.567070530890425
A,GCC,0.100381700553
C,TGC,0.0348976313943476
D,GAC,0.0362531939785539
E,GAG,-0.234370161346594
F,TTC,0.135201718229552
G,GGG,0.598098203654339
G,GGC,-0.197176849146684
H,CAC,0.330838748331865
I,ATC,0.0820197331013779
K,AAG,0.0274824533444291
L,CTG,-0.650700189599954
L,CTC,0.113914802345634
L,TTG,-0.799971738795439
N,AAC,-0.0203369749439757
P,CCG,0.152141155022744
P,CCC,0.201881588974595
Q,CAG,-0.285120116464297
R,AGG,0.686523713431755
R,CGG,0.269654817237953
R,CGC,-0.254158723134796
S,TCG,-0.243015486413302
S,TCC,0.243854510625203
T,ACG,0.3281530443448838
T,ACC,0.0110085025169559
V,GTG,-1.182819919266304
V,GTC,0.342647191494703
Y,TAC,-0.0601126439661874
Z,AGC,-0.14896325798581
