AA,Codon,Mean
A,GCG,0.559351437176764
A,GCC,-0.0999673452998201
C,TGC,-0.102803730043148
D,GAC,0.240635541875164
E,GAG,-0.36244317548275
F,TTC,-0.28666899716258
G,GGG,0.0320569203060155
G,GGC,0.0167446288492585
H,CAC,0.329191649007797
I,ATC,-0.476701082849503
K,AAG,-0.524449585823218
L,CTG,-0.792031747311353
L,CTC,-0.268444606069227
L,TTG,-1.12464166741371
N,AAC,-0.317633405184746
P,CCG,0.3388378356253111
P,CCC,-0.102451201008757
Q,CAG,-0.238592141742508
R,AGG,-0.07728918807903895
R,CGG,-0.07441289184689498
R,CGC,-0.0501621879822157
S,TCG,0.196600277280808
S,TCC,-0.0580370470014711
T,ACG,0.13398900030056698
T,ACC,-0.196067950621247
V,GTG,-1.271103381852309
V,GTC,0.107668675686916
Y,TAC,-0.154082883089284
Z,AGC,-0.28861644863685
