AA,Codon,Mean
A,GCG,0.003668592566252016
A,GCC,-0.0414799535978585
C,TGC,0.220055596662561
D,GAC,-0.278769306970636
E,GAG,-0.376359524252017
F,TTC,-0.173975619022051
G,GGG,0.385923645023504
G,GGC,0.266900917806228
H,CAC,-0.400279719612996
I,ATC,-0.0771989143741627
K,AAG,-0.478217191173633
L,CTG,-0.380470671617985
L,CTC,-0.1102852183665149
L,TTG,-0.733019865727425
N,AAC,-0.464884703044097
P,CCG,0.497670598766208
P,CCC,0.513930153902372
Q,CAG,-0.373370308520397
R,AGG,1.0817520312823616
R,CGG,-0.4758266014258099
R,CGC,0.381688075387478
S,TCG,-0.215324093512694
S,TCC,-0.078447105991592
T,ACG,0.017780193138123013
T,ACC,-0.144440854790807
V,GTG,-0.463821562458078
V,GTC,-0.0440904022265226
Y,TAC,-0.428999726432562
Z,AGC,-0.0703902803961964
