AA,Codon,Mean
A,GCG,0.10138270150423101
A,GCC,0.0610922550814847
C,TGC,0.329024761954943
D,GAC,-0.089753609106938
E,GAG,0.0917915872429808
F,TTC,-0.217219720575213
G,GGG,0.05278185951709802
G,GGC,0.326793111157417
H,CAC,-0.149897665481269
I,ATC,-0.0856934587409099
K,AAG,-0.154372631842891
L,CTG,0.145486598711212
L,CTC,0.16789561116298002
L,TTG,-0.132040653287371
N,AAC,-0.243061784676711
P,CCG,0.553463212516904
P,CCC,0.263413375735283
Q,CAG,0.20597396645546
R,AGG,0.4129790512501342
R,CGG,-0.13294880108436002
R,CGC,0.392442602727811
S,TCG,0.0012469810764000056
S,TCC,-0.0080688306888168
T,ACG,0.05695477617780301
T,ACC,-0.0462345457650721
V,GTG,-0.19328594075938105
V,GTC,-0.043400418140615
Y,TAC,-0.218134673735499
Z,AGC,0.0366942842613401
