AA,Codon,Mean
A,GCG,0.500127099881569
A,GCC,0.139050943933924
C,TGC,-0.174690011297166
D,GAC,0.379345028571288
E,GAG,0.186921906152368
F,TTC,0.136674268289904
G,GGG,0.2714933656306411
G,GGC,-0.144108952737351
H,CAC,0.379496787577868
I,ATC,0.13776959995081
K,AAG,0.181338226182262
L,CTG,-0.5045224980026479
L,CTC,0.16674981113672305
L,TTG,-0.445103245470921
N,AAC,0.335861974773804
P,CCG,0.431572389676173
P,CCC,0.207017966173093
Q,CAG,0.154464358548323
R,AGG,0.36284585451682105
R,CGG,0.3681164690780103
R,CGC,0.0716936566854187
S,TCG,0.17795933144129822
S,TCC,0.303402139747143
T,ACG,0.392341306477288
T,ACC,0.197104750045141
V,GTG,-0.2876750144195499
V,GTC,0.270051079611977
Y,TAC,0.134445034010708
Z,AGC,-0.0397776423395895
