AA,Codon,Mean
A,GCG,0.8362307467242079
A,GCC,0.48316447019577
C,TGC,0.112721286037068
D,GAC,0.791210591212908
E,GAG,0.462916401350498
F,TTC,0.426784136309226
G,GGG,0.48769551808796174
G,GGC,0.341088742685318
H,CAC,0.714188022343318
I,ATC,0.562893879389763
K,AAG,0.473706707974275
L,CTG,-0.04071592460076001
L,CTC,0.506910281507175
L,TTG,-0.11347541556706
N,AAC,0.686076726309458
P,CCG,0.7438163773467145
P,CCC,0.517264639264345
Q,CAG,0.508327807056904
R,AGG,0.5200615473270371
R,CGG,0.659017286005616
R,CGC,0.42803583873709
S,TCG,0.6219138749172288
S,TCC,0.579919874986013
T,ACG,0.7357934230441849
T,ACC,0.523976076217492
V,GTG,0.068945194041729
V,GTC,0.658154916814963
Y,TAC,0.509087428166469
Z,AGC,0.288356939830383
