AA,Codon,Mean
A,GCG,0.973345952805877
A,GCC,0.613040570263068
C,TGC,0.191134926343958
D,GAC,0.81870320687294
E,GAG,0.506144531798363
F,TTC,0.484233177342017
G,GGG,0.8296144960105419
G,GGC,0.461052124641339
H,CAC,0.806917934866746
I,ATC,0.685702114363511
K,AAG,0.430532567916314
L,CTG,0.09684329397678404
L,CTC,0.7254016726215329
L,TTG,0.0803028706476092
N,AAC,0.743548792032401
P,CCG,0.9564387621671582
P,CCC,0.720281603662173
Q,CAG,0.478525486226877
R,AGG,0.514961675715446
R,CGG,0.7123831607901467
R,CGC,0.398181981390715
S,TCG,0.748078619145851
S,TCC,0.672850393676758
T,ACG,0.768129284665485
T,ACC,0.636096925834815
V,GTG,0.08766512287060402
V,GTC,0.769097678172588
Y,TAC,0.5192016071558
Z,AGC,0.316208202266693
