AA,Codon,Mean
A,GCG,-0.40506227392515626
A,GCC,-0.199951968759298
C,TGC,0.00778692447422378
D,GAC,-0.517716341996193
E,GAG,-0.140195862247547
F,TTC,-0.483044932111104
G,GGG,-0.277385525594155
G,GGC,0.094350106215477
H,CAC,-0.653197563413779
I,ATC,-0.370401409794887
K,AAG,-0.511461286908388
L,CTG,-0.14823369824389598
L,CTC,-0.4114097049770251
L,TTG,-0.719173740065098
N,AAC,-0.706876908047994
P,CCG,0.13673188583182921
P,CCC,-0.176473315325379
Q,CAG,0.0105354600735503
R,AGG,0.5341539371602239
R,CGG,-0.806576955628892
R,CGC,-0.12097446950227
S,TCG,-0.4933185930955762
S,TCC,-0.206963217628996
T,ACG,-0.342389239064922
T,ACC,-0.277118899478515
V,GTG,-0.541124193749825
V,GTC,-0.283770358111461
Y,TAC,-0.66884726074934
Z,AGC,-0.34551159875989
