AA,Codon,Mean
A,GCG,0.139406391636531
A,GCC,0.0709800028093159
C,TGC,0.597407027381659
D,GAC,-0.0586282772546013
E,GAG,0.489303125355641
F,TTC,-0.351707710317771
G,GGG,-0.252121635536356
G,GGC,0.597131058418751
H,CAC,-0.195589206363757
I,ATC,-0.0643390646936993
K,AAG,-0.363073984076579
L,CTG,0.5094646021102863
L,CTC,0.842223675296704
L,TTG,0.334157846003771
N,AAC,-0.333482202386856
P,CCG,0.8980813751061749
P,CCC,0.734667312117418
Q,CAG,0.480831388801336
R,AGG,0.8094737836447221
R,CGG,0.3138686283190999
R,CGC,0.789917492910226
S,TCG,0.209908029083411
S,TCC,0.00590310485032867
T,ACG,0.37322659327586505
T,ACC,-0.0339611498362074
V,GTG,-0.049739620959758035
V,GTC,-0.0361755967145165
Y,TAC,-0.326846043330431
Z,AGC,0.174667748763661
