AA,Codon,Mean
A,GCG,1.578562873172765
A,GCC,0.949703584901492
C,TGC,0.740892544305325
D,GAC,1.29169194366932
E,GAG,0.709490899932384
F,TTC,0.90725571034352
G,GGG,0.7445956822395331
G,GGC,1.16271418391864
H,CAC,1.29221951391697
I,ATC,1.07141893927256
K,AAG,0.653575466406345
L,CTG,0.45438485631744
L,CTC,0.9670882368564621
L,TTG,0.483946657113234
N,AAC,1.13256851580938
P,CCG,1.397457288595041
P,CCC,0.909946885724862
Q,CAG,0.467590486558278
R,AGG,0.7329476879398039
R,CGG,0.9442090278242302
R,CGC,1.1761460300684
S,TCG,1.18212653379639
S,TCC,0.956185514660676
T,ACG,1.3105068915406861
T,ACC,1.00683849849701
V,GTG,0.6022495401064549
V,GTC,1.1363704795599
Y,TAC,0.94672822971344
Z,AGC,0.886871528442701
