AA,Codon,Mean
A,GCG,0.55821445619663
A,GCC,-0.0321801808023204
C,TGC,0.936348244166374
D,GAC,-0.0313174578472661
E,GAG,0.938618943826358
F,TTC,-0.60578599640131
G,GGG,0.2734385402758899
G,GGC,0.943972754720847
H,CAC,-0.348216563902299
I,ATC,-0.161788394774
K,AAG,-0.420633520483971
L,CTG,0.814729939326644
L,CTC,1.5896007604161901
L,TTG,0.349482867527008
N,AAC,-0.429734325760603
P,CCG,0.9230079420685771
P,CCC,1.41700615646044
Q,CAG,1.38730869762103
R,AGG,1.6702904303073889
R,CGG,1.0234149206956302
R,CGC,1.60737245485783
S,TCG,0.9292209853768381
S,TCC,-0.111182403317094
T,ACG,1.305181621877348
T,ACC,-0.117994229709605
V,GTG,0.7872416445175819
V,GTC,-0.0620461041728656
Y,TAC,-0.456028318248192
Z,AGC,0.160216621076564
