AA,Codon,Mean
A,GCG,1.821684587328137
A,GCC,0.987573715686798
C,TGC,0.567215407868226
D,GAC,1.04803297326565
E,GAG,0.865919685045878
F,TTC,1.21274291174412
G,GGG,0.982417292705178
G,GGC,0.946718354646365
H,CAC,0.954271746472518
I,ATC,0.961693835639954
K,AAG,0.886631786747774
L,CTG,0.12682452464898009
L,CTC,1.142172983443738
L,TTG,-0.21972645393908
N,AAC,0.669464673829079
P,CCG,1.4863191461843295
P,CCC,1.23522281442483
Q,CAG,0.868190512077014
R,AGG,1.4712591831644408
R,CGG,1.018771406279504
R,CGC,1.19433765620391
S,TCG,1.3750387837906721
S,TCC,1.1193360484918
T,ACG,1.382570656689008
T,ACC,0.801106999679406
V,GTG,0.283748533169429
V,GTC,1.34114527770678
Y,TAC,0.517783029101292
Z,AGC,0.508160317850113
