AA,Codon,Mean
A,GCG,1.3696195656180379
A,GCC,0.913290319327513
C,TGC,0.290702154057225
D,GAC,0.836031308011214
E,GAG,0.60163024358352
F,TTC,0.656209752806028
G,GGG,0.870098500264685
G,GGC,0.540909970941146
H,CAC,1.02571739337842
I,ATC,0.786871389142672
K,AAG,0.351953997343779
L,CTC,0.8091140565812579
L,TTG,0.011500481914572
N,AAC,0.85095962121884
P,CCG,1.0086923603439057
P,CCC,0.866385404936473
Q,CAG,0.576825564408302
R,AGG,0.6702380024313919
R,CGG,1.062213446054856
R,CGC,0.605327098429203
S,TCG,0.7686575138855409
S,TCC,0.957359793309371
T,ACG,0.7419473708151467
T,ACC,0.937281661117077
V,GTG,0.19538872215946596
V,GTC,0.750067690436045
Y,TAC,0.740407154854139
Z,AGC,0.344976744997501
