AA,Codon,Mean
A,GCG,1.3174849422504509
A,GCC,1.01213174424171
C,TGC,0.427788524895906
D,GAC,0.855036465088526
E,GAG,0.603968700583776
F,TTC,0.607278018045425
G,GGG,1.0184597919210787
G,GGC,0.807223609673977
H,CAC,0.947148628290494
I,ATC,0.841712979360422
K,AAG,0.312550156807899
L,CTC,0.9042356904526581
L,TTG,0.00167946849020305
N,AAC,0.809002072485288
P,CCG,1.1771881701491318
P,CCC,0.920670374516646
Q,CAG,0.613228719453017
R,AGG,0.827889866801098
R,CGG,0.9360515113736729
R,CGC,0.84631992247502
S,TCG,0.7982278135366735
S,TCC,1.02718361231883
T,ACG,0.857640746791164
T,ACC,0.931869250531991
V,GTG,0.17317167359789198
V,GTC,0.811750901575883
Y,TAC,0.670002629625797
Z,AGC,0.456782307881117
