AA,Codon,Mean
A,GCG,0.105448585329453
A,GCC,0.0350863853562623
C,TGC,0.173557956919074
D,GAC,-0.0191159227912702
E,GAG,0.0325543124658987
F,TTC,-0.12285488884598
G,GGG,0.170845496199528
G,GGC,0.194528963754574
H,CAC,-0.127915386928121
I,ATC,-0.0492585951372981
K,AAG,-0.113061895767351
L,CTC,0.020414039513469012
L,TTG,-0.0439882573116571
N,AAC,-0.125695221105715
P,CCG,0.17457026329338549
P,CCC,0.127506575101614
Q,CAG,0.0888311690578858
R,AGG,0.1575598749240929
R,CGG,-0.17281992054780304
R,CGC,0.268924823104342
S,TCG,0.06102091577301469
S,TCC,0.00539015410741195
T,ACG,0.03992047973573201
T,ACC,-0.03170772975677
V,GTG,-0.016389717652400992
V,GTC,-0.00780578098380784
Y,TAC,-0.118212149723868
Z,AGC,0.0197305309109552
