AA,Codon,Mean
A,GCG,0.056957076658805006
A,GCC,0.0142117169303212
C,TGC,0.373439421457052
D,GAC,-0.136424329677224
E,GAG,0.16882979914347301
F,TTC,-0.369957609013716
G,GGG,-0.010990526874860018
G,GGC,0.358135796221097
H,CAC,-0.285290092982848
I,ATC,-0.162818168268601
K,AAG,-0.285095754661163
L,CTG,0.23129005110735681
L,CTC,0.26364453728000403
L,TTG,0.0719127190046012
N,AAC,-0.363851665715377
P,CCG,0.697571520451705
P,CCC,0.45565445758303
Q,CAG,0.297144152587652
R,AGG,0.5344484163849638
R,CGG,-0.10446909839312002
R,CGC,0.452162035457293
S,TCG,-0.06965131444533701
S,TCC,-0.0489134009430806
T,ACG,-0.0047637291371829815
T,ACC,-0.0831702761605382
V,GTG,-0.12755310611327497
V,GTC,-0.0926767511939009
Y,TAC,-0.374318507641554
Z,AGC,-0.0343020543958288
