AA,Codon,Mean
A,GCG,1.788610842341189
A,GCC,1.04133942988714
C,TGC,0.8468590315938
D,GAC,1.3451026816527
E,GAG,1.01124732218186
F,TTC,1.24013921767871
G,GGG,0.970343579870467
G,GGC,1.18717969854673
H,CAC,1.40147695379257
I,ATC,1.30134916115602
K,AAG,1.07601633509795
L,CTG,0.5954265617847461
L,CTC,1.266823417470848
L,TTG,0.652732442029317
N,AAC,1.2690039806366
P,CCG,1.524863678317268
P,CCC,1.23779793779055
Q,CAG,1.03207097312212
R,AGG,0.977184832982222
R,CGG,1.195391824948572
R,CGC,1.40340042387644
S,TCG,1.329898136774704
S,TCC,1.06866361262004
T,ACG,1.495017397587501
T,ACC,1.08372040410837
V,GTG,0.6723358457783861
V,GTC,1.26010510221322
Y,TAC,1.19923327740033
Z,AGC,0.831746684157848
