AA,Codon,Mean
A,GCG,1.602360012300809
A,GCC,0.633758599472046
C,TGC,0.761366493964195
D,GAC,0.955270117827257
E,GAG,0.539842179552714
F,TTC,0.46919482028087
G,GGG,0.410386681157847
G,GGC,0.825293320858479
H,CAC,0.855674967837334
I,ATC,0.622848345609506
K,AAG,0.626480435999235
L,CTC,0.77159837133574
L,TTG,0.0447180728872617
N,AAC,0.847668542941411
P,CCG,0.8079257001881794
P,CCC,0.480965231978893
Q,CAG,0.543371835794051
R,AGG,0.716227778365214
R,CGG,0.453425912717683
R,CGC,0.905624575475852
S,TCG,0.850663128479819
S,TCC,0.654229340517521
T,ACG,0.7452699971176691
T,ACC,0.537567856486638
V,GTG,0.06790288995575484
V,GTC,0.965754002658526
Y,TAC,0.632585678446293
Z,AGC,0.860706889327367
