AA,Codon,Mean
A,GCG,0.14506476029555004
A,GCC,0.0670819172342618
C,TGC,0.399285204603275
D,GAC,-0.106722047230601
E,GAG,0.41521351449887
F,TTC,-0.252413803644975
G,GGG,0.437728228930632
G,GGC,0.45876606558164
H,CAC,-0.296678662929932
I,ATC,-0.0839055395916104
K,AAG,-0.269406907624006
L,CTC,0.010042710554600043
L,TTG,-0.0787715259785454
N,AAC,-0.307569693420331
P,CCG,0.653913398167491
P,CCC,0.61524344946146
Q,CAG,0.482117345531782
R,AGG,0.575145477691293
R,CGG,-0.36393925690650986
R,CGC,0.795741203224659
S,TCG,0.17806691436767602
S,TCC,0.0381867118604481
T,ACG,0.18833187648455296
T,ACC,-0.0428432984740163
V,GTG,0.03819429906209304
V,GTC,-0.0413565787764887
Y,TAC,-0.315629816971223
Z,AGC,0.00289413069612992
