AA,Codon,Mean
A,GCG,1.5452869985600282
A,GCC,0.828355275026957
C,TGC,1.22484492184321
D,GAC,0.941485395034154
E,GAG,0.943534954543908
F,TTC,0.364981822288036
G,GGG,0.701690593480071
G,GGC,1.44864192581177
H,CAC,0.672960087875525
I,ATC,0.722612582135201
K,AAG,0.496739856574933
L,CTC,0.99894372595946
L,TTG,0.057764200511761
N,AAC,0.639239852217833
P,CCG,1.3424117611105282
P,CCC,1.02144316713413
Q,CAG,0.989033543578784
R,AGG,1.4002538868165917
R,CGG,0.13005196955601395
R,CGC,1.58450034671625
S,TCG,0.8864366346766499
S,TCC,0.865624304103851
T,ACG,0.848711672220623
T,ACC,0.675086609208584
V,GTG,0.037057686980565996
V,GTC,1.10970777043502
Y,TAC,0.44007216976285
Z,AGC,1.09912270199458
