AA,Codon,Mean
A,GCG,1.056089564891656
A,GCC,0.507302545062701
C,TGC,0.0980299836331358
D,GAC,0.389515435077747
E,GAG,0.438103397279978
F,TTC,0.847150314509869
G,GGG,0.389603018292784
G,GGC,0.35136161630352297
H,CAC,0.343766421840588
I,ATC,0.603927702180545
K,AAG,0.824490746335189
L,CTG,-0.20627442142964014
L,CTC,0.787913587768872
L,TTG,-0.74607618534565
N,AAC,0.229202647314469
P,CCG,0.8543747496157881
P,CCC,0.551359807739655
Q,CAG,0.42291054426233
R,AGG,0.912295442346732
R,CGG,0.24574524302443612
R,CGC,0.125818999618664
S,TCG,0.8229792564104009
S,TCC,0.68187166971763
T,ACG,0.94814906249245
T,ACC,0.462508138481776
V,GTG,-0.6880106841335873
V,GTC,0.975115076788266
Y,TAC,0.0772885821657876
Z,AGC,0.225230553834637
