AA,Codon,Mean
A,GCG,0.18925787766178404
A,GCC,0.0792806750737131
C,TGC,0.285313847758373
D,GAC,-0.0459210123907775
E,GAG,0.457303716101249
F,TTC,-0.165632755184174
G,GGG,-0.23889625754952398
G,GGC,0.431406357560555
H,CAC,-0.194301137599349
I,ATC,-0.0726262060547868
K,AAG,0.182784923039873
L,CTG,0.219564284663896
L,CTC,0.9779750967721149
L,TTG,-0.376180063571533
N,AAC,-0.343435772232215
P,CCG,0.62198708264331
P,CCC,0.868958129676183
Q,CAG,0.429352089315653
R,AGG,0.975799993520975
R,CGG,-1.3267535869797071
R,CGC,0.791653221058846
S,TCG,-0.04541047196388298
S,TCC,-0.00159260461012364
T,ACG,0.17997541879614198
T,ACC,-0.0413091562426339
V,GTG,-0.356756631034613
V,GTC,-0.0156099801623059
Y,TAC,-0.274223684493701
Z,AGC,0.00186469179474998
