AA,Codon,Mean
A,GCG,1.485005010142823
A,GCC,0.468428895541032
C,TGC,0.730932415103912
D,GAC,0.481130474030972
E,GAG,1.19329244194825
F,TTC,0.551373296759526
G,GGG,-0.11316050843993797
G,GGC,1.39716950632731
H,CAC,0.209105594177047
I,ATC,0.640481726006667
K,AAG,1.25393330019315
L,CTG,0.10509428789615005
L,CTC,1.82969258609613
L,TTG,-1.12116782889366
N,AAC,0.0398918214319039
P,CCG,1.70425251182516
P,CCC,1.58085674379667
Q,CAG,1.141056442372
R,AGG,2.2686086548645132
R,CGG,-0.419599017540609
R,CGC,1.04503348128001
S,TCG,0.736876918168863
S,TCC,0.659226942352454
T,ACG,1.2798247054176395
T,ACC,0.440943134303888
V,GTG,-1.1316802458763109
V,GTC,1.08914135552247
Y,TAC,-0.0597713846578168
Z,AGC,0.705062591524919
