AA,Codon,Mean
A,GCG,-0.688646288585166
A,GCC,-0.657713285716375
C,TGC,-0.084699500477183
D,GAC,-1.14629802840551
E,GAG,-0.724430857336521
F,TTC,-0.765967580322425
G,GGG,0.12256343683600407
G,GGC,-0.308286396426956
H,CAC,-1.23471333196163
I,ATC,-0.91346787353754
K,AAG,-1.15542365920544
L,CTC,-0.7779565465801395
L,TTG,-1.71530524528821
N,AAC,-1.41749707947572
P,CCG,-0.6631508190413214
P,CCC,-0.759065854128202
Q,CAG,-0.960501038956642
R,AGG,0.8625478356242309
R,CGG,-1.403087479380766
R,CGC,-0.509493477191528
S,TCG,-1.6617049986839292
S,TCC,-0.784992345289389
T,ACG,-0.861684376826882
T,ACC,-1.19113148788611
V,GTG,-1.197669262457888
V,GTC,-0.72474102546374
Y,TAC,-1.34552276395957
Z,AGC,-0.917721372203032
