AA,Codon,Mean
A,GCG,2.029027603137492
A,GCC,0.839865662841002
C,TGC,0.353739601697524
D,GAC,0.909105836582184
E,GAG,0.954207310612996
F,TTC,0.516007852337758
G,GGG,1.308015481954813
G,GGC,0.606094831267993
H,CAC,1.10691311875979
I,ATC,0.769963324189186
K,AAG,0.641293771910667
L,CTC,0.777302212376768
L,TTG,0.255882701530556
N,AAC,0.918234022939205
P,CCG,1.527416417499384
P,CCC,0.963981265469392
Q,CAG,0.973897664535046
R,AGG,0.5753947260333839
R,CGG,1.3311077156821889
R,CGC,0.96693018168211
S,TCG,1.3695042513926818
S,TCC,0.821855449930827
T,ACG,1.2865879840459618
T,ACC,0.938916874432564
V,GTG,0.25403652370572094
V,GTC,0.824019360737006
Y,TAC,0.633587582929929
Z,AGC,0.694335792430242
