AA,Codon,Mean
A,GCG,0.26252930842042
A,GCC,0.354665179177125
C,TGC,0.541622807989518
D,GAC,0.0236086268062016
E,GAG,0.601150200895468
F,TTC,-0.417798055493832
G,GGG,0.3224138285001099
G,GGC,0.587670509882768
H,CAC,-0.188566337390741
I,ATC,-0.0524150161304822
K,AAG,-0.312075255995989
L,CTG,0.07412297589636062
L,CTC,0.19491085742612702
L,TTG,0.522914440230528
N,AAC,-0.234223700162768
P,CCG,0.6750937071730689
P,CCC,0.604437665436665
Q,CAG,0.692764524765809
R,AGG,0.885180324029922
R,CGG,0.08286893563269992
R,CGC,0.882634224975109
S,TCG,0.31380594350894203
S,TCC,0.00684238331587903
T,ACG,0.38285016977389696
T,ACC,-0.039755735050949
V,GTG,-0.258042406376208
V,GTC,-0.0299169956031139
Y,TAC,-0.229477731120586
Z,AGC,0.204802095363041
