AA,Codon,Mean
A,GCG,1.834841440967716
A,GCC,1.04412696134249
C,TGC,1.25440377832254
D,GAC,1.77575670391719
E,GAG,1.33645575695038
F,TTC,1.4792197534879
G,GGG,1.0514928026182315
G,GGC,1.39756890907288
H,CAC,1.73202123089631
I,ATC,1.57850908741156
K,AAG,1.36059008656343
L,CTG,0.9115245272159569
L,CTC,1.497664123761654
L,TTG,0.691634954758485
N,AAC,1.58133231144746
P,CCG,1.471839140733084
P,CCC,0.939353661235173
Q,CAG,1.13092289250692
R,AGG,0.995132247870169
R,CGG,1.2449637846640969
R,CGC,1.82330867233276
S,TCG,1.622629207897186
S,TCC,0.98321669532458
T,ACG,1.48918404460152
T,ACC,1.15220567332904
V,GTG,0.692282430636887
V,GTC,1.86579152866205
Y,TAC,1.63609913314978
Z,AGC,1.35077048362891
