AA,Codon,Mean
A,GCG,0.9430069825261831
A,GCC,0.649780252683163
C,TGC,0.179755273722112
D,GAC,0.806316396252314
E,GAG,0.517726088696718
F,TTC,0.474244006077449
G,GGG,0.794602262065808
G,GGC,0.344499880079428
H,CAC,0.800372081267834
I,ATC,0.643506879381339
K,AAG,0.383335509405533
L,CTG,0.06956837724248599
L,CTC,0.6891908424627352
L,TTG,0.0917062374398112
N,AAC,0.74964794888099
P,CCG,0.8780377300217127
P,CCC,0.716329825905959
Q,CAG,0.456569936052958
R,AGG,0.46432049938639
R,CGG,0.6883801023157929
R,CGC,0.353253139829636
S,TCG,0.751397746664286
S,TCC,0.682233550385634
T,ACG,0.72834038712283
T,ACC,0.642219579684734
V,GTG,0.14059628583788802
V,GTC,0.735621924865246
Y,TAC,0.529979360300302
Z,AGC,0.275845168278615
