AA,Codon,Mean
A,GCG,-0.414357784237774
A,GCC,-0.206506467999021
C,TGC,-0.00197911203550946
D,GAC,-0.523573609433571
E,GAG,-0.147250942085683
F,TTC,-0.482207500358423
G,GGG,-0.28753896904190407
G,GGC,0.0767134675609569
H,CAC,-0.650139262413979
I,ATC,-0.37829223352472
K,AAG,-0.512752006139358
L,CTG,-0.1621002932086586
L,CTC,-0.4197412255547939
L,TTG,-0.715760604524612
N,AAC,-0.704981428694725
P,CCG,0.1136943536098736
P,CCC,-0.18705818583866
Q,CAG,-6.1149762202295e-4
R,AGG,0.517138271990915
R,CGG,-0.799402523731689
R,CGC,-0.137068016932905
S,TCG,-0.5002965786446743
S,TCC,-0.212519108716647
T,ACG,-0.3510275871615397
T,ACC,-0.283528086656332
V,GTG,-0.541055542731782
V,GTC,-0.291654099269708
Y,TAC,-0.668710872002443
Z,AGC,-0.349336644512415
