AA,Codon,Mean
A,GCG,1.0013397632042569
A,GCC,0.604288656453292
C,TGC,0.203728281288346
D,GAC,0.831588244307041
E,GAG,0.507294157928228
F,TTC,0.485372065718969
G,GGG,0.8531153930225066
G,GGC,0.531888081886371
H,CAC,0.805881564339002
I,ATC,0.708203541517258
K,AAG,0.459556478502353
L,CTG,0.12552872888644495
L,CTC,0.7505014956248773
L,TTG,0.067998210706686
N,AAC,0.736446563363075
P,CCG,1.028451842015478
P,CCC,0.734945432221889
Q,CAG,0.507156488162279
R,AGG,0.5647109745979311
R,CGG,0.7265237492519762
R,CGC,0.45018211786747
S,TCG,0.753314740484456
S,TCC,0.673544466912746
T,ACG,0.7976554976403709
T,ACC,0.63978663538297
V,GTG,0.06635972611506796
V,GTC,0.78956646639506
Y,TAC,0.513096038347483
Z,AGC,0.345897322646777
