AA,Codon,Mean
A,GCG,1.8875414043943048
A,GCC,0.931935288929939
C,TGC,0.570779829285542
D,GAC,1.01380569688082
E,GAG,0.620943079177539
F,TTC,0.509316289397081
G,GGG,0.875420998437206
G,GGC,0.888277953549226
H,CAC,1.1099973427852
I,ATC,0.778421530040105
K,AAG,0.312985302342971
L,CTC,0.868721663324039
L,TTG,0.12128695717603
N,AAC,0.775924915484587
P,CCG,1.3401773733494695
P,CCC,0.917681896702448
Q,CAG,0.530571992506583
R,AGG,0.6907338594039311
R,CGG,0.867346025772889
R,CGC,0.910466720175743
S,TCG,1.152777718737719
S,TCC,0.991142434505622
T,ACG,1.131972775173188
T,ACC,0.919942975858847
V,GTG,0.209173851031065
V,GTC,1.00936470696926
Y,TAC,0.760581815445423
Z,AGC,0.619353474537532
