AA,Codon,Mean
A,GCG,0.16531539984941496
A,GCC,0.0895105642375847
C,TGC,0.413624989549319
D,GAC,-0.0784870319962502
E,GAG,0.0918078543121616
F,TTC,-0.320685551808278
G,GGG,0.6535348527093781
G,GGC,0.529927607766787
H,CAC,-0.33188203416268
I,ATC,-0.104568709820012
K,AAG,-0.37142061603864
L,CTC,0.05637197988828002
L,TTG,-0.189107689214746
N,AAC,-0.328532525920868
P,CCG,0.781218379313747
P,CCC,0.472866953472296
Q,CAG,0.309463504391909
R,AGG,0.5905617128972043
R,CGG,-0.3731652201414102
R,CGC,0.720599493571123
S,TCG,0.230950427212318
S,TCC,-0.00683455432906861
T,ACG,0.30193965438207
T,ACC,-0.085366191192468
V,GTG,-0.06046608946323301
V,GTC,-0.0391943142224103
Y,TAC,-0.365424563493331
Z,AGC,0.0711289405908436
