AA,Codon,Mean
A,GCG,0.08707980940341997
A,GCC,-0.00180923469729913
C,TGC,0.122595432340602
D,GAC,-0.300481733600299
E,GAG,-0.424575492886702
F,TTC,-0.216123899364471
G,GGG,0.385703526804844
G,GGC,0.269625049783786
H,CAC,-0.440834111539523
I,ATC,-0.118952175073822
K,AAG,-0.662942629059156
L,CTG,-0.5412655085044598
L,CTC,-0.043106111112237
L,TTG,-0.721753598709901
N,AAC,-0.539277620732784
P,CCG,0.6473410733799141
P,CCC,0.062606700312222
Q,CAG,-0.552378164732456
R,AGG,0.459416094219188
R,CGG,-0.6616852469285301
R,CGC,0.34932004896005
S,TCG,-0.14072263000011398
S,TCC,-0.0765885353748997
T,ACG,0.06676523004968898
T,ACC,-0.168952058545748
V,GTG,-0.41786389220655007
V,GTC,-0.0691897056681414
Y,TAC,-0.520141754029194
Z,AGC,-0.118677738588552
