AA,Codon,Mean
A,GCG,0.8230230422476921
A,GCC,0.181430201089382
C,TGC,0.379229932041963
D,GAC,0.68708105613788
E,GAG,-0.012565295302682
F,TTC,0.193260759102305
G,GGG,0.35813138144115597
G,GGC,0.214235900339484
H,CAC,0.507615491841237
I,ATC,0.146438026397427
K,AAG,-0.00416487662662036
L,CTG,-0.38615415174464296
L,CTC,-0.013893139068285987
L,TTG,-0.542827606272697
N,AAC,0.296952678847313
P,CCG,0.703696327646244
P,CCC,0.281297457294663
Q,CAG,-0.00217677199337638
R,AGG,-0.013983311335245885
R,CGG,0.2081336228204531
R,CGC,0.293203319970767
S,TCG,0.6031079278513793
S,TCC,0.385338545924425
T,ACG,0.838051078975201
T,ACC,0.121559102492034
V,GTG,-0.478275966587663
V,GTC,0.751896483206749
Y,TAC,0.413569394085805
Z,AGC,0.113077166952193
