AA,Codon,Mean
A,GCG,1.238231915495795
A,GCC,0.600058655353387
C,TGC,0.460075305118163
D,GAC,1.06552315977812
E,GAG,0.86916104430755
F,TTC,0.723616346355279
G,GGG,0.7997851006229679
G,GGC,0.833857214232286
H,CAC,0.931151535220941
I,ATC,1.0306153242747
K,AAG,0.602809298507373
L,CTG,0.16157330066362996
L,CTC,1.050080256108438
L,TTG,-0.125476028763068
N,AAC,0.90967246723175
P,CCG,1.350393744208834
P,CCC,0.64934442170461
Q,CAG,0.946736416979631
R,AGG,0.553010024170081
R,CGG,1.106733274816974
R,CGC,0.938438256466389
S,TCG,0.9550249705453739
S,TCC,0.724743274605274
T,ACG,0.903846052746974
T,ACC,0.772044521141052
V,GTG,-0.050923394159476
V,GTC,0.868999330560366
Y,TAC,0.601577816389004
Z,AGC,0.540415911889076
