AA,Codon,Mean
A,GCG,-0.8623822025534147
A,GCC,-0.703288650798798
C,TGC,-0.543172535912196
D,GAC,-0.937699635942777
E,GAG,-0.873424098499616
F,TTC,-0.730525824546814
G,GGG,-0.771682699294885
G,GGC,-0.477785791750749
H,CAC,-0.960601980515321
I,ATC,-1.11505958573818
K,AAG,-0.8502353626887
L,CTG,-0.869063613227507
L,CTC,-1.048795174384117
L,TTG,-1.01997210695744
N,AAC,-1.11733546521266
P,CCG,-0.805236511999865
P,CCC,-0.738930747111638
Q,CAG,-0.994971447916826
R,AGG,-0.34967830373982944
R,CGG,-1.1612150790115199
R,CGC,-0.622269474271933
S,TCG,-1.173579268195231
S,TCC,-0.658842045005163
T,ACG,-0.934138054715842
T,ACC,-0.705842793567975
V,GTG,-0.8990579613269154
V,GTC,-0.90993527525266
Y,TAC,-1.05338392386436
Z,AGC,-0.66392756831646
