AA,Codon,Mean
A,GCG,0.725583120973902
A,GCC,-0.154515252614891
C,TGC,-0.0166502760454321
D,GAC,-0.548435125698646
E,GAG,0.0727046530901559
F,TTC,-1.51936807525953
G,GGG,0.9797315966963729
G,GGC,0.614369413874547
H,CAC,-0.800953638203939
I,ATC,-0.98901362655162794
K,AAG,-0.557766879932086
L,CTG,-1.479180539692439
L,CTC,-0.5956387731273969
L,TTG,-1.86817886005243
N,AAC,-1.00993479917049
P,CCG,1.86680131776333
P,CCC,0.33200194263955
Q,CAG,0.0420402858744595
R,AGG,1.3213412477134399
R,CGG,0.2503533495982402
R,CGC,0.723364825854699
S,TCG,-0.22525489126841192
S,TCC,-0.0658348656450762
T,ACG,0.9228492463469471
T,ACC,-0.391377068501711
V,GTG,-1.2953863434979298
V,GTC,-0.742849825310707
Y,TAC,-1.57032964144548
Z,AGC,-0.424589744062225
