AA,Codon,Mean
A,GCG,-0.130813717696816
A,GCC,-0.367894275424878
C,TGC,-0.945766087794304
D,GAC,-0.902047369404634
E,GAG,-0.621057999098301
F,TTC,-1.41124353630543
G,GGG,0.2530594785134
G,GGC,-0.488169725587964
H,CAC,-0.95985147601366
I,ATC,-1.06825324292183
K,AAG,-0.784280276433627
L,CTG,-1.499101489094893
L,CTC,-0.9841327637816469
L,TTG,-2.03626840233008
N,AAC,-1.02454955352545
P,CCG,0.40072741386741406
P,CCC,-0.229337887268762
Q,CAG,-0.729081494784355
R,AGG,0.324533471047879
R,CGG,0.11539316723545401
R,CGC,-0.344572838912408
S,TCG,-0.742797641738535
S,TCC,-0.255005126810074
T,ACG,0.06493578923468699
T,ACC,-0.498285974206527
V,GTG,-1.434219621970256
V,GTC,-0.860043581346671
Y,TAC,-1.54420860753059
Z,AGC,-0.939637275822957
