AA,Codon,Mean
A,GCG,1.189404198714098
A,GCC,0.854188643487295
C,TGC,1.60256534533501
D,GAC,1.71621586226622
E,GAG,1.20509745331605
F,TTC,1.14784138899247
G,GGG,0.5988109110196802
G,GGC,1.45421306393941
H,CAC,1.72989937152068
I,ATC,1.35252313008308
K,AAG,1.19790186758439
L,CTG,1.026185034594932
L,CTC,1.3186855748901811
L,TTG,1.64670303589503
N,AAC,1.67868412183921
P,CCG,0.8634673713440577
P,CCC,0.847154521501064
Q,CAG,1.29740866500537
R,AGG,0.761534841344754
R,CGG,0.637200986374445
R,CGC,0.96494522450765
S,TCG,1.401436971577009
S,TCC,0.810330562396844
T,ACG,0.8466379910022019
T,ACC,0.891197086489201
V,GTG,0.9274368511617219
V,GTC,1.35823179159959
Y,TAC,1.75286662217776
Z,AGC,1.47041010242303
