AA,Codon,Mean
A,GCG,0.20471838126182096
A,GCC,0.031817512621358
C,TGC,0.671255334524314
D,GAC,-0.0914019557312131
E,GAG,0.759659853049119
F,TTC,-0.458152168470621
G,GGG,-0.603975097640353
G,GGC,0.526039542363087
H,CAC,-0.170106743216515
I,ATC,-0.116365363330642
K,AAG,-0.258644902076324
L,CTG,0.5521736454498948
L,CTC,0.9827033657387302
L,TTG,0.356675958579779
N,AAC,-0.410623991620541
P,CCG,1.1124148406744
P,CCC,0.660966120902697
Q,CAG,0.993987047541142
R,AGG,1.1675687786925928
R,CGG,-0.11399373186428985
R,CGC,0.887704733292262
S,TCG,0.251340597367287
S,TCC,0.0117019798729726
T,ACG,0.46606548233032286
T,ACC,-0.0446561379374315
V,GTG,-0.280922968061765
V,GTC,-0.113132073410849
Y,TAC,-0.384972068675359
Z,AGC,0.141476167489588
