AA,Codon,Mean
A,GCG,1.627597913118207
A,GCC,0.764812415997187
C,TGC,1.3095982071956
D,GAC,1.50932709933122
E,GAG,0.905061972125371
F,TTC,0.814372312712669
G,GGG,0.38520145650108695
G,GGC,1.4530946012338
H,CAC,1.57607145144145
I,ATC,0.891866363227367
K,AAG,0.764826795645555
L,CTG,0.43871021807987987
L,CTC,1.048566533136369
L,TTG,0.471750872671604
N,AAC,1.32326706740856
P,CCG,1.557409406602382
P,CCC,0.491130964883169
Q,CAG,1.1951863270998
R,AGG,1.082424977214138
R,CGG,1.121246337034962
R,CGC,1.58130533138116
S,TCG,1.3283106612304851
S,TCC,0.803709442547957
T,ACG,1.3520868573327829
T,ACC,0.84589366663297
V,GTG,0.20034452915241302
V,GTC,0.82956644128561
Y,TAC,1.39017558574677
Z,AGC,1.37641668713888
