AA,Codon,Mean
A,GCG,0.12510457027752997
A,GCC,-1.40028324957689
C,TGC,-0.814664420481523
D,GAC,-0.784678840100765
E,GAG,-0.940454284334183
F,TTC,-0.099980932016174
G,GGG,-0.41460693028768003
G,GGC,-2.04873060329755
H,CAC,-0.629752610647678
I,ATC,-0.560199436553319
K,AAG,-0.559774180122217
L,CTC,-0.6803066489001091
L,TTG,-1.22080053409735
N,AAC,-0.637638804976145
P,CCG,-1.597825725895166
P,CCC,-1.12914320314725
Q,CAG,-1.61284494224389
R,AGG,-0.7862293513784799
R,CGG,-0.3837077494700698
R,CGC,-1.64390619022846
S,TCG,-1.050731099683046
S,TCC,-0.951563132357597
T,ACG,-0.6696981171170902
T,ACC,-1.37958664100965
V,GTG,-1.7429841662863879
V,GTC,-0.537687663916747
Y,TAC,-0.724351660966873
Z,AGC,-0.967961449905237
