AA,Codon,Mean
A,GCG,0.8678465933561399
A,GCC,1.14933944177628
C,TGC,1.35987217470805
D,GAC,0.781810820988814
E,GAG,1.07199324084918
F,TTC,-0.0460378818457195
G,GGG,1.40296317768097
G,GGC,2.37834738243421
H,CAC,0.466257420204083
I,ATC,0.612170017190774
K,AAG,-0.197571705992023
L,CTC,0.9594546973943661
L,TTG,0.136203288603574
N,AAC,0.324298344393571
P,CCG,2.2452554598695107
P,CCC,1.11025654367606
Q,CAG,1.77970923128923
R,AGG,2.114156780119739
R,CGG,0.37524081570308
R,CGC,2.14966285634836
S,TCG,0.8788496685465181
S,TCC,0.858693645910422
T,ACG,0.70110041572252
T,ACC,0.840773863824209
V,GTG,0.32441508522033
V,GTC,0.751926401094596
Y,TAC,0.287541191418966
Z,AGC,1.15712145249049
