AA,Codon,Mean
A,GCG,-0.004220453727244999
A,GCC,0.00799847429687135
C,TGC,0.270418757458528
D,GAC,-0.27054155545632
E,GAG,-0.381812659144402
F,TTC,-0.155471032888691
G,GGG,0.37732486453453695
G,GGC,0.323975766976674
H,CAC,-0.410469232006868
I,ATC,-0.0338594649783336
K,AAG,-0.495059786049525
L,CTG,-0.37125154506762803
L,CTC,-0.06407715589511626
L,TTG,-0.719686552480857
N,AAC,-0.441194822953145
P,CCG,0.517123942004641
P,CCC,0.558553390475114
Q,CAG,-0.372625556631883
R,AGG,1.0291957940789689
R,CGG,-0.24013522078197003
R,CGC,0.392218886605899
S,TCG,-0.19873624402483303
S,TCC,-0.0305516269274211
T,ACG,3.1493790945025246e-5
T,ACC,-0.11471840788722
V,GTG,-0.44694284788767497
V,GTC,-0.0200252479658874
Y,TAC,-0.388651160162687
Z,AGC,-0.0385490104836126
