AA,Codon,Mean
A,GCG,0.652910232633352
A,GCC,-0.0305200644935113
C,TGC,0.0476082598971444
D,GAC,0.364435624174277
E,GAG,-0.296514382141829
F,TTC,-0.313131002302965
G,GGG,0.1349753844616367
G,GGC,0.135224122429391
H,CAC,0.538023364212116
I,ATC,-0.413735249491533
K,AAG,-0.490635487510761
L,CTG,-0.6151620690445534
L,CTC,-0.166139485313495
L,TTG,-0.93356685038805
N,AAC,-0.144794184651971
P,CCG,0.4733508741957251
P,CCC,0.0526871532051591
Q,CAG,-0.103180640592923
R,AGG,0.014064524070422024
R,CGG,-0.05617602863051001
R,CGC,0.131904755945504
S,TCG,0.44894126057550304
S,TCC,-0.0425819650315214
T,ACG,0.24019394033749897
T,ACC,-0.00947451681971381
V,GTG,-1.181515810364484
V,GTC,0.115716681476434
Y,TAC,0.0298268827830925
Z,AGC,-0.0720010533649164
