AA,Codon,Mean
A,GCG,1.2822844426964701
A,GCC,0.436717737730344
C,TGC,0.434747126917044
D,GAC,0.584892749241988
E,GAG,0.248535662869612
F,TTC,0.114691445219517
G,GGG,0.595671678684155
G,GGC,0.705531322741509
H,CAC,0.629124927135309
I,ATC,0.106180705449979
K,AAG,0.0265629392423983
L,CTC,0.0014144796550280003
L,TTG,-0.310574175316095
N,AAC,0.398181682387988
P,CCG,0.687197040520112
P,CCC,0.405656914649407
Q,CAG,0.42466374990344
R,AGG,0.20498834741761202
R,CGG,0.35393240203289733
R,CGC,0.27488816883266
S,TCG,0.49410216721830846
S,TCC,0.504986598529418
T,ACG,0.708972566970189
T,ACC,0.481167426790794
V,GTG,-0.3900188355303795
V,GTC,0.554690072278182
Y,TAC,0.294608371140559
Z,AGC,0.581122377141317
