AA,Codon,Mean
A,GCG,-0.05364140027761399
A,GCC,0.0330759850528712
C,TGC,0.149156577006976
D,GAC,-0.467871545716127
E,GAG,-0.448981933259964
F,TTC,-0.46759061863025
G,GGG,0.7120340671936659
G,GGC,0.343251334979137
H,CAC,-0.925682567365964
I,ATC,-0.128491570817928
K,AAG,-0.907490275931358
L,CTC,-0.00990668394565597
L,TTG,-0.80427706502676
N,AAC,-0.771979002630711
P,CCG,0.8605949302395189
P,CCC,0.517505525934696
Q,CAG,-0.585112299879392
R,AGG,1.180720899552107
R,CGG,-1.4352667314052603
R,CGC,0.384234393634399
S,TCG,-0.5025801416178539
S,TCC,-0.00874236289310898
T,ACG,0.014619050065676986
T,ACC,-0.139290440903604
V,GTG,-0.6567479794681121
V,GTC,-0.114743966108064
Y,TAC,-0.709358140238126
Z,AGC,-0.267612797016899
