AA,Codon,Mean
A,GCG,-0.04966570855577701
A,GCC,-0.0670284793520967
C,TGC,0.0642823929240306
D,GAC,-0.240701092853149
E,GAG,0.0152665984315701
F,TTC,-0.265442394926151
G,GGG,0.16431334942777903
G,GGC,0.199686599014203
H,CAC,-0.334542625719309
I,ATC,-0.155091830884417
K,AAG,-0.263848220874866
L,CTG,0.202804103070994
L,CTC,-0.04287671522200098
L,TTG,-0.616120588401953
N,AAC,-0.449920848989487
P,CCG,0.6405525866684815
P,CCC,0.142817401959995
Q,CAG,-0.0255027482743996
R,AGG,0.6805363985295102
R,CGG,-0.772849012033144
R,CGC,0.29388650739193
S,TCG,-0.314073730204006
S,TCC,-0.0423684580815335
T,ACG,-0.03959183260202398
T,ACC,-0.106304340240856
V,GTG,-0.37318852660755275
V,GTC,-0.0759830818173786
Y,TAC,-0.43498814077576
Z,AGC,-0.145471175845464
