AA,Codon,Mean
A,GCG,0.525854760537545
A,GCC,0.250017275184393
C,TGC,-0.0993550989843905
D,GAC,0.180971683113774
E,GAG,0.363027217630545
F,TTC,0.136423465526601
G,GGG,0.5471034254545964
G,GGC,0.00910211168503079
H,CAC,0.337702759361267
I,ATC,0.164321880281965
K,AAG,0.388286750912666
L,CTG,-0.633714649256567
L,CTC,0.28010742257038795
L,TTG,-0.714287328584989
N,AAC,0.15334533577313
P,CCG,0.265022949855029
P,CCC,0.187528369689981
Q,CAG,0.21821762950321
R,AGG,0.487387041758498
R,CGG,0.504030077305933
R,CGC,-0.102950946771602
S,TCG,0.135380793124277
S,TCC,0.299821957488855
T,ACG,0.334444916588565
T,ACC,0.126482247825464
V,GTG,-0.46850736607421833
V,GTC,0.306436434036493
Y,TAC,-0.0979120151586831
Z,AGC,-0.103163105853399
