AA,Codon,Mean
A,GCG,0.123604305477937
A,GCC,0.0625264051042497
C,TGC,0.188173473512133
D,GAC,-0.264460607834657
E,GAG,-0.255903011871378
F,TTC,-0.269718651220202
G,GGG,0.6832880169769131
G,GGC,0.367415796019634
H,CAC,-0.459955524069071
I,ATC,-0.0469441611588001
K,AAG,-0.515556154702107
L,CTC,0.11405154851078991
L,TTG,-0.469025114828348
N,AAC,-0.466747178600232
P,CCG,0.7640089909511308
P,CCC,0.228655726969242
Q,CAG,0.119808802265922
R,AGG,0.779504409001271
R,CGG,-0.7005694892923
R,CGC,0.485749188576142
S,TCG,-0.376887714968125
S,TCC,0.0300389565037563
T,ACG,-0.08094578020572596
T,ACC,-0.0593787851194541
V,GTG,-0.478937189565103
V,GTC,-0.0382165830691655
Y,TAC,-0.501523299954335
Z,AGC,-0.10942025736173
