AA,Codon,Mean
A,GCG,1.206250815367698
A,GCC,-0.276915728023648
C,TGC,-0.0126727230421622
D,GAC,0.176314902744691
E,GAG,0.0775168953207632
F,TTC,9.25091739375527e-5
G,GGG,0.16574007901152
G,GGC,-0.50506308208108
H,CAC,0.24331374429961
I,ATC,-0.142980766724547
K,AAG,0.052931873760776
L,CTC,-0.09145523976783002
L,TTG,-0.986822926692168
N,AAC,0.119942804818352
P,CCG,-0.006527890398105002
P,CCC,-0.161730857591828
Q,CAG,-0.312634214969476
R,AGG,0.08038303483724601
R,CGG,-0.35103789463043195
R,CGC,-0.377640390531222
S,TCG,-0.1366440323417385
S,TCC,-0.20039626001517
T,ACG,0.0520453998375451
T,ACC,-0.243657074831923
V,GTG,-1.29480632692178
V,GTC,0.0665543321225792
Y,TAC,-0.119042419205606
Z,AGC,0.0298644508283585
