AA,Codon,Mean
A,GCG,-0.01965823161999003
A,GCC,0.12339679291596
C,TGC,0.67438254926602
D,GAC,-0.00266863718825183
E,GAG,0.825343782627583
F,TTC,-0.479608510329326
G,GGG,-0.805791421333949
G,GGC,0.657028488425414
H,CAC,-0.15215933149755
I,ATC,-0.0409577498377611
K,AAG,-0.267957902064919
L,CTG,0.669161242739111
L,CTC,1.1133995878612
L,TTG,0.564301560445627
N,AAC,-0.35608379928271
P,CCG,0.968770333755016
P,CCC,0.769145409146945
Q,CAG,1.00158808317582
R,AGG,1.1229841993867071
R,CGG,0.25060024845599993
R,CGC,1.02272158865134
S,TCG,0.43796474251349404
S,TCC,0.138444610364238
T,ACG,0.352597698215645
T,ACC,0.0662072069900731
V,GTG,-0.48930573741396194
V,GTC,-0.0703830605149269
Y,TAC,-0.378098385216792
Z,AGC,0.286956627398729
