AA,Codon,Mean
A,GCG,1.8868180542747182
A,GCC,0.82378986500899
C,TGC,1.63199392310778
D,GAC,1.74100850125154
E,GAG,0.953328654241562
F,TTC,1.00221079755624
G,GGG,0.41762754590908596
G,GGC,1.75945857797464
H,CAC,1.78357223251661
I,ATC,1.13497131595612
K,AAG,0.777825853419304
L,CTG,0.437976368673638
L,CTC,1.2634826304038371
L,TTG,0.744083736415704
N,AAC,1.50249336598714
P,CCG,1.9224039523303509
P,CCC,0.532763564246893
Q,CAG,1.37661469461918
R,AGG,1.268449667297301
R,CGG,1.024473108610513
R,CGC,1.94766751935482
S,TCG,1.703074522711838
S,TCC,0.868057933306694
T,ACG,1.720404840419685
T,ACC,0.909428134254615
V,GTG,0.233084286108862
V,GTC,1.02341190835237
Y,TAC,1.6129919123888
Z,AGC,1.64244326709906
