AA,Codon,Mean
A,GCG,0.5477440987030631
A,GCC,0.134089167056481
C,TGC,1.05557793628375
D,GAC,0.128059446739157
E,GAG,1.04844313613971
F,TTC,-0.37073689819177
G,GGG,0.04900393223762989
G,GGC,0.795494580054283
H,CAC,-0.140381972453495
I,ATC,-0.0440382463960598
K,AAG,0.344172915792465
L,CTG,0.8544428202960604
L,CTC,0.852963028364628
L,TTG,0.670607610054811
N,AAC,-0.470913335516055
P,CCG,1.020008025648196
P,CCC,1.24342537760735
Q,CAG,1.21119474005699
R,AGG,1.434218211879831
R,CGG,0.5554801911195097
R,CGC,1.05116962980032
S,TCG,0.8595318985780029
S,TCC,0.11279794626981
T,ACG,0.963471809168652
T,ACC,-0.0687381956997017
V,GTG,0.16086446796257992
V,GTC,0.0284470215545841
Y,TAC,-0.388375431525707
Z,AGC,0.267346306946874
