AA,Codon,Mean
A,GCG,1.7877755581577661
A,GCC,1.31681052301725
C,TGC,1.21581816394329
D,GAC,1.73678330446879
E,GAG,0.817488482757409
F,TTC,0.62698443748951
G,GGG,0.7598838772868121
G,GGC,1.57295109276772
H,CAC,1.92892646700541
I,ATC,0.780829401155313
K,AAG,0.836368531346321
L,CTG,0.34685171595812003
L,CTC,0.628551107843715
L,TTG,0.489611986098687
N,AAC,1.59755846370856
P,CCG,2.0755712337831658
P,CCC,1.1256766012907
Q,CAG,0.891761666858196
R,AGG,1.137769318298496
R,CGG,0.8769673602759163
R,CGC,1.43505729990006
S,TCG,1.9606217630426128
S,TCC,1.00697819542885
T,ACG,1.1409935054183011
T,ACC,1.33278634614944
V,GTG,-0.41325560767650593
V,GTC,1.23486153309345
Y,TAC,1.57278308542569
Z,AGC,1.54055795227687
