AA,Codon,Mean
A,GCG,0.10426138217449199
A,GCC,0.0522830595909307
C,TGC,0.337755864471197
D,GAC,-0.120892196264863
E,GAG,0.407373710425695
F,TTC,-0.376276542313894
G,GGG,-0.01970845991770409
G,GGC,0.232840307717522
H,CAC,-0.333977684448163
I,ATC,-0.154233746485909
K,AAG,-0.265701873840888
L,CTG,0.42760823395649616
L,CTC,0.36955461650888166
L,TTG,0.305032534684738
N,AAC,-0.391599960952997
P,CCG,0.621589637843768
P,CCC,0.62481610271136
Q,CAG,0.48367088765502
R,AGG,0.5359132740475858
R,CGG,0.2360290055115999
R,CGC,0.33935110564827897
S,TCG,0.33592963138222703
S,TCC,-0.0199575449908092
T,ACG,0.328665185117722
T,ACC,-0.067167817521592
V,GTG,0.14474363839030302
V,GTC,-0.0933222612808148
Y,TAC,-0.409133970636129
Z,AGC,-0.0610163986234353
