AA,Codon,Mean
A,GCG,1.7611691940963299
A,GCC,1.04802627763351
C,TGC,1.12732481579781
D,GAC,1.5653812210242
E,GAG,0.996084875400861
F,TTC,0.906831467270851
G,GGG,0.8843191786309079
G,GGC,1.61406330871582
H,CAC,1.64375576232274
I,ATC,1.12986982720693
K,AAG,0.98954116285642
L,CTG,0.5274750964244179
L,CTC,1.0738999478340112
L,TTG,0.634756510746479
N,AAC,1.48232946741581
P,CCG,1.51219047030409
P,CCC,1.03350261726777
Q,CAG,0.9909241543293
R,AGG,1.109328121099873
R,CGG,1.1657777311350404
R,CGC,1.71907002123197
S,TCG,1.22624669285814
S,TCC,1.00651852926811
T,ACG,1.42545947530667
T,ACC,1.02335843712886
V,GTG,0.657088580216219
V,GTC,1.23736135845979
Y,TAC,1.27728205250104
Z,AGC,1.34421426993211
