AA,Codon,Mean
A,GCG,2.012578003251556
A,GCC,1.30089041173458
C,TGC,1.77592147680124
D,GAC,1.88504616651535
E,GAG,1.46949498943488
F,TTC,0.656348867917061
G,GGG,0.6773085220813697
G,GGC,2.37463393739065
H,CAC,1.90945530068874
I,ATC,1.24071911346912
K,AAG,1.09539592395624
L,CTG,0.841392350018025
L,CTC,1.488445995954674
L,TTG,1.01423167921305
N,AAC,1.61918928920428
P,CCG,2.084981463317075
P,CCC,1.38701285684903
Q,CAG,1.55752989566326
R,AGG,1.718232651303209
R,CGG,1.2592199162403699
R,CGC,2.59618320924441
S,TCG,1.541794209486242
S,TCC,1.14781081167857
T,ACG,1.815809919842089
T,ACC,1.21714192063014
V,GTG,0.812286679506304
V,GTC,1.33710671404203
Y,TAC,1.32139516181946
Z,AGC,1.85086243947347
