AA,Codon,Mean
A,GCG,-1.40986361794273
A,GCC,-1.04547244894505
C,TGC,-0.970726523367564
D,GAC,-1.53246903328101
E,GAG,-1.40407168792884
F,TTC,-1.28680204900106
G,GGG,-1.0043379229168141
G,GGC,-1.46677441998323
H,CAC,-1.53815994726022
I,ATC,-1.4739571515878
K,AAG,-1.12421947929859
L,CTG,-1.5889824339409628
L,CTC,-1.866900168687108
L,TTG,-1.35896144053936
N,AAC,-1.5127728912433
P,CCG,-1.477185116851083
P,CCC,-1.3269922002395
Q,CAG,-1.16944613033136
R,AGG,-0.857072242383162
R,CGG,-1.3189114940864344
R,CGC,-1.63628347883224
S,TCG,-1.65247546340426
S,TCC,-1.1371588609457
T,ACG,-1.269899402167398
T,ACC,-0.867650834345818
V,GTG,-1.393488420373201
V,GTC,-1.66177891650995
Y,TAC,-1.81019394139449
Z,AGC,-1.01288712948163
