AA,Codon,Mean
A,GCG,1.3345086233188699
A,GCC,0.709653863883019
C,TGC,1.27077599952221
D,GAC,1.23182604862849
E,GAG,0.892191587452094
F,TTC,0.498414927969376
G,GGG,0.42625436489184
G,GGC,1.80247163356145
H,CAC,1.133787342604
I,ATC,0.783220365595818
K,AAG,0.252917640813192
L,CTG,0.741362216336531
L,CTC,1.242004916528858
L,TTG,0.547477233312527
N,AAC,0.986170815197627
P,CCG,1.870225908629103
P,CCC,0.922719497704506
Q,CAG,0.956699306337039
R,AGG,1.0404470218857118
R,CGG,0.5256701861500699
R,CGC,1.69401983555953
S,TCG,1.1370548884687317
S,TCC,0.760791139543056
T,ACG,1.2436583942957669
T,ACC,0.672980468499661
V,GTG,0.4268244474848121
V,GTC,0.807463098061085
Y,TAC,0.87082264008522
Z,AGC,1.1247529394865
