AA,Codon,Mean
A,GCG,0.1729675651987399
A,GCC,0.125325429358085
C,TGC,0.226101120356719
D,GAC,-0.210330848236879
E,GAG,-0.188860122162104
F,TTC,-0.26667734755675
G,GGG,0.793080621405438
G,GGC,0.485196595939
H,CAC,-0.391408795420329
I,ATC,0.0241521902249505
K,AAG,-0.453639949105183
L,CTC,0.18208936213453603
L,TTG,-0.355521824248632
N,AAC,-0.380183610369762
P,CCG,0.9295037706752617
P,CCC,0.345575105261803
Q,CAG,0.268314342007041
R,AGG,0.80525820535024
R,CGG,-0.453381330056989
R,CGC,0.619454275055726
S,TCG,-0.19867484411994601
S,TCC,0.0857629061803222
T,ACG,0.01854400402307499
T,ACC,-0.013026864377071
V,GTG,-0.384154318211476
V,GTC,0.0121077250941593
Y,TAC,-0.415600248239438
Z,AGC,-0.0685409372949352
