AA,Codon,Mean
A,GCG,0.9323048503061435
A,GCC,-0.736156606690089
C,TGC,-0.119380238033086
D,GAC,-0.149617809396485
E,GAG,-0.270960243462523
F,TTC,-0.179749865187208
G,GGG,-0.09892772978544195
G,GGC,-1.04948323163986
H,CAC,-0.099778992168357
I,ATC,-0.476451460748911
K,AAG,-0.258588161060214
L,CTC,-0.378622350383302
L,TTG,-1.5231574461778
N,AAC,-0.29394898822705
P,CCG,-0.596242217258613
P,CCC,-0.628335799860954
Q,CAG,-0.839755097877979
R,AGG,0.013337526779372999
R,CGG,-0.918100822374224
R,CGC,-0.712939146304131
S,TCG,-0.896253620789448
S,TCC,-0.662029379944007
T,ACG,-0.49269250379800794
T,ACC,-0.723122561685244
V,GTG,-1.801259157780809
V,GTC,-0.282179132074118
Y,TAC,-0.468537365259727
Z,AGC,-0.161803504342834
