AA,Codon,Mean
A,GCG,1.337266294072072
A,GCC,-0.0383351452517556
C,TGC,-0.0792217764781167
D,GAC,0.246081279879808
E,GAG,0.227003506821394
F,TTC,0.118627022263408
G,GGG,0.200609335696698
G,GGC,-0.395772357104222
H,CAC,0.345661436398824
I,ATC,-0.0328106554599508
K,AAG,0.201170664782325
L,CTC,0.02023214796682199
L,TTG,-0.870498358416557
N,AAC,0.23699193829596
P,CCG,0.134427348371347
P,CCC,-0.0193021210940761
Q,CAG,-0.151784920518597
R,AGG,0.12330000291665405
R,CGG,-0.17437492250800102
R,CGC,-0.313529007335504
S,TCG,0.06180239504675099
S,TCC,0.0123868307433154
T,ACG,0.2914653346872573
T,ACC,0.0111433169782124
V,GTG,-1.113538247368734
V,GTC,0.182957172531883
Y,TAC,-0.0469264670961284
Z,AGC,0.0500995271515004
