AA,Codon,Mean
A,GCG,1.00559451031685
A,GCC,-0.0203477756269564
C,TGC,-0.157754702362887
D,GAC,-0.619507908014456
E,GAG,0.758756416412195
F,TTC,-0.53457495752573
G,GGG,-0.02097131894428994
G,GGC,0.281930811079343
H,CAC,-1.34721760837237
I,ATC,-0.608957606178522
K,AAG,-1.04638427576621
L,CTG,0.045446470549454
L,CTC,0.22550103495915697
L,TTG,-0.767993551429113
N,AAC,-1.49941608053843
P,CCG,1.7897527880628912
P,CCC,0.949552045857906
Q,CAG,0.144646997064771
R,AGG,1.39492531900269
R,CGG,0.612596695009866
R,CGC,-0.0477091839092978
S,TCG,0.10374605886141008
S,TCC,-0.340522025533517
T,ACG,0.9255618141730619
T,ACC,-0.646448347083728
V,GTG,-0.5900885662535801
V,GTC,-0.335713680631419
Y,TAC,-1.4710270316124
Z,AGC,-0.668972713319461
