AA,Codon,Mean
A,GCG,1.2263400972510172
A,GCC,1.48125166915258
C,TGC,1.85842107261022
D,GAC,2.63437367540995
E,GAG,0.701122657374541
F,TTC,1.56420956638654
G,GGG,0.968222555915401
G,GGC,1.64028369119167
H,CAC,3.31496912444433
I,ATC,2.09102270628611
K,AAG,2.1216232225736
L,CTG,1.1190561631376519
L,CTC,1.645209677282966
L,TTG,2.07124796073437
N,AAC,3.25967785541217
P,CCG,0.913371193235119
P,CCC,0.978932513026396
Q,CAG,1.76496662100156
R,AGG,0.31321224414221904
R,CGG,1.009086208842196
R,CGC,2.31917323287328
S,TCG,2.053037738935148
S,TCC,1.84394541569551
T,ACG,1.1631811254839102
T,ACC,2.1896320644935
V,GTG,1.797531844468909
V,GTC,1.8698831583182
Y,TAC,3.1120086646239
Z,AGC,2.3039777210633
