AA,Codon,Mean
A,GCG,1.3961234593073497
A,GCC,0.306267832580209
C,TGC,0.838035275709629
D,GAC,-0.535954637330771
E,GAG,1.67098592137496
F,TTC,-1.35521474757195
G,GGG,0.017333335558570084
G,GGC,1.32112597595851
H,CAC,-1.45882287410895
I,ATC,-0.985652184243997
K,AAG,-1.32718187998136
L,CTG,0.476862342642744
L,CTC,0.922169554742179
L,TTG,-0.343368285422524
N,AAC,-1.92001456936995
P,CCG,2.7894465182224937
P,CCC,1.73472152229945
Q,CAG,1.2625442956686
R,AGG,2.58087844646374
R,CGG,0.28298179368972987
R,CGC,1.29426821901004
S,TCG,0.6134213270028399
S,TCC,-0.224955086901054
T,ACG,1.58533075196743
T,ACC,-0.579931936184565
V,GTG,-0.1147012016773199
V,GTC,-0.577174745174249
Y,TAC,-2.01468330427011
Z,AGC,-0.326219612546886
