AA,Codon,Mean
A,GCG,1.196271249989669
A,GCC,0.31431946379741
C,TGC,-0.284457879800598
D,GAC,0.0651780907787383
E,GAG,0.165581753347814
F,TTC,-0.354605873024464
G,GGG,0.5894303336210651
G,GGC,-0.261128375727932
H,CAC,0.246803766535719
I,ATC,-0.20408075201412
K,AAG,-0.0376920696103212
L,CTC,-0.04573402106364499
L,TTG,-0.904673924036821
N,AAC,-0.0352864858576645
P,CCG,0.29447037801096854
P,CCC,0.293077146649361
Q,CAG,0.144262566188971
R,AGG,0.246345091017584
R,CGG,0.3912808203395043
R,CGC,-0.0988049495081107
S,TCG,0.18241341307496753
S,TCC,0.186595407859484
T,ACG,0.4251909250262426
T,ACC,0.168582852579157
V,GTG,-0.862569085542361
V,GTC,0.26823523268799
Y,TAC,-0.283506099814177
Z,AGC,-0.213913817520936
