AA,Codon,Mean
A,GCG,-0.181235240383943
A,GCC,-0.104292015521725
C,TGC,0.227299000398318
D,GAC,-0.519487530169884
E,GAG,-0.629979853773117
F,TTC,-0.472190689859788
G,GGG,0.9457345127344089
G,GGC,0.488734542973836
H,CAC,-0.954871709120274
I,ATC,-0.166408263679345
K,AAG,-0.857481579581896
L,CTC,0.07814942639271405
L,TTG,-1.08450799835523
N,AAC,-0.976205394287904
P,CCG,0.715622879212101
P,CCC,0.0876837924815714
Q,CAG,-0.688507984467348
R,AGG,1.3238389171352
R,CGG,-1.22706237411499
R,CGC,0.453735059817632
S,TCG,-0.8463202486862779
S,TCC,-0.0634209507040679
T,ACG,-0.38162705621918
T,ACC,-0.238887695380052
V,GTG,-0.692711365439495
V,GTC,-0.128775686861575
Y,TAC,-0.928935443818569
Z,AGC,-0.0721594456016086
