AA,Codon,Mean
A,GCG,1.267957615274194
A,GCC,1.26907962869803
C,TGC,1.62228796607653
D,GAC,1.33220601475239
E,GAG,1.28057188689709
F,TTC,-0.092542387996614
G,GGG,0.8200397850831402
G,GGC,1.88845162092845
H,CAC,1.00425277202527
I,ATC,0.678036527649562
K,AAG,0.466668374141057
L,CTG,0.41612351642846995
L,CTC,0.9932804243822899
L,TTG,1.26880396752357
N,AAC,0.952854286078612
P,CCG,1.69863700761149
P,CCC,1.64153523855209
Q,CAG,1.83389879233837
R,AGG,1.223757949711879
R,CGG,0.61419882505735
R,CGC,2.01168318382104
S,TCG,1.327498577320577
S,TCC,0.919141632099946
T,ACG,1.4292217494765949
T,ACC,0.915679596197605
V,GTG,1.1901641257484732
V,GTC,0.55586760178407
Y,TAC,0.860499099055926
Z,AGC,1.42871736566226
