AA,Codon,Mean
A,GCG,1.362368918100993
A,GCC,0.437675834264358
C,TGC,0.634725880841414
D,GAC,0.985940845008691
E,GAG,0.41043332370321
F,TTC,0.395522734344006
G,GGG,0.747322725374003
G,GGC,0.942429970653852
H,CAC,1.11704801201423
I,ATC,0.396616103408734
K,AAG,0.675272941565514
L,CTG,0.676114799513422
L,CTC,0.28436082802614004
L,TTG,-0.393619339895248
N,AAC,0.740596932884057
P,CCG,0.856961865256245
P,CCC,0.50255430200696
Q,CAG,0.15335630468439
R,AGG,0.648601425537467
R,CGG,1.031799908353885
R,CGC,1.34114948376815
S,TCG,0.9243603164953489
S,TCC,0.326310305590431
T,ACG,0.887236386786401
T,ACC,0.601962774318457
V,GTG,-0.0537941746661464
V,GTC,1.07817073725859
Y,TAC,0.703172963492076
Z,AGC,0.814271514236927
