AA,Codon,Mean
A,GCG,1.840535999512134
A,GCC,0.977507049886386
C,TGC,1.40108825825055
D,GAC,1.30564077248573
E,GAG,0.698553984888395
F,TTC,0.106169538188974
G,GGG,0.8056434677938571
G,GGC,1.97064251280626
H,CAC,1.33420930344264
I,ATC,0.572681585037708
K,AAG,0.682873838047186
L,CTG,0.10217165566285002
L,CTC,0.7208108015577039
L,TTG,-0.0162290655668784
N,AAC,0.540679271092018
P,CCG,2.165294758611914
P,CCC,1.73966360462507
Q,CAG,0.806915548412005
R,AGG,1.981175146287677
R,CGG,0.3100606063604401
R,CGC,1.72354250154495
S,TCG,1.575808883851765
S,TCC,1.03995617070198
T,ACG,1.37059427424769
T,ACC,1.1256737876176801
V,GTG,-1.039461354649069
V,GTC,1.07159802486897
Y,TAC,0.625752887694041
Z,AGC,1.41229082561334
