AA,Codon,Mean
A,GCG,0.665861580304301
A,GCC,0.067985889591525
C,TGC,0.813409516557058
D,GAC,-0.0785852855563164
E,GAG,0.677803662677606
F,TTC,-0.282893278220296
G,GGG,0.6136687972784001
G,GGC,0.610738490283489
H,CAC,-0.262565363617738
I,ATC,-0.0643656210231284
K,AAG,0.164662037324905
L,CTG,0.759841587630906
L,CTC,0.522165047758818
L,TTG,0.054098288859427
N,AAC,-0.29619240347147
P,CCG,1.200378488864501
P,CCC,1.43135215118726
Q,CAG,0.834146260106564
R,AGG,1.209608100887827
R,CGG,0.24124188807805003
R,CGC,0.986931312553088
S,TCG,0.8433374830325431
S,TCC,0.023730124077928
T,ACG,0.664797307682042
T,ACC,-0.102556496076783
V,GTG,-0.040015613901611125
V,GTC,-0.0666505587490896
Y,TAC,-0.34438485216101
Z,AGC,0.150634961344798
