AA,Codon,Mean
A,GCG,1.3756174464523792
A,GCC,0.87542781090339
C,TGC,0.61606723601222
D,GAC,1.33085817639828
E,GAG,0.298698564449946
F,TTC,0.418968405695756
G,GGG,0.473093159822127
G,GGC,1.12207848849297
H,CAC,1.50086553353469
I,ATC,0.591802507535617
K,AAG,0.533383757410447
L,CTG,-0.40561775082151097
L,CTC,0.39557865534623404
L,TTG,-0.117946005863945
N,AAC,0.860296976498763
P,CCG,1.295029362966123
P,CCC,0.578666538971663
Q,CAG,0.251113537182411
R,AGG,0.780714761229354
R,CGG,0.524940957737714
R,CGC,0.830192789971828
S,TCG,1.069314840569099
S,TCC,0.859306003197034
T,ACG,0.77983967615664
T,ACC,1.02952373511791
V,GTG,-0.673863899042457
V,GTC,1.0914693530639
Y,TAC,0.960417869548003
Z,AGC,1.02770578630368
