AA,Codon,Mean
A,GCG,0.382137516431012
A,GCC,0.394216424312194
C,TGC,0.92627422426939
D,GAC,0.172761549055576
E,GAG,0.721113649471601
F,TTC,-0.251214366047581
G,GGG,0.4011390202005719
G,GGC,1.00429053108692
H,CAC,-0.102222012250125
I,ATC,0.191042938847343
K,AAG,-0.15354928034246
L,CTC,0.6459293118079501
L,TTG,0.366866064268351
N,AAC,-0.106280138673882
P,CCG,1.462828437291578
P,CCC,1.13708214668433
Q,CAG,0.946179929041862
R,AGG,0.8680417237798703
R,CGG,0.14784949461618968
R,CGC,1.58896352282365
S,TCG,0.377556180514892
S,TCC,0.267491228465239
T,ACG,0.506440639376639
T,ACC,0.17610080499053
V,GTG,0.18983030177751803
V,GTC,0.147495355166495
Y,TAC,-0.122259225261211
Z,AGC,0.476614790298541
