AA,Codon,Mean
A,GCG,1.1525878104185059
A,GCC,0.45519486908714
C,TGC,0.0113866166661598
D,GAC,0.859943842860063
E,GAG,0.434531298945347
F,TTC,0.682810014013449
G,GGG,0.4662985954962333
G,GGC,0.2028651481842
H,CAC,1.08483883488178
I,ATC,0.750339000550906
K,AAG,0.385145915194352
L,CTC,0.502178556319075
L,TTG,-0.130796106062829
N,AAC,0.934407587897778
P,CCG,0.252814095820812
P,CCC,0.169311380253732
Q,CAG,0.174884588097533
R,AGG,0.32835944388708005
R,CGG,0.381251218879226
R,CGC,0.0521461788914591
S,TCG,0.34047791792549587
S,TCC,0.473678492407004
T,ACG,0.46049779636639265
T,ACC,0.495712456883987
V,GTG,0.133052034165308
V,GTC,0.91791400372982
Y,TAC,0.747783475538095
Z,AGC,0.289839251324534
