AA,Codon,Mean
A,GCG,0.5042669790446711
A,GCC,-0.475384748591979
C,TGC,-0.492584833705425
D,GAC,-0.0266899963658341
E,GAG,-0.231447487110893
F,TTC,0.175725179116428
G,GGG,-0.07754580217599905
G,GGC,-0.560586759638786
H,CAC,0.188416065438092
I,ATC,-0.0753751210795327
K,AAG,-0.24737836860915
L,CTC,-0.40792711746295496
L,TTG,-0.967198894369602
N,AAC,0.0187928448746
P,CCG,-0.500554276371995
P,CCC,-0.740620396896203
Q,CAG,-0.638596459388733
R,AGG,0.2743579954505
R,CGG,-0.6280796505967801
R,CGC,-0.903407436943054
S,TCG,-0.742089064723256
S,TCC,-0.312338240971168
T,ACG,-0.356490091520548
T,ACC,-0.431816354119778
V,GTG,-0.8384130806162312
V,GTC,0.201571274900436
Y,TAC,-0.138194602416952
Z,AGC,-0.368888722070058
