AA,Codon,Mean
A,GCG,1.487505075991942
A,GCC,1.25610274538994
C,TGC,0.915593122549852
D,GAC,1.57299724917412
E,GAG,0.716958190015952
F,TTC,0.842232231752078
G,GGG,0.8136821354104794
G,GGC,1.3667157693545
H,CAC,1.68369836199284
I,ATC,1.01633111189604
K,AAG,0.654548251517614
L,CTG,0.531360274151961
L,CTC,0.9159586333533111
L,TTG,0.613909682114919
N,AAC,1.37254385972023
P,CCG,1.2976234489628447
P,CCC,1.11701882775625
Q,CAG,0.787465685407321
R,AGG,0.7310169070164321
R,CGG,1.232707780840993
R,CGC,1.47045887935162
S,TCG,1.287940817007421
S,TCC,1.10904158288638
T,ACG,1.2219686535545269
T,ACC,1.31065818478266
V,GTG,0.643095608215283
V,GTC,1.01141803891659
Y,TAC,1.24232672829628
Z,AGC,1.11935295507908
