AA,Codon,Mean
A,GCG,0.47773729960521194
A,GCC,0.0419988379788895
C,TGC,0.708601383137703
D,GAC,-0.0798811207907895
E,GAG,0.699911243398984
F,TTC,-0.430397638467948
G,GGG,-0.015060834205150142
G,GGC,0.624975776851177
H,CAC,-0.212468898826838
I,ATC,-0.096893129041791
K,AAG,-0.178831819043557
L,CTG,0.795671653215091
L,CTC,0.353030329541862
L,TTG,0.527763589050372
N,AAC,-0.272205701680978
P,CCG,1.187240319172541
P,CCC,0.671652165599664
Q,CAG,0.789762665025393
R,AGG,1.102358468890792
R,CGG,-0.17768895352681024
R,CGC,0.785473870813847
S,TCG,0.5923675790806611
S,TCC,-0.00694606312056021
T,ACG,0.6457462553342139
T,ACC,-0.05177997672533
V,GTG,0.41667223965724304
V,GTC,-0.0614009908805291
Y,TAC,-0.328677661252022
Z,AGC,0.178937128608425
