AA,Codon,Mean
A,GCG,0.69493736834228
A,GCC,0.155674438159664
C,TGC,0.0123408361330873
D,GAC,0.147107157187661
E,GAG,0.259666921226184
F,TTC,0.587102492320538
G,GGG,0.375226558607196
G,GGC,-0.125775155736009
H,CAC,0.602393106500308
I,ATC,0.714081345685323
K,AAG,-0.190929933567842
L,CTG,-0.202577770466606
L,CTC,0.21692259422143306
L,TTG,-0.390007376092672
N,AAC,0.321951681582133
P,CCG,0.6787211822127304
P,CCC,0.541433983528614
Q,CAG,0.0968965618801614
R,AGG,0.143406030823787
R,CGG,0.36417576857606593
R,CGC,-0.273406302519639
S,TCG,0.3427025757737152
S,TCC,0.453179257867734
T,ACG,0.333374862224857
T,ACC,0.325291974933942
V,GTG,-0.27587062214895564
V,GTC,0.272378735589981
Y,TAC,0.259865952283144
Z,AGC,0.0615488703209596
