AA,Codon,Mean
A,GCG,0.06505495532751104
A,GCC,-0.0103866723521826
C,TGC,-0.196559181933602
D,GAC,-0.248775646650791
E,GAG,-0.585449510530631
F,TTC,-0.335601238435507
G,GGG,1.1069943656682961
G,GGC,0.25244826965034
H,CAC,-0.648431723499298
I,ATC,-0.0670537171989679
K,AAG,-1.13749194836617
L,CTG,-0.97134124327302
L,CTC,-0.09107376045982102
L,TTG,-1.1149790973107
N,AAC,-0.579748407713572
P,CCG,0.41994213411013603
P,CCC,-0.069372735302647
Q,CAG,-0.861926597885291
R,AGG,0.692593128589788
R,CGG,0.752001171542207
R,CGC,0.303511604376634
S,TCG,-0.57458709353904
S,TCC,-0.0460719287399203
T,ACG,0.06450606262286496
T,ACC,-0.104259005652368
V,GTG,-0.3520925326616804
V,GTC,-0.1065990621532
Y,TAC,-0.690931988910834
Z,AGC,-0.233576135646304
