AA,Codon,Mean
A,GCG,0.780648291715979
A,GCC,0.614989364079634
C,TGC,0.279327619121845
D,GAC,0.351333174270391
E,GAG,0.19740340209504
F,TTC,0.100706393918643
G,GGG,0.7029750090677778
G,GGC,0.481875845175982
H,CAC,0.418377131982644
I,ATC,0.318892196743687
K,AAG,0.0801794106614466
L,CTG,-0.295203640455008
L,CTC,0.43117042396863103
L,TTG,-0.556796046145757
N,AAC,0.207714497233431
P,CCG,1.276929375780624
P,CCC,0.442019269229968
Q,CAG,0.407435054894288
R,AGG,0.9211898833950309
R,CGG,0.655883877127866
R,CGC,0.883127363725503
S,TCG,0.8402177396280688
S,TCC,0.497869106376171
T,ACG,0.885077193740755
T,ACC,0.531001933238904
V,GTG,-0.41010607939477606
V,GTC,0.535211983829737
Y,TAC,0.0119055931613649
Z,AGC,0.374584985080361
