AA,Codon,Mean
A,GCG,1.829221540997427
A,GCC,0.907567633314927
C,TGC,2.08564682482084
D,GAC,1.36941268996398
E,GAG,1.56328005135059
F,TTC,0.570761713564396
G,GGG,0.9893263719240871
G,GGC,1.89138689401944
H,CAC,1.02747924472094
I,ATC,0.835689362374942
K,AAG,0.797752573875586
L,CTG,1.2012398125489598
L,CTC,1.28127555562059
L,TTG,1.56307831707001
N,AAC,1.03880198613803
P,CCG,1.661437289816142
P,CCC,1.78038239785035
Q,CAG,1.60331380336285
R,AGG,1.197648263169821
R,CGG,1.02507860936323
R,CGC,1.93087100931803
S,TCG,1.435512423773611
S,TCC,0.960828616551558
T,ACG,1.5117616885934382
T,ACC,0.806113901976744
V,GTG,1.5607330180287409
V,GTC,0.97608475001653
Y,TAC,1.03709922852516
Z,AGC,1.38155326114496
