AA,Codon,Mean
A,GCG,-1.775601725951827
A,GCC,-1.19417513935566
C,TGC,-0.737048635800679
D,GAC,-1.63748490610123
E,GAG,-1.46905435175896
F,TTC,-0.192280957761407
G,GGG,-1.3011663680474013
G,GGC,-2.1637565814813
H,CAC,-1.33008719432354
I,ATC,-0.812554348667463
K,AAG,-0.747786176252365
L,CTG,-2.203148351720971
L,CTC,-1.2007062711102934
L,TTG,-1.24592882271608
N,AAC,-1.41075403459072
P,CCG,-2.2884289604981713
P,CCC,-1.49968832143148
Q,CAG,-1.95979111833572
R,AGG,-1.2105040450876057
R,CGG,-1.4369923948742103
R,CGC,-1.19650209933122
S,TCG,-2.27784232592583
S,TCC,-0.697032558294137
T,ACG,-1.7517607617735849
T,ACC,-1.25660122761726
V,GTG,-1.484423812154925
V,GTC,-0.382506849523385
Y,TAC,-1.05855393195152
Z,AGC,-1.06986337351402
