AA,Codon,Mean
A,GCG,1.7294746410489061
A,GCC,0.928987120278676
C,TGC,0.695406737895807
D,GAC,0.911218098394076
E,GAG,0.816643252714475
F,TTC,-0.119505998040239
G,GGG,1.87546182937225
G,GGC,1.98505457906723
H,CAC,0.46819474734664
I,ATC,0.411451075041294
K,AAG,0.307743099652727
L,CTG,0.28325367112159006
L,CTC,0.7071895392696059
L,TTG,-0.962650665179888
N,AAC,0.203400402002533
P,CCG,2.321938046123586
P,CCC,1.87796764842669
Q,CAG,1.43382337369124
R,AGG,2.29469015166048
R,CGG,0.717928706696632
R,CGC,0.937332039217154
S,TCG,1.104800593636437
S,TCC,0.723212345075607
T,ACG,1.4255953763723412
T,ACC,0.75244539116621
V,GTG,-1.2763945877750729
V,GTC,0.630925945786635
Y,TAC,-0.00784516470040218
Z,AGC,0.50393642175595
