AA,Codon,Mean
A,GCG,0.1856482990700443
A,GCC,0.18114917267859
C,TGC,-0.0941009968690574
D,GAC,0.277543755558133
E,GAG,0.388334377610683
F,TTC,0.251091004576286
G,GGG,0.3984772546174622
G,GGC,-0.00519757058341641
H,CAC,0.47511354568402
I,ATC,0.388568027212222
K,AAG,0.472668218966325
L,CTG,-0.617253770798444
L,CTC,0.31412411995132705
L,TTG,-0.459370560820897
N,AAC,0.325155717468262
P,CCG,0.0032503974971709003
P,CCC,0.188888690086206
Q,CAG,0.256167337578535
R,AGG,0.394642907564839
R,CGG,0.484017188252106
R,CGC,-0.218358569612106
S,TCG,-0.0036651746957827103
S,TCC,0.380081015108029
T,ACG,0.005756055806825602
T,ACC,0.211158591342966
V,GTG,-0.4118335101018351
V,GTC,0.325367157238722
Y,TAC,0.0593061774361879
Z,AGC,-0.041776059068526
