AA,Codon,Mean
A,GCG,0.088447262130181
A,GCC,0.102172727323572
C,TGC,0.183346709714333
D,GAC,-0.0565564948978523
E,GAG,0.0439088716551662
F,TTC,-0.119941908816497
G,GGG,0.23936450371940898
G,GGC,0.369064837147792
H,CAC,-0.138024019458393
I,ATC,-0.00128670497497642
K,AAG,-0.215297812439005
L,CTG,0.377889334082603
L,CTC,0.17530637898643803
L,TTG,-0.262130691732963
N,AAC,-0.189419363794724
P,CCG,0.8028887409592664
P,CCC,0.305636121539275
Q,CAG,0.235591826829314
R,AGG,0.423349733568231
R,CGG,-0.266118543132151
R,CGC,0.538531742715836
S,TCG,0.012101128055652
S,TCC,0.055630795669804
T,ACG,0.10345310880541797
T,ACC,0.0248992042216703
V,GTG,-0.117794669101636
V,GTC,0.0392367206989477
Y,TAC,-0.152090454437832
Z,AGC,-0.00811366426055409
