AA,Codon,Mean
A,GCG,-0.568521173739434
A,GCC,-0.438185026313861
C,TGC,-0.433764807170629
D,GAC,-0.559499913859367
E,GAG,0.0489558022534145
F,TTC,-0.236480196247498
G,GGG,-0.0910627580618617
G,GGC,-0.587548441398144
H,CAC,-0.272454516505202
I,ATC,-0.2837283065329
K,AAG,0.216464584097266
L,CTG,-1.3947106373667721
L,CTC,-0.3763369037560808
L,TTG,-1.09717332346439
N,AAC,-0.456353364034494
P,CCG,-0.827464350996164
P,CCC,-0.510739912553628
Q,CAG,-0.314781434472402
R,AGG,0.44065784727163454
R,CGG,-0.4093432012374201
R,CGC,-0.750322778300444
S,TCG,-0.982499209703009
S,TCC,-0.116583207767953
T,ACG,-0.752171812563141
T,ACC,-0.398933969042699
V,GTG,-1.078543754706781
V,GTC,-0.309317501122753
Y,TAC,-0.711980094901721
Z,AGC,-0.475010073707501
