AA,Codon,Mean
A,GCG,2.198339070123434
A,GCC,0.93570758043925
C,TGC,1.55879228242238
D,GAC,1.76150727133751
E,GAG,1.05818030194839
F,TTC,0.378636352582773
G,GGG,0.8180704906861
G,GGC,2.22915872842471
H,CAC,1.96832780641715
I,ATC,0.621157100427151
K,AAG,0.122027748925487
L,CTG,0.5371462205489401
L,CTC,1.2616556480288472
L,TTG,0.171980389689406
N,AAC,1.01429440070788
P,CCG,3.028013316162431
P,CCC,1.73512606933912
Q,CAG,1.4565840725263
R,AGG,2.120352807332573
R,CGG,1.1162852513233799
R,CGC,2.1598136521101
S,TCG,2.18284832833807
S,TCC,0.983830239025752
T,ACG,2.035498901130757
T,ACC,1.19594141275883
V,GTG,-0.16786929378906978
V,GTC,0.942282577459017
Y,TAC,1.40271403350035
Z,AGC,1.52912300215562
