AA,Codon,Mean
A,GCG,0.48916237509250693
A,GCC,-0.0107658450872253
C,TGC,0.477593685326974
D,GAC,-0.0789085814384123
E,GAG,0.50738794793884
F,TTC,-0.224476694411039
G,GGG,0.023456681589285933
G,GGC,0.385129198445876
H,CAC,-0.256700057946642
I,ATC,-0.103475608268877
K,AAG,-0.171464523721735
L,CTG,0.3685254910459119
L,CTC,0.110005512264371
L,TTG,0.155076198581855
N,AAC,-0.376711992118756
P,CCG,0.9031159151981271
P,CCC,1.05824241040945
Q,CAG,0.653067265152931
R,AGG,1.342605631187554
R,CGG,0.19769223374526002
R,CGC,0.447128537344933
S,TCG,0.6181413535403709
S,TCC,-0.0099280305384055
T,ACG,0.7400404110968071
T,ACC,-0.141577444788317
V,GTG,0.047018373378117984
V,GTC,-0.0808845844248931
Y,TAC,-0.368806825369596
Z,AGC,-0.0370369619221387
