AA,Codon,Mean
A,GCG,1.529883276106165
A,GCC,0.875592335828145
C,TGC,0.628219842600822
D,GAC,1.31614514818192
E,GAG,0.426318885924419
F,TTC,0.417046329607566
G,GGG,0.8153317058573246
G,GGC,1.14588924261729
H,CAC,1.47448921853701
I,ATC,0.480347077886264
K,AAG,0.179176661713918
L,CTG,0.03049845883051494
L,CTC,0.7399813742200531
L,TTG,-0.18485768310825
N,AAC,0.896221973252296
P,CCG,2.017396419566866
P,CCC,0.762674291193485
Q,CAG,0.538990616802374
R,AGG,0.8709813824892099
R,CGG,0.935608443311851
R,CGC,0.899472033079465
S,TCG,1.54192299633821
S,TCC,0.793601707533995
T,ACG,1.337660659792025
T,ACC,0.923257440010707
V,GTG,-0.27386827258269
V,GTC,0.842547434612115
Y,TAC,1.11554477804502
Z,AGC,0.760138075522582
