AA,Codon,Mean
A,GCG,0.727886556724712
A,GCC,-0.0686714806944132
C,TGC,0.129649616724004
D,GAC,-0.186399787217379
E,GAG,0.134929281681776
F,TTC,-0.570115040421486
G,GGG,1.112539012519519
G,GGC,0.347869633835554
H,CAC,-0.498779068213701
I,ATC,-0.175601927864552
K,AAG,-0.502105317727725
L,CTG,-0.060731266599892975
L,CTC,-0.137049045882622
L,TTG,-0.477565787402789
N,AAC,-0.465177105166515
P,CCG,0.668097851530713
P,CCC,-0.238534188756347
Q,CAG,0.595895541107655
R,AGG,1.307345746314522
R,CGG,0.9388330369631501
R,CGC,0.486389248059193
S,TCG,0.22375143011411003
S,TCC,-0.140066696006556
T,ACG,0.7420287726402229
T,ACC,-0.230724552656213
V,GTG,0.2847302521268531
V,GTC,-0.245128690280517
Y,TAC,-0.61647405876716
Z,AGC,-0.124801401563485
