AA,Codon,Mean
A,GCG,1.003168020342788
A,GCC,1.36631446050803
C,TGC,0.522970320041974
D,GAC,1.01091221614679
E,GAG,0.924043018078804
F,TTC,1.23470483568509
G,GGG,0.802044152634283
G,GGC,0.639339355385304
H,CAC,1.13372183726629
I,ATC,1.13533489449819
K,AAG,1.06012061759631
L,CTG,0.20991310818791298
L,CTC,0.9461310091594859
L,TTG,0.264806960186362
N,AAC,0.99176054495573
P,CCG,1.023982347168525
P,CCC,1.51435196346442
Q,CAG,0.413758899019162
R,AGG,0.7552098102291449
R,CGG,0.551291268515589
R,CGC,0.505663268252214
S,TCG,1.161420314975579
S,TCC,1.44591999831994
T,ACG,0.8253105828225611
T,ACC,1.41698578068415
V,GTG,0.08915651175975797
V,GTC,1.23427021392186
Y,TAC,0.905158396621545
Z,AGC,0.791895488250256
