AA,Codon,Mean
A,GCG,1.547740931495027
A,GCC,0.997545137047768
C,TGC,1.04222205891609
D,GAC,1.40374116721948
E,GAG,1.16680503687064
F,TTC,1.04832085270087
G,GGG,0.8252507930119809
G,GGC,1.35646558405558
H,CAC,1.5293747922340999
I,ATC,1.32374421532154
K,AAG,1.031863124005
L,CTG,0.3820743943731
L,CTC,1.1307913490891441
L,TTG,0.470305418340365
N,AAC,1.28942852025827
P,CCG,1.485043944464126
P,CCC,0.51759715457956
Q,CAG,1.22081817412376
R,AGG,1.0674702301849939
R,CGG,1.2072473368902958
R,CGC,1.49039697080453
S,TCG,1.3312813851793601
S,TCC,1.01364570792913
T,ACG,1.2609605642800559
T,ACC,1.14845111705462
V,GTG,0.524603602525592
V,GTC,1.2599034807682
Y,TAC,1.26144049712022
Z,AGC,1.05736199316581
