AA,Codon,Mean
A,GCG,0.416025453901292
A,GCC,0.081888879494369
C,TGC,0.672639954614639
D,GAC,0.0120845570206241
E,GAG,0.660228207933903
F,TTC,-0.336918180062374
G,GGG,-0.5295239142656321
G,GGC,0.695250538738569
H,CAC,-0.175052862014373
I,ATC,-0.0439508992495636
K,AAG,-0.192566148934762
L,CTG,0.916466664553679
L,CTC,1.111656129407883
L,TTG,0.636792109060287
N,AAC,-0.237568230093519
P,CCG,1.135514997875691
P,CCC,0.747817466425896
Q,CAG,0.936649626441797
R,AGG,1.073217601819986
R,CGG,0.5410665758609801
R,CGC,0.977803767947356
S,TCG,0.70136339239279
S,TCC,0.0429810779352983
T,ACG,0.733847866670295
T,ACC,-0.0142381008342645
V,GTG,0.004941690123081988
V,GTC,-0.0106726832042026
Y,TAC,-0.280901879407962
Z,AGC,0.23381132325232
