AA,Codon,Mean
A,GCG,1.2418151641855641
A,GCC,0.8474362900575
C,TGC,0.352300315543016
D,GAC,0.919204543670018
E,GAG,-0.0918595443551739
F,TTC,0.0554562665352287
G,GGG,0.48803955425172996
G,GGC,0.803592308135827
H,CAC,0.95144157400926
I,ATC,0.133154675047596
K,AAG,-0.0458889741082521
L,CTG,-0.365221285595496
L,CTC,0.237458543032407
L,TTG,-0.65556090435187
N,AAC,0.517442530872424
P,CCG,1.187041224851215
P,CCC,0.490660595810413
Q,CAG,-0.0418708109266268
R,AGG,0.60537421996593
R,CGG,0.598283396623116
R,CGC,0.745838016013304
S,TCG,1.058002863750855
S,TCC,0.415536173822482
T,ACG,0.959533810464541
T,ACC,0.599259149567286
V,GTG,-0.450302246112625
V,GTC,0.67663857139349
Y,TAC,0.692855440207322
Z,AGC,0.466888787035147
