AA,Codon,Mean
A,GCG,0.5781017736474721
A,GCC,0.193642630202572
C,TGC,1.27997679478327
D,GAC,0.396015956050158
E,GAG,0.87459898276329
F,TTC,-0.00941644228845722
G,GGG,0.1953288802583969
G,GGC,1.16339042656422
H,CAC,0.270514068925381
I,ATC,0.142999495521684
K,AAG,0.65193927056392
L,CTG,0.7358004341860661
L,CTC,0.7630010281542899
L,TTG,0.409915288426479
N,AAC,-0.0315436456360321
P,CCG,1.280310111018022
P,CCC,1.37679890047709
Q,CAG,1.16186160907745
R,AGG,1.395919965724146
R,CGG,0.5605894203980801
R,CGC,1.29895630163352
S,TCG,0.817129380823173
S,TCC,0.267132485344013
T,ACG,0.6736956320444739
T,ACC,0.0769373457632959
V,GTG,0.07905200464725004
V,GTC,0.145400366658469
Y,TAC,-0.0559271005274107
Z,AGC,0.802056697110335
