AA,Codon,Mean
A,GCG,1.34610013439258
A,GCC,0.103825167434663
C,TGC,0.207514770367742
D,GAC,0.837939956204096
E,GAG,0.632812770919005
F,TTC,0.698109514311949
G,GGG,0.585682763029883
G,GGC,-0.131107978467643
H,CAC,0.75489353171587
I,ATC,0.606506883649031
K,AAG,0.698637561396758
L,CTC,0.709433713754018
L,TTG,-0.241692671545347
N,AAC,0.894190849936009
P,CCG,0.2388806743642311
P,CCC,0.226405272145073
Q,CAG,0.223778558171789
R,AGG,0.3451176487156754
R,CGG,0.36880419665972397
R,CGC,-0.0524785260820971
S,TCG,0.526845613996188
S,TCC,0.295044799224536
T,ACG,0.471771554455161
T,ACC,0.264234622813265
V,GTG,-0.9240027184466519
V,GTC,0.641704677693049
Y,TAC,0.401645372708638
Z,AGC,0.152538827412327
