AA,Codon,Mean
A,GCG,-0.02778129900693893
A,GCC,0.0395942459255457
C,TGC,0.119445476421465
D,GAC,-0.448706526621183
E,GAG,-0.486413199871779
F,TTC,-0.424884009093046
G,GGG,0.649576829230782
G,GGC,0.373750189063946
H,CAC,-0.618963975294431
I,ATC,-0.225492733184497
K,AAG,-0.664261952988307
L,CTC,-0.18488257416089393
L,TTG,-0.61959112278223
N,AAC,-0.671023865612348
P,CCG,0.8272984921347905
P,CCC,0.22016985355715
Q,CAG,0.0323123304318103
R,AGG,0.8750180065850419
R,CGG,-0.6900990406235029
R,CGC,0.373117522160212
S,TCG,-0.379181331568956
S,TCC,-0.00809754336294761
T,ACG,-0.05608049882849098
T,ACC,-0.121629319146276
V,GTG,-0.40498432818154495
V,GTC,-0.137638976031542
Y,TAC,-0.609378264168898
Z,AGC,-0.245011920075615
