AA,Codon,Mean
A,GCG,0.9558305265590538
A,GCC,0.805780956280231
C,TGC,0.360120563813051
D,GAC,0.66791013841629
E,GAG,0.227540137874087
F,TTC,0.510874733430147
G,GGG,0.856354612251123
G,GGC,0.441563426979383
H,CAC,0.78504765278101
I,ATC,0.554083914486567
K,AAG,0.0688846679401894
L,CTG,-0.367887002128363
L,CTC,0.7701351594662982
L,TTG,-0.215677651585142
N,AAC,0.375973473886649
P,CCG,0.710541880434751
P,CCC,0.878679052627087
Q,CAG,0.157043819841743
R,AGG,0.842322003186738
R,CGG,0.72219941684405
R,CGC,0.345094056103627
S,TCG,0.667153947277367
S,TCC,0.750548109984398
T,ACG,0.851107947669923
T,ACC,0.641798217380047
V,GTG,-0.42773795420527505
V,GTC,0.897672084065278
Y,TAC,0.489598687762022
Z,AGC,0.258691754571597
