AA,Codon,Mean
A,GCG,0.12922107448081202
A,GCC,0.0136315820512151
C,TGC,0.146112769296269
D,GAC,-0.0477575338539978
E,GAG,-0.047374366572996
F,TTC,-0.15555328788658
G,GGG,0.327597940006852
G,GGC,0.298929175829887
H,CAC,-0.2079987560004
I,ATC,-0.0190110055364591
K,AAG,-0.169600484674176
L,CTG,0.17255920532693397
L,CTC,0.04520526002570979
L,TTG,-0.139214427562058
N,AAC,-0.169326331017415
P,CCG,0.3956311220742767
P,CCC,0.407431126038233
Q,CAG,0.0103984770222053
R,AGG,0.641562393470605
R,CGG,-0.35299413162867294
R,CGC,0.411722200838725
S,TCG,0.021604801909129
S,TCC,0.00647637469213028
T,ACG,0.180327798734109
T,ACC,-0.0476920973725617
V,GTG,-0.06386661665539001
V,GTC,0.00384061287105124
Y,TAC,-0.183821563085914
Z,AGC,-0.00178761197993434
