AA,Codon,Mean
A,GCG,-0.32685618134836303
A,GCC,-0.156318370331824
C,TGC,-0.251521603060762
D,GAC,-0.592266803848743
E,GAG,-0.405669756346941
F,TTC,-0.233060942656795
G,GGG,0.02179722764491998
G,GGC,0.14065349239856
H,CAC,-0.889190322943529
I,ATC,-0.349093461686373
K,AAG,-0.368389739884933
L,CTG,-0.6181147606290875
L,CTC,-0.45659518714050396
L,TTG,-0.93370062353611
N,AAC,-0.766299723569552
P,CCG,0.11705008281419702
P,CCC,-0.0963079369924962
Q,CAG,-0.22831933431824
R,AGG,0.3248374763729541
R,CGG,-0.575258522031705
R,CGC,0.119048713751137
S,TCG,-0.5859838363504136
S,TCC,-0.179520984275142
T,ACG,-0.20416349080042592
T,ACC,-0.335660514821609
V,GTG,-0.45544883625939686
V,GTC,-0.143736710332831
Y,TAC,-0.776345177431901
Z,AGC,-0.444091832429171
