AA,Codon,Mean
A,GCG,0.451466146836181
A,GCC,0.481152327952782
C,TGC,0.256137429831425
D,GAC,0.729876654771964
E,GAG,0.341387351087729
F,TTC,0.39249247579972
G,GGG,0.3460697217872984
G,GGC,0.25422613957723
H,CAC,0.727926650138696
I,ATC,0.31813781846563
K,AAG,0.511680017896493
L,CTG,-0.33554219157496995
L,CTC,0.3293751931607726
L,TTG,-0.16852139373223
N,AAC,0.48914793369174
P,CCG,0.206882202674449
P,CCC,0.545463585476081
Q,CAG,0.106440324160208
R,AGG,0.1956413222670561
R,CGG,0.3847529175668352
R,CGC,0.0714369011585465
S,TCG,0.417359872284532
S,TCC,0.551013483391205
T,ACG,0.39491973036974704
T,ACC,0.428274053986867
V,GTG,-0.33219414880225995
V,GTC,0.582116127200921
Y,TAC,0.452488055686156
Z,AGC,0.308897232798735
