AA,Codon,Mean
A,GCG,0.14680631603598604
A,GCC,-0.0660606590785086
C,TGC,0.0112084317422642
D,GAC,-0.0994332665383816
E,GAG,-0.272236368815104
F,TTC,-0.212691341164708
G,GGG,0.42079870435098804
G,GGC,0.215594610684117
H,CAC,-0.204298161245386
I,ATC,-0.0810176680269341
K,AAG,-0.488709407025576
L,CTG,-0.24902119691173202
L,CTC,-0.0769030201885228
L,TTG,-0.402837507752577
N,AAC,-0.216774856799841
P,CCG,0.24964756810863903
P,CCC,-0.0533830329485238
Q,CAG,-0.246976815139254
R,AGG,0.4505421363824317
R,CGG,0.578398862250646
R,CGC,0.391662802747885
S,TCG,0.06468617419401801
S,TCC,-0.0512239764648179
T,ACG,0.153729305736224
T,ACC,-0.0780049714888136
V,GTG,-0.17108689052860004
V,GTC,-0.0601887922041118
Y,TAC,-0.262296219159166
Z,AGC,-0.0146667519673836
