AA,Codon,Mean
A,GCG,0.8876186385287338
A,GCC,0.818085579534372
C,TGC,0.00436183190371884
D,GAC,0.368144753990571
E,GAG,0.215402829406659
F,TTC,0.440880775932471
G,GGG,0.345005028928816
G,GGC,0.0887522487923503
H,CAC,0.552563076110681
I,ATC,0.601047545254231
K,AAG,0.347301010004679
L,CTG,-0.35908325509503514
L,CTC,0.600802979751428
L,TTG,-0.376262720499436
N,AAC,0.156137042570611
P,CCG,0.5226063397755221
P,CCC,0.58193589956363
Q,CAG,0.0992566721811891
R,AGG,0.47548684854507395
R,CGG,0.06507654373447103
R,CGC,-0.0117686630081318
S,TCG,0.6473033709540966
S,TCC,0.785295024915536
T,ACG,0.6559601294914884
T,ACC,0.522635645820697
V,GTG,-0.304105628265672
V,GTC,0.67940335799853
Y,TAC,0.176911861257752
Z,AGC,-0.021233617991309
