AA,Codon,Mean
A,GCG,0.967533560955524
A,GCC,0.516992840564251
C,TGC,0.537141957948605
D,GAC,0.888215357486407
E,GAG,0.176235896595319
F,TTC,-0.148120982507865
G,GGG,0.451650609648516
G,GGC,0.72165232257843
H,CAC,0.945032263191541
I,ATC,-0.250112681769331
K,AAG,-0.215864414852858
L,CTG,-0.170339948366086
L,CTC,0.146120878648758
L,TTG,-0.522586170150836
N,AAC,0.335995699505011
P,CCG,0.992479999268055
P,CCC,0.692134394856294
Q,CAG,-0.126789301730692
R,AGG,0.41569549474715684
R,CGG,0.19443281948765198
R,CGC,0.678433249870936
S,TCG,0.8288071318209169
S,TCC,0.503161644158761
T,ACG,0.721508367580176
T,ACC,0.513528149348497
V,GTG,-0.671983656398456
V,GTC,0.308097188427051
Y,TAC,0.623290449913343
Z,AGC,0.479176101537546
