AA,Codon,Mean
A,GCG,0.032225956535339995
A,GCC,0.0235514296650498
C,TGC,0.410797180461884
D,GAC,-0.181688608792424
E,GAG,-0.241612608487407
F,TTC,-0.261680586055915
G,GGG,1.5398750305006814e-4
G,GGC,0.411127286545436
H,CAC,-0.442895121848583
I,ATC,-0.0782957934476435
K,AAG,-0.393476807385683
L,CTG,-0.3608331018050531
L,CTC,-0.03732684225340699
L,TTG,-0.60985030452013
N,AAC,-0.55170143010815
P,CCG,0.6468457695056999
P,CCC,0.755491818654537
Q,CAG,0.338025326059262
R,AGG,1.0791493928189038
R,CGG,0.31731347315311
R,CGC,0.494668878092368
S,TCG,-0.01744472817977294
S,TCC,-0.0505718565497547
T,ACG,0.12790017687877098
T,ACC,-0.119929898265501
V,GTG,-0.5130599154154459
V,GTC,-0.0422996612975995
Y,TAC,-0.499999848333995
Z,AGC,-0.00997742509372773
