AA,Codon,Mean
A,GCG,-1.154888133723556
A,GCC,-0.802621083664894
C,TGC,-0.541657972387473
D,GAC,-0.995069724516074
E,GAG,-0.919482704265912
F,TTC,-0.254239928907156
G,GGG,-0.592004629913962
G,GGC,-1.23559784172376
H,CAC,-0.776022477694353
I,ATC,-0.64104678692023
K,AAG,-0.673176795244217
L,CTG,-1.3346033498078629
L,CTC,-0.7065649436326874
L,TTG,-0.840674829419454
N,AAC,-0.837007075293859
P,CCG,-1.239519360402227
P,CCC,-0.727369168821971
Q,CAG,-1.13384982144038
R,AGG,-0.529980330001314
R,CGG,-0.9035696563218499
R,CGC,-0.760488734805584
S,TCG,-1.351379720588525
S,TCC,-0.549515520962079
T,ACG,-0.966702475120127
T,ACC,-0.819320650295417
V,GTG,-1.014670886350671
V,GTC,-0.517102753653129
Y,TAC,-0.682823839616776
Z,AGC,-0.75376882237990706
