AA,Codon,Mean
A,GCG,1.4191043195883388
A,GCC,0.704252267237504
C,TGC,0.570120583913724
D,GAC,0.54731164710323
E,GAG,0.358055394180616
F,TTC,-0.124314275730153
G,GGG,1.379979232818879
G,GGC,1.16652925054232
H,CAC,0.242070260872444
I,ATC,0.258812810157736
K,AAG,0.278534400510788
L,CTG,-0.25254194149176
L,CTC,0.40516843852997086
L,TTG,-1.20418676246007
N,AAC,0.0867774312927659
P,CCG,1.5052057865917692
P,CCC,1.01008060881297
Q,CAG,0.749862143146992
R,AGG,1.6058205977035902
R,CGG,0.6309603899876279
R,CGC,0.707984582519531
S,TCG,0.570388046049078
S,TCC,0.644978811689218
T,ACG,0.854611978411675
T,ACC,0.601941332650185
V,GTG,-1.382775427345435
V,GTC,0.557723641739289
Y,TAC,-0.212888913139701
Z,AGC,0.281685969058673
