AA,Codon,Mean
A,GCG,1.124554991656542
A,GCC,-0.0442487318117792
C,TGC,-0.373891029562553
D,GAC,0.242431785568595
E,GAG,0.168564702280362
F,TTC,0.107938276614249
G,GGG,0.24366671135649098
G,GGC,-0.478920627514521
H,CAC,0.338756517970562
I,ATC,0.0563030162711317
K,AAG,0.174622297987342
L,CTC,0.100696017183115
L,TTG,-0.753083512846629
N,AAC,0.310091578262051
P,CCG,0.22377354196237817
P,CCC,0.0197360019406648
Q,CAG,0.137291709513466
R,AGG,0.15913784579435997
R,CGG,0.23936311183770398
R,CGC,-0.373342389655113
S,TCG,0.32742125886778023
S,TCC,0.0620745009900381
T,ACG,0.45670204041302204
T,ACC,0.0120656055987991
V,GTG,-0.9597652734875679
V,GTC,0.166795434100926
Y,TAC,-0.0650220920553654
Z,AGC,-0.224680471425255
