AA,Codon,Mean
A,GCG,-0.22173606601158796
A,GCC,-0.0644777406198283
C,TGC,0.10771993718346
D,GAC,-0.330876138194402
E,GAG,-0.306124455984433
F,TTC,-0.287794146494071
G,GGG,0.330550725787878
G,GGC,0.236665829825401
H,CAC,-0.520608046936989
I,ATC,-0.117423982494573
K,AAG,-0.510562136149406
L,CTC,-0.13730967818498607
L,TTG,-0.571121339046955
N,AAC,-0.516021921404203
P,CCG,0.3934089965264001
P,CCC,-0.012780000577368
Q,CAG,-0.076924165999641
R,AGG,0.513542436425388
R,CGG,-0.595061541022857
R,CGC,0.15382916375498
S,TCG,-0.5079908066601182
S,TCC,-0.0935222459584475
T,ACG,-0.289992000891269
T,ACC,-0.196616869196296
V,GTG,-0.5824743656251737
V,GTC,-0.0891868772367636
Y,TAC,-0.495165662568808
Z,AGC,-0.16086737066557
