AA,Codon,Mean
A,GCG,0.4339764088471779
A,GCC,-0.981885950946808
C,TGC,-0.932617513775825
D,GAC,-0.537224949024121
E,GAG,-0.461175309922298
F,TTC,-0.226541036354502
G,GGG,-0.42436155451536006
G,GGC,-1.64369119413694
H,CAC,-0.337209589737654
I,ATC,-0.590703860342503
K,AAG,-0.448916305985053
L,CTC,-0.478977616682152
L,TTG,-1.79927140467962
N,AAC,-0.40823324187398
P,CCG,-0.837905716495216
P,CCC,-0.730695060646534
Q,CAG,-0.66777963509957
R,AGG,-0.46180261662850797
R,CGG,-0.4832121321678171
R,CGC,-1.35868279195627
S,TCG,-0.7877698269573636
S,TCC,-0.718381837296486
T,ACG,-0.566496542927622
T,ACC,-0.90960629910628
V,GTG,-2.071465891522165
V,GTC,-0.418699490783612
Y,TAC,-0.675677117141088
Z,AGC,-0.898024143906434
