AA,Codon,Mean
A,GCG,0.7048722659892397
A,GCC,0.639083345528444
C,TGC,0.274156298473477
D,GAC,0.59408753575484
E,GAG,0.544698583233357
F,TTC,0.913011820733547
G,GGG,0.740623460750779
G,GGC,0.217735468699535
H,CAC,0.746772275002797
I,ATC,0.819898742953936
K,AAG,0.440975567229589
L,CTG,0.02891267845183601
L,CTC,0.6685020872384311
L,TTG,0.153932435611884
N,AAC,0.798638192240397
P,CCG,0.566002586569693
P,CCC,0.779975106664499
Q,CAG,0.497932818631331
R,AGG,0.6502333992853371
R,CGG,0.3316776727057983
R,CGC,-0.126004796545207
S,TCG,0.46901801186899367
S,TCC,0.965863620511691
T,ACG,0.5449355890126721
T,ACC,0.619413796889782
V,GTG,-0.09068273210326894
V,GTC,0.663608100938797
Y,TAC,0.656336671471596
Z,AGC,0.260232516348362
