AA,Codon,Mean
A,GCG,-0.18774714830915096
A,GCC,-0.222437417703867
C,TGC,-0.366729369537036
D,GAC,-0.35534125717481
E,GAG,-0.55420872181654
F,TTC,-0.395342368656397
G,GGG,0.735289131623511
G,GGC,0.0802606835760176
H,CAC,-0.952586202979088
I,ATC,-0.330708269943794
K,AAG,-0.948446629671256
L,CTG,-0.4660403946538779
L,CTC,-0.32391842504789403
L,TTG,-1.20258067495823
N,AAC,-0.785339830740293
P,CCG,-0.553436053625743
P,CCC,-0.36373044274052
Q,CAG,-0.920560211320718
R,AGG,-0.0399095651149699
R,CGG,0.7438808939218485
R,CGC,0.103659277067085
S,TCG,-0.6570883113831281
S,TCC,-0.264004155499736
T,ACG,-0.10294717516899093
T,ACC,-0.344720363783836
V,GTG,-0.46268340265154895
V,GTC,-0.304360979052385
Y,TAC,-0.860743749479453
Z,AGC,-0.433648763819536
