AA,Codon,Mean
A,GCG,0.04007558666865102
A,GCC,-0.0132924337457089
C,TGC,0.0350021163933755
D,GAC,-0.135973760933181
E,GAG,-0.0521987466551363
F,TTC,-0.101857549789051
G,GGG,0.29189913578927495
G,GGC,0.249447130988042
H,CAC,-0.286901072330276
I,ATC,-0.0715472459388276
K,AAG,-0.167587519537409
L,CTG,-0.16771216714431803
L,CTC,0.018959784845883697
L,TTG,-0.286012516331673
N,AAC,-0.301601294457912
P,CCG,0.29850510203341596
P,CCC,0.0996859438315034
Q,CAG,0.0596720677174628
R,AGG,0.4144446323942506
R,CGG,-0.7501914966026909
R,CGC,0.232303683589896
S,TCG,-0.005371521670619994
S,TCC,-0.00639433759323751
T,ACG,0.12470275271336201
T,ACC,-0.078812635059158
V,GTG,-0.06344864671627701
V,GTC,0.00326509706118784
Y,TAC,-0.279568182486296
Z,AGC,0.00668152180437829
