AA,Codon,Mean
A,GCG,0.320680050731202
A,GCC,0.264051362770796
C,TGC,-0.108437279707938
D,GAC,0.0628053032701214
E,GAG,-0.12544339693735
F,TTC,0.219361010927955
G,GGG,0.3807387697324156
G,GGC,-0.0812530080955476
H,CAC,-0.0944595269555847
I,ATC,0.0329476122280893
K,AAG,0.0777447042028109
L,CTG,-0.719916856161753
L,CTC,0.094007851992051
L,TTG,-0.997341618486245
N,AAC,-0.134818215577801
P,CCG,0.023613892206052978
P,CCC,0.195163064728181
Q,CAG,-0.327934116305908
R,AGG,0.484745457031329
R,CGG,0.334431724125892
R,CGC,0.0240069200318053
S,TCG,-0.06456708043019002
S,TCC,0.302671805479129
T,ACG,0.2521205064932504
T,ACC,0.0748076493285596
V,GTG,-0.773999848875403
V,GTC,0.561278084345659
Y,TAC,-0.332964587761958
Z,AGC,-0.0103366608704004
