AA,Codon,Mean
A,GCG,0.5047575676451129
A,GCC,0.520631836559375
C,TGC,0.169541499596337
D,GAC,0.396591995928685
E,GAG,0.0267833892408399
F,TTC,0.35839681904316
G,GGG,0.460394514440994
G,GGC,0.187537674428026
H,CAC,0.347293083304167
I,ATC,0.323789359525839
K,AAG,0.22480430107216
L,CTG,-0.615739755731821
L,CTC,0.354451125226418
L,TTG,-0.816469835690657
N,AAC,0.250764881230394
P,CCG,0.23239974402387897
P,CCC,0.426150402675072
Q,CAG,-0.0850090413406491
R,AGG,0.494875137591362
R,CGG,0.45501525109935936
R,CGC,0.194843837989867
S,TCG,0.240260256139438
S,TCC,0.518370796962579
T,ACG,0.37757421754105047
T,ACC,0.317682589467367
V,GTG,-0.5931043121695823
V,GTC,0.763131511616707
Y,TAC,0.130572473074496
Z,AGC,0.212193342509866
