AA,Codon,Mean
A,GCG,0.9835121954987451
A,GCC,1.11573822654883
C,TGC,1.37782960614363
D,GAC,1.736387479496
E,GAG,1.31028807596366
F,TTC,1.82447745061715
G,GGG,0.24145052115519905
G,GGC,0.669253450157245
H,CAC,1.86956400884787
I,ATC,1.79749313013554
K,AAG,1.77651154557069
L,CTG,0.989402089985212
L,CTC,1.568152010718977
L,TTG,2.02202336991628
N,AAC,1.8417739303271
P,CCG,0.5266694162149367
P,CCC,0.892126472981771
Q,CAG,1.28376937836806
R,AGG,0.14280149880647697
R,CGG,0.553954996779562
R,CGC,0.735313245507081
S,TCG,1.4387463833605296
S,TCC,1.03180393613974
T,ACG,0.7861761780308799
T,ACC,1.21106322529316
V,GTG,0.915629406823715
V,GTC,1.84701373958588
Y,TAC,2.33207576652368
Z,AGC,1.42348101267815
