AA,Codon,Mean
A,GCG,1.38727946599324
A,GCC,0.652476859645049
C,TGC,0.746424965606133
D,GAC,0.800447782019774
E,GAG,0.862876466464996
F,TTC,-0.345015806239052
G,GGG,1.27164220448336
G,GGC,1.68896702370644
H,CAC,0.416778055430452
I,ATC,0.108194829117221
K,AAG,0.0569375315531148
L,CTG,0.2675868013501199
L,CTC,0.4667983850173659
L,TTG,-0.195560478169275
N,AAC,0.293775488193085
P,CCG,2.0980389080785304
P,CCC,0.961818198549747
Q,CAG,0.875787733205159
R,AGG,1.840676420229676
R,CGG,0.8948611955881098
R,CGC,1.54998297062715
S,TCG,1.028022000885014
S,TCC,0.679898475392659
T,ACG,1.522983317097026
T,ACC,0.490942141683896
V,GTG,0.3189095826466799
V,GTC,0.442229951454202
Y,TAC,-0.0854689563321803
Z,AGC,0.570085234036048
