AA,Codon,Mean
A,GCG,0.6353889780124098
A,GCC,-0.0242579436445233
C,TGC,-0.253419906515932
D,GAC,-0.249959802893252
E,GAG,-0.10228743077001
F,TTC,-0.983684072804451
G,GGG,0.85766793726285
G,GGC,0.760583892210325
H,CAC,-0.61821828524669
I,ATC,-0.713860647281011
K,AAG,-0.867116820565859
L,CTG,-0.23999287736813202
L,CTC,-0.31009514935805804
L,TTG,-1.27176164364417
N,AAC,-0.659730908010403
P,CCG,1.2437660356568778
P,CCC,0.212136159476886
Q,CAG,-0.0848100817864877
R,AGG,1.1693057500928639
R,CGG,0.4888128597060801
R,CGC,0.588561806350946
S,TCG,0.051484555017939915
S,TCC,0.0397115012101005
T,ACG,0.7712349217375158
T,ACC,-0.246242599180713
V,GTG,-0.36921142406464
V,GTC,-0.504013837321599
Y,TAC,-1.13229124435981
Z,AGC,-0.36839854076157
