AA,Codon,Mean
A,GCG,0.6028999751528079
A,GCC,0.145383165800075
C,TGC,0.94322006068627
D,GAC,0.203459993246198
E,GAG,1.08946896177928
F,TTC,-0.293069105291367
G,GGG,0.7165909079074799
G,GGC,0.874761591454347
H,CAC,-0.236333595098058
I,ATC,-0.0227627143044431
K,AAG,0.1030228962183
L,CTG,0.658355089998249
L,CTC,0.44020949730773695
L,TTG,0.764867166769505
N,AAC,-0.328996706177791
P,CCG,1.497399842605985
P,CCC,1.19858591944377
Q,CAG,1.34744970931212
R,AGG,1.5277055569945095
R,CGG,1.2062408377488398
R,CGC,1.25462366906802
S,TCG,0.983073629518352
S,TCC,0.162645639057954
T,ACG,1.0947881310820549
T,ACC,0.0130286433871078
V,GTG,0.5242232593337701
V,GTC,0.0355053495620998
Y,TAC,-0.243764237038294
Z,AGC,0.533244024332364
