AA,Codon,Mean
A,GCG,1.56236399464309
A,GCC,1.37468170537949
C,TGC,0.950764622894923
D,GAC,1.34778599359194
E,GAG,0.543837451966604
F,TTC,0.567585374387105
G,GGG,0.89944427818954
G,GGC,1.20518762105306
H,CAC,1.50185039391518
I,ATC,0.882446626110872
K,AAG,0.421854086788495
L,CTG,-0.0020419639905290277
L,CTC,0.70971153305372
L,TTG,0.0969128190477689
N,AAC,1.17401789878209
P,CCG,1.406363377719119
P,CCC,0.943788374563058
Q,CAG,0.360994376190503
R,AGG,0.9116942020773849
R,CGG,0.530870454568311
R,CGC,1.24101847345829
S,TCG,1.278904193965594
S,TCC,1.09814348634879
T,ACG,1.268470139817397
T,ACC,1.31396563175519
V,GTG,0.029999796626966002
V,GTC,1.23899007148743
Y,TAC,0.864253695309162
Z,AGC,0.99492237559557
