AA,Codon,Mean
A,GCG,0.372404549607138
A,GCC,0.411268793914715
C,TGC,0.487732943640153
D,GAC,0.6954678702871
E,GAG,0.171175459086895
F,TTC,0.461379948445161
G,GGG,0.01904944763453084
G,GGC,0.411198011424144
H,CAC,1.19250736359755
I,ATC,0.341255813399951
K,AAG,0.169274139265219
L,CTG,-0.200781326925755
L,CTC,0.24036465442180988
L,TTG,-0.419336228052775
N,AAC,0.408997266958157
P,CCG,0.200115788841744
P,CCC,0.540506862020493
Q,CAG,-0.046194719678598103
R,AGG,-0.00441308638056101
R,CGG,-0.09169847701390599
R,CGC,-0.100768424055415
S,TCG,0.17585934361418099
S,TCC,0.519176065876087
T,ACG,0.224466787736614
T,ACC,0.299119437579314
V,GTG,-0.25651077374319203
V,GTC,0.348853635660807
Y,TAC,0.317447223975261
Z,AGC,0.391661509525776
