AA,Codon,Mean
A,GCG,0.348676451661189
A,GCC,0.0427968266124527
C,TGC,-0.0811611161110302
D,GAC,-0.0591466990955174
E,GAG,0.738273730246226
F,TTC,-0.253032974246144
G,GGG,-0.31654223296642303
G,GGC,0.176358717501163
H,CAC,-0.274166601182024
I,ATC,-0.0232132337890109
K,AAG,-0.616077478988965
L,CTG,0.23371937318841596
L,CTC,0.019396778372923
L,TTG,-0.819222754851977
N,AAC,-0.303229993492365
P,CCG,0.910433166927099
P,CCC,0.927609355608622
Q,CAG,0.557813870135943
R,AGG,1.2592141281018638
R,CGG,0.888957915105422
R,CGC,1.08238358321587
S,TCG,-0.10258883761167503
S,TCC,0.0470542791993668
T,ACG,0.13312927040656397
T,ACC,0.0150555013700092
V,GTG,-0.170345504492521
V,GTC,-0.0141068232990778
Y,TAC,-0.194394340091944
Z,AGC,-0.169960490611196
