AA,Codon,Mean
A,GCG,0.6004106776833571
A,GCC,-0.0390965385831272
C,TGC,0.604886681566636
D,GAC,-0.137504402890801
E,GAG,0.548953824690978
F,TTC,-0.433537024043004
G,GGG,0.2885253576994
G,GGC,0.677274454506238
H,CAC,-0.394670948759715
I,ATC,-0.133259794229269
K,AAG,-0.431268856809537
L,CTG,0.54134697810014
L,CTC,1.076941245814168
L,TTG,0.110299943115811
N,AAC,-0.436789942238728
P,CCG,0.9384719015608229
P,CCC,1.27711266059875
Q,CAG,0.9106568303744
R,AGG,1.7195995067954062
R,CGG,1.70234221476713
R,CGC,1.22321987660329
S,TCG,0.982674595193069
S,TCC,-0.123442098475993
T,ACG,1.0426831353942578
T,ACC,-0.114086195496221
V,GTG,0.677478193537395
V,GTC,-0.0761744501026968
Y,TAC,-0.442906898891926
Z,AGC,0.0552054383728886
