AA,Codon,Mean
A,GCG,1.425817306602001
A,GCC,0.339640723001957
C,TGC,0.342016019885739
D,GAC,0.696615346531073
E,GAG,0.359527666407824
F,TTC,0.658395232407252
G,GGG,0.605300685322036
G,GGC,0.493229992403587
H,CAC,0.651301708058516
I,ATC,0.48370111784935
K,AAG,0.291382728425662
L,CTG,-0.45389243524869294
L,CTC,0.5797532522757881
L,TTG,-0.571752121480306
N,AAC,0.246016577116648
P,CCG,1.180892575074231
P,CCC,0.360782197606564
Q,CAG,0.321649864112337
R,AGG,0.8689469591379102
R,CGG,0.39745650354333095
R,CGC,0.748868093925715
S,TCG,1.2031146804114181
S,TCC,0.364962371035417
T,ACG,1.2530576520681391
T,ACC,0.37038177904288
V,GTG,-0.5314138922390284
V,GTC,0.981998923389117
Y,TAC,0.261240351872643
Z,AGC,0.274022693114479
