AA,Codon,Mean
A,GCG,-0.308765177606543
A,GCC,-0.194265520544847
C,TGC,-0.404787409132719
D,GAC,-0.348653332946698
E,GAG,-0.444195846350988
F,TTC,-0.593531178136667
G,GGG,0.11079793275594707
G,GGC,-0.0178136743494161
H,CAC,-0.571800643881162
I,ATC,-0.382508746292194
K,AAG,-0.543677022180955
L,CTG,-0.4092016639981072
L,CTC,-0.366689366628727
L,TTG,-0.676784091393153
N,AAC,-0.602401200441519
P,CCG,-0.15624175662001
P,CCC,-0.278333447883526
Q,CAG,-0.524521308984359
R,AGG,0.18627212398847004
R,CGG,0.097507280355692
R,CGC,0.0127496223331661
S,TCG,-0.4056435940744976
S,TCC,-0.304989907018344
T,ACG,-0.184833469033242
T,ACC,-0.301208262564739
V,GTG,-0.361481698574623
V,GTC,-0.324859481157859
Y,TAC,-0.527934956363837
Z,AGC,-0.410595469091336
