AA,Codon,Mean
A,GCG,0.17438298719227302
A,GCC,0.409729278341929
C,TGC,0.0551380128247771
D,GAC,0.415340908688307
E,GAG,0.238331184177597
F,TTC,0.47446603987813
G,GGG,0.599604977334291
G,GGC,-0.0767919096512099
H,CAC,0.745651246762276
I,ATC,0.54557773950696
K,AAG,0.0800417149394751
L,CTG,-0.16140570879876603
L,CTC,0.3630229719976589
L,TTG,-0.091216102822125
N,AAC,0.766544358364741
P,CCG,0.12695235371589597
P,CCC,0.793864431333542
Q,CAG,0.133828943054875
R,AGG,0.240682858425379
R,CGG,0.09127224209308604
R,CGC,-0.122338969716181
S,TCG,0.150744852801164
S,TCC,0.513502651764949
T,ACG,0.13680992255608299
T,ACC,0.610145510836442
V,GTG,-0.368809929969907
V,GTC,0.243568572321534
Y,TAC,0.493117860231797
Z,AGC,0.355385950630903
