AA,Codon,Mean
A,GCG,0.238432597100735
A,GCC,0.0113394240853419
C,TGC,-0.0322225000126116
D,GAC,-0.156716781677802
E,GAG,0.205796821474036
F,TTC,-0.3201477967302
G,GGG,0.377727867120505
G,GGC,0.0989686223591367
H,CAC,-0.349216780354579
I,ATC,-0.114931673117479
K,AAG,-0.428665831959248
L,CTG,-0.20429210902253797
L,CTC,-0.061197565759967
L,TTG,-0.336276677811146
N,AAC,-0.316026460591952
P,CCG,0.640591939791044
P,CCC,0.389854639846086
Q,CAG,0.337829829504093
R,AGG,0.7691769091354059
R,CGG,0.414801750797033
R,CGC,0.356359391242266
S,TCG,-0.04242828951875405
S,TCC,-0.046533060051625
T,ACG,0.18167963272730597
T,ACC,-0.0977532914901773
V,GTG,-0.22476005091071105
V,GTC,-0.106110393801332
Y,TAC,-0.261440539291501
Z,AGC,-0.0998754623105129
