AA,Codon,Mean
A,GCG,1.268651521906256
A,GCC,0.162848749775191
C,TGC,0.543702348490556
D,GAC,0.400963207600514
E,GAG,0.850057925800482
F,TTC,-0.214363529369235
G,GGG,1.110420779881879
G,GGC,0.718558879796664
H,CAC,0.362228371695677
I,ATC,0.344633463986715
K,AAG,-0.671604304834207
L,CTG,-0.5490408149719299
L,CTC,0.385438099642595
L,TTG,-0.798457623736064
N,AAC,-0.00922929322418152
P,CCG,1.738428867932159
P,CCC,1.49476065475146
Q,CAG,0.946767985212803
R,AGG,1.809267866746584
R,CGG,1.2423402594700421
R,CGC,1.36117874602477
S,TCG,0.590614088602861
S,TCC,0.280287592299779
T,ACG,1.085486358137925
T,ACC,0.262059737511476
V,GTG,-0.6089593548695271
V,GTC,0.395070497951905
Y,TAC,0.393665110806624
Z,AGC,0.250659512086709
