AA,Codon,Mean
A,GCG,0.7400591430584591
A,GCC,0.123095171705385
C,TGC,0.388794669955969
D,GAC,0.587663469831149
E,GAG,0.442628003066778
F,TTC,0.402629683931669
G,GGG,0.3676282030401647
G,GGC,0.203414541179935
H,CAC,0.910026748859882
I,ATC,0.508980984475215
K,AAG,0.240287049895525
L,CTG,-0.30629882141748993
L,CTC,0.345076999266944
L,TTG,-0.263842649614811
N,AAC,0.53010243182977
P,CCG,0.369736254019787
P,CCC,0.442548221131166
Q,CAG,0.206707443384329
R,AGG,0.388725902958711
R,CGG,0.42880970693628
R,CGC,0.368503048469623
S,TCG,0.46867375066479
S,TCC,0.306561035770178
T,ACG,0.529999487974247
T,ACC,0.335506187115113
V,GTG,-0.270868159680565
V,GTC,0.574995199044546
Y,TAC,0.81946293503046
Z,AGC,0.320360634334882
