AA,Codon,Mean
A,GCG,0.721427783685923
A,GCC,1.10907683321635
C,TGC,0.43704200515151
D,GAC,1.02114751878182
E,GAG,0.513331243342161
F,TTC,0.491298606938124
G,GGG,1.094427571880817
G,GGC,0.520131730186939
H,CAC,1.24996451794306
I,ATC,0.873741300157706
K,AAG,0.174951291067402
L,CTG,0.36207079532444497
L,CTC,1.050892785800998
L,TTG,0.146276605238517
N,AAC,1.20161262919108
P,CCG,0.803190393348535
P,CCC,1.5650005616347
Q,CAG,0.45392391961813
R,AGG,0.6926696236769401
R,CGG,0.9184221802175081
R,CGC,0.437945232796669
S,TCG,0.741339286756515
S,TCC,1.25214115666548
T,ACG,0.6378108013302091
T,ACC,1.28718079458872
V,GTG,0.004354195508361025
V,GTC,0.81183194527626
Y,TAC,1.05959066942135
Z,AGC,0.564587909980615
