AA,Codon,Mean
A,GCG,-1.0493218467622991
A,GCC,-1.12803677886327
C,TGC,-0.944437862102191
D,GAC,-1.03592461584012
E,GAG,-0.99526705678304
F,TTC,-0.852376926585038
G,GGG,-0.6690414556324163
G,GGC,-0.74991564766566
H,CAC,-1.23959319749673
I,ATC,-1.01258928434451
K,AAG,-0.958896521834532
L,CTG,-1.188550031902393
L,CTC,-1.333548759917421
L,TTG,-1.20814362517993
N,AAC,-1.20377680407365
P,CCG,-1.027399963378906
P,CCC,-1.35091556821664
Q,CAG,-1.07698059437672
R,AGG,-0.639268442992365
R,CGG,-1.0644267063394512
R,CGC,-0.776870495561759
S,TCG,-1.166335678339005
S,TCC,-1.26037727094491
T,ACG,-0.8986017874091861
T,ACC,-1.23683800489108
V,GTG,-0.950834776633978
V,GTC,-1.11366094274521
Y,TAC,-1.27715779222647
Z,AGC,-0.778483309996128
