AA,Codon,Mean
A,GCG,0.295436345783869
A,GCC,0.140681473280489
C,TGC,0.266982741943002
D,GAC,-0.176373229219516
E,GAG,-0.198810467885931
F,TTC,-0.331849190098047
G,GGG,0.729883578679954
G,GGC,0.547937917395433
H,CAC,-0.362357134697835
I,ATC,-0.058964652560403
K,AAG,-0.42729148003459
L,CTC,0.09510057265559901
L,TTG,-0.358819558936357
N,AAC,-0.394058641692003
P,CCG,0.984180785216888
P,CCC,0.397905260529121
Q,CAG,0.274002398640911
R,AGG,0.805911703866721
R,CGG,-0.5952062769651401
R,CGC,0.678651423704624
S,TCG,-0.020711021550496977
S,TCC,0.0770268915687998
T,ACG,0.09773348217407896
T,ACC,-0.0251945594501817
V,GTG,-0.302483571124076
V,GTC,-0.0100419112520368
Y,TAC,-0.430397626642386
Z,AGC,-0.0127916062768462
