AA,Codon,Mean
A,GCG,0.642141131010652
A,GCC,-0.728044130591551
C,TGC,-0.26437574287951
D,GAC,-0.361965979502598
E,GAG,-0.130665069060524
F,TTC,0.22841832853357
G,GGG,0.29371881335477
G,GGC,-1.17050850071907
H,CAC,-0.289497007104754
I,ATC,-0.00269262551706518
K,AAG,0.0840669589094818
L,CTC,-0.02789219085574096
L,TTG,-1.64166198836962
N,AAC,-0.234906278730432
P,CCG,-0.6258083876841098
P,CCC,-0.466400617363056
Q,CAG,-0.533378763077656
R,AGG,0.4829467513859268
R,CGG,-0.619862854281068
R,CGC,-0.706395731663704
S,TCG,-0.726162772184611
S,TCC,-0.40026636813879
T,ACG,-0.25762402930061007
T,ACC,-0.474139698529243
V,GTG,-1.978856119775769
V,GTC,-0.0228126850868838
Y,TAC,-0.44564281621178
Z,AGC,-0.493537534856796
