AA,Codon,Mean
A,GCG,1.0989083404362199
A,GCC,0.110412789443632
C,TGC,-0.185609380972385
D,GAC,0.243198156416416
E,GAG,0.191567157981793
F,TTC,0.22297282841603
G,GGG,0.424882531756411
G,GGC,-0.376902424065272
H,CAC,0.341177114321788
I,ATC,0.272656765246391
K,AAG,0.312759985870123
L,CTC,0.17348617549936002
L,TTG,-0.751978715304534
N,AAC,0.293820799738169
P,CCG,0.24805031683516637
P,CCC,0.141819921118021
Q,CAG,0.165486516931653
R,AGG,0.437362643050154
R,CGG,0.24923810726304796
R,CGC,-0.27951050341626
S,TCG,0.24977564373115693
S,TCC,0.211555757563313
T,ACG,0.491317058291038
T,ACC,0.241777176027497
V,GTG,-1.079844146988789
V,GTC,0.294884196648995
Y,TAC,-0.00876344437314197
Z,AGC,-0.126448628459374
