AA,Codon,Mean
A,GCG,0.806283973995844
A,GCC,0.794912731297811
C,TGC,0.511073027457794
D,GAC,0.92009873500665
E,GAG,0.496411252880096
F,TTC,0.365904894475142
G,GGG,1.118070560814937
G,GGC,0.470951995090644
H,CAC,1.14911093642712
I,ATC,0.387726915824413
K,AAG,0.294521400272846
L,CTG,0.20573407426873902
L,CTC,0.7182205410602192
L,TTG,0.035707774283449
N,AAC,0.886492635258039
P,CCG,0.736289488101009
P,CCC,1.11292618608475
Q,CAG,0.460610789813598
R,AGG,0.7317250881398719
R,CGG,0.7355371837675571
R,CGC,0.410688119737307
S,TCG,0.590429116936525
S,TCC,0.957923240061601
T,ACG,0.625007594839736
T,ACC,0.758918653734525
V,GTG,-0.20186214078267395
V,GTC,0.295728687192996
Y,TAC,0.892907099636396
Z,AGC,0.422772543050845
