AA,Codon,Mean
A,GCG,-0.4775341899560146
A,GCC,-0.386576978135109
C,TGC,-0.320041350018978
D,GAC,-0.469280896834532
E,GAG,-0.33519363262256
F,TTC,-0.107071873523792
G,GGG,-0.2194452235204524
G,GGC,-0.433625574741761
H,CAC,-0.491660732563337
I,ATC,-0.317387926308314
K,AAG,-0.342986357700825
L,CTG,-0.634968070411682
L,CTC,-0.43088089403137586
L,TTG,-0.548511649894714
N,AAC,-0.531809217063586
P,CCG,-0.38834538956098286
P,CCC,-0.364404929314057
Q,CAG,-0.389355431210995
R,AGG,-0.21398173136576432
R,CGG,-0.24648125158573767
R,CGC,-0.428210719796022
S,TCG,-0.586928059433897
S,TCC,-0.316022372700771
T,ACG,-0.577357066863775
T,ACC,-0.415430109876394
V,GTG,-0.656990030559898
V,GTC,-0.399315682391326
Y,TAC,-0.456536691906055
Z,AGC,-0.371725012993813
