AA,Codon,Mean
A,GCG,0.49106980356574004
A,GCC,0.160531897168358
C,TGC,0.0662841158592846
D,GAC,0.169330874965588
E,GAG,0.198736680867275
F,TTC,0.19192687202692
G,GGG,0.324322442840288
G,GGC,-0.228759404458602
H,CAC,0.231656500495474
I,ATC,0.373974600172043
K,AAG,0.44281156167388
L,CTG,-0.433881937559677
L,CTC,0.199989248370131
L,TTG,-0.500633906575044
N,AAC,0.0976530748633047
P,CCG,0.259569204695611
P,CCC,0.241702912580967
Q,CAG,0.168279309319456
R,AGG,0.5028599898862921
R,CGG,0.294727978022397
R,CGC,-0.182000014530619
S,TCG,0.071385840885271
S,TCC,0.453088944856326
T,ACG,0.364617213957756
T,ACC,0.108504486177365
V,GTG,-0.5054393894353257
V,GTC,0.434846915880839
Y,TAC,0.112621053770185
Z,AGC,-0.112630933109919
