AA,Codon,Mean
A,GCG,-0.146041952967644
A,GCC,-0.0500610251345982
C,TGC,-0.393858798017104
D,GAC,-0.213962282495697
E,GAG,-0.599310492642721
F,TTC,-0.411915269295375
G,GGG,0.399023354228337
G,GGC,0.115311477746566
H,CAC,-0.484635935570796
I,ATC,-0.173597300064564
K,AAG,-0.742078572968642
L,CTG,-0.7846372135777907
L,CTC,-0.11044398391197141
L,TTG,-0.915025172058741
N,AAC,-0.452510516941547
P,CCG,-0.43446524031957
P,CCC,-0.129520674385627
Q,CAG,-0.649209541292985
R,AGG,0.2754394236882498
R,CGG,-0.508588077127937
R,CGC,0.0679848966810852
S,TCG,-0.4531917750895029
S,TCC,-0.0774716663929323
T,ACG,-0.16825077592730597
T,ACC,-0.132716616225739
V,GTG,-0.40961839323838495
V,GTC,-0.157300678095222
Y,TAC,-0.492055996016661
Z,AGC,-0.293306814674536
