AA,Codon,Mean
A,GCG,-0.18351332684358007
A,GCC,-0.0387188646272756
C,TGC,0.210751272467772
D,GAC,-0.520807219578822
E,GAG,0.152962801475823
F,TTC,-0.593472428739071
G,GGG,-0.2000996944308281
G,GGC,0.398176718606551
H,CAC,-0.816556297854583
I,ATC,-0.361172167893251
K,AAG,-0.888228068021933
L,CTG,-0.20471098629633605
L,CTC,-0.1622066568264477
L,TTG,-0.498799454895655
N,AAC,-0.886162171820799
P,CCG,0.502742322876056
P,CCC,0.631129886329174
Q,CAG,0.115278911752999
R,AGG,0.849375511402885
R,CGG,-0.7067428608457291
R,CGC,0.225716339036326
S,TCG,-0.303196438068152
S,TCC,-0.233829448500276
T,ACG,-0.293380100578069
T,ACC,-0.313361895893017
V,GTG,-0.900766166814168
V,GTC,-0.268759453962247
Y,TAC,-0.92566177016894
Z,AGC,-0.383050556260347
