AA,Codon,Mean
A,GCG,1.3456963391582168
A,GCC,0.561646639283498
C,TGC,0.408344067460299
D,GAC,0.986348216263453
E,GAG,0.677409947427114
F,TTC,1.03731632813613
G,GGG,0.936984454155465
G,GGC,0.68021335875988
H,CAC,1.00127911579609
I,ATC,0.918399707770348
K,AAG,0.855325965209802
L,CTG,0.49707008789380214
L,CTC,0.9439741764585211
L,TTG,0.190465420894821
N,AAC,0.940474543495973
P,CCG,1.0785504663507148
P,CCC,0.78453942694664
Q,CAG,0.41342671349446
R,AGG,0.5542249849438681
R,CGG,1.105213831899564
R,CGC,0.910433580915133
S,TCG,1.26371132941246
S,TCC,0.838542122753461
T,ACG,1.194902200708786
T,ACC,0.72801810652415
V,GTG,0.032283371659119986
V,GTC,1.16034562306404
Y,TAC,0.845698131966591
Z,AGC,0.657323982278506
