AA,Codon,Mean
A,GCG,1.0547910137931478
A,GCC,0.562262827277184
C,TGC,1.46595968147914
D,GAC,0.716132370781899
E,GAG,1.08092818457286
F,TTC,0.0868120467196738
G,GGG,0.93114559254647
G,GGC,1.97988668505351
H,CAC,0.470135901224613
I,ATC,0.439434051366647
K,AAG,0.541940801880757
L,CTG,1.219204441833499
L,CTC,1.13318668956359
L,TTG,0.155343297103047
N,AAC,0.337728264807661
P,CCG,1.9117306737264
P,CCC,1.18804124988715
Q,CAG,1.4642521743535999
R,AGG,1.5946652693192167
R,CGG,0.95019404514631
R,CGC,2.39935332687696
S,TCG,1.145843644227585
S,TCC,0.410753472391764
T,ACG,1.167632663019494
T,ACC,0.174717257201672
V,GTG,0.49612036956151995
V,GTC,0.291527540564537
Y,TAC,0.382927571630478
Z,AGC,1.08337668428421
