AA,Codon,Mean
A,GCG,0.06728583431243906
A,GCC,0.276412057432532
C,TGC,-1.07220768931309
D,GAC,-0.019595843241641
E,GAG,-0.74417322555383
F,TTC,-0.0822164817707653
G,GGG,-0.28609170629978986
G,GGC,-1.36443997051716
H,CAC,0.157384469866427
I,ATC,-0.221780703116457
K,AAG,-0.234514145129919
L,CTG,-1.161132840048271
L,CTC,-0.759656421478585
L,TTG,-0.486972516151269
N,AAC,-0.131983538666018
P,CCG,-0.581748408142726
P,CCC,-0.00697234879400288
Q,CAG,-1.15843472626209
R,AGG,-0.23556416300138006
R,CGG,-0.25723185222149025
R,CGC,-1.69838324756622
S,TCG,-0.41908014268477795
S,TCC,0.207741712999344
T,ACG,-0.31763292633295415
T,ACC,0.463063164506356
V,GTG,-0.8308894806075783
V,GTC,0.397629325260719
Y,TAC,-0.115462949240557
Z,AGC,-0.948615716866652
