AA,Codon,Mean
A,GCG,0.32231240811348005
A,GCC,6.8975311781597e-4
C,TGC,0.42525631287694
D,GAC,-0.155205445119739
E,GAG,0.44430680864652
F,TTC,-0.315185815435648
G,GGG,0.03378701462348299
G,GGC,0.322538813988368
H,CAC,-0.286946963865558
I,ATC,-0.0931421669041117
K,AAG,-0.227823308670521
L,CTG,0.4122598977958165
L,CTC,0.2073949272649984
L,TTG,0.311911721122265
N,AAC,-0.359146702299515
P,CCG,0.897195692051451
P,CCC,0.475215376669168
Q,CAG,0.467390698820353
R,AGG,0.7579356876617305
R,CGG,-0.33048956039747
R,CGC,0.437228312627474
S,TCG,0.34382751876513196
S,TCC,-0.0294623313835512
T,ACG,0.414781861197948
T,ACC,-0.093206859485805
V,GTG,0.20385510881145796
V,GTC,-0.0476051701579243
Y,TAC,-0.374564551383257
Z,AGC,-0.0479257273574622
