AA,Codon,Mean
A,GCG,1.4846871894180782
A,GCC,1.16482244834105
C,TGC,0.920407505377134
D,GAC,1.51015931220055
E,GAG,0.738168796853224
F,TTC,0.876253443670273
G,GGG,0.8020080464266661
G,GGC,1.33461920755704
H,CAC,1.61383390316963
I,ATC,1.02614351121585
K,AAG,0.630332546905677
L,CTG,0.597859194117784
L,CTC,0.9434479716301
L,TTG,0.604627855658531
N,AAC,1.35880428088506
P,CCG,1.2740432617938238
P,CCC,1.12850679905415
Q,CAG,0.82550089720885
R,AGG,0.759042345762252
R,CGG,1.3026070274333161
R,CGC,1.45132362134457
S,TCG,1.3045755731751518
S,TCC,1.07825068077246
T,ACG,1.2397943929771584
T,ACC,1.23624854913553
V,GTG,0.6675558601563171
V,GTC,1.05411070750554
Y,TAC,1.22154217386246
Z,AGC,1.15034625668526
