AA,Codon,Mean
A,GCG,1.8132663714061188
A,GCC,1.46985499464671
C,TGC,1.46990199243228
D,GAC,1.90074236506621
E,GAG,1.23721952058474
F,TTC,0.542168138231834
G,GGG,0.7413021875143049
G,GGC,2.03643665806452
H,CAC,2.00457078038851
I,ATC,0.990546729195118
K,AAG,0.833983206582069
L,CTG,1.1769523660977144
L,CTC,1.1595438118447832
L,TTG,1.09406269345284
N,AAC,1.61652174657981
P,CCG,1.973411812517043
P,CCC,1.51590015144348
Q,CAG,1.42244952771664
R,AGG,1.4086783231999311
R,CGG,1.2691356787125287
R,CGC,2.18995337208907
S,TCG,1.793601161554456
S,TCC,1.22620004568895
T,ACG,1.672760278405253
T,ACC,1.54371140529315
V,GTG,1.032836407937353
V,GTC,0.929073388278484
Y,TAC,1.36594191544056
Z,AGC,1.64885418059031
