AA,Codon,Mean
A,GCG,-0.16838102710048297
A,GCC,-0.249493016685049
C,TGC,-0.456658707418044
D,GAC,-0.38027353066206
E,GAG,-0.466464460925261
F,TTC,-0.471403254886468
G,GGG,0.5587126734673971
G,GGC,0.0571221888786803
H,CAC,-0.546296722022692
I,ATC,-0.350093258297443
K,AAG,-0.682230367338657
L,CTG,-0.44510917377677256
L,CTC,-0.34566774737238803
L,TTG,-0.710407817228635
N,AAC,-0.684078434816996
P,CCG,-0.334047843550643
P,CCC,-0.34695320135951
Q,CAG,-0.573619554332892
R,AGG,0.4430605876525281
R,CGG,-0.14581469252506896
R,CGC,0.0826969242068629
S,TCG,-0.536500544722875
S,TCC,-0.331411636978388
T,ACG,-0.12397475745876596
T,ACC,-0.312464269129435
V,GTG,-0.262123293723663
V,GTC,-0.319207532223066
Y,TAC,-0.62043215265274
Z,AGC,-0.373262049045165
