AA,Codon,Mean
A,GCG,0.40195405202359
A,GCC,0.786073934193452
C,TGC,0.21611556760172
D,GAC,0.762931294059753
E,GAG,0.372636666423082
F,TTC,0.914594367301464
G,GGG,0.806232174539566
G,GGC,0.0688811729693164
H,CAC,0.957292164226373
I,ATC,0.747003535850843
K,AAG,0.51541638370951
L,CTG,0.021314575991034035
L,CTC,0.8111390946832799
L,TTG,0.155346287605663
N,AAC,1.0168450013717
P,CCG,0.3264939284060146
P,CCC,1.16201707793077
Q,CAG,0.27570855978628
R,AGG,0.6810468496324396
R,CGG,0.694859953091045
R,CGC,-0.208201806334654
S,TCG,0.4444898469862844
S,TCC,1.16721351697445
T,ACG,0.397261303498348
T,ACC,0.906270010654132
V,GTG,-0.10784931699484598
V,GTC,0.533303469862541
Y,TAC,0.718993664356073
Z,AGC,0.398070892614126
