AA,Codon,Mean
A,GCG,-0.06726079345146796
A,GCC,-0.0805243759617209
C,TGC,0.222232828776042
D,GAC,-0.0636946676276624
E,GAG,0.503799767227968
F,TTC,-0.505221472032865
G,GGG,0.3314699070095999
G,GGC,0.308973885174592
H,CAC,-0.393764933462938
I,ATC,-0.165427164865534
K,AAG,-0.764350084769726
L,CTG,-0.25035909173687293
L,CTC,-0.0035778163154919773
L,TTG,-0.0038477395135909
N,AAC,-0.388098890296618
P,CCG,-0.11501997931798502
P,CCC,-0.173621732122699
Q,CAG,0.489775133351485
R,AGG,1.023073500909161
R,CGG,0.35636410199005986
R,CGC,0.425986483691136
S,TCG,-0.222917514324189
S,TCC,-0.163818091882269
T,ACG,0.22595316278934507
T,ACC,-0.145538812400401
V,GTG,-0.18397401061455498
V,GTC,-0.143668337877095
Y,TAC,-0.603764771552881
Z,AGC,0.0416486717814053
