AA,Codon,Mean
A,GCG,0.602559516192476
A,GCC,0.500401537330945
C,TGC,0.520716674168905
D,GAC,1.00125463834604
E,GAG,0.490075581363837
F,TTC,0.986911044895649
G,GGG,0.30936621748507004
G,GGC,0.45527595782876
H,CAC,0.950153342334429
I,ATC,0.8940486596783
K,AAG,0.741162987871965
L,CTG,0.356045004012187
L,CTC,0.7613695019761739
L,TTG,0.244932661541303
N,AAC,0.907955016601086
P,CCG,0.729125141084194
P,CCC,0.595568297402064
Q,CAG,0.321547669873635
R,AGG,0.40291119711746803
R,CGG,0.47632412849168004
R,CGC,0.526331136176983
S,TCG,0.762374697452287
S,TCC,0.787487579357624
T,ACG,0.6302603968511699
T,ACC,0.520823454582691
V,GTG,0.269797433409095
V,GTC,0.940002655800184
Y,TAC,0.805968378520012
Z,AGC,0.582314379537106
