AA,Codon,Mean
A,GCG,2.247207540056883
A,GCC,1.66838958365122
C,TGC,1.4625494893233
D,GAC,2.01505440452894
E,GAG,1.09394577792486
F,TTC,0.8140538103501
G,GGG,0.821629934971531
G,GGC,2.19414397201538
H,CAC,1.9491464979489601
I,ATC,1.18107231428623
K,AAG,0.991150701149305
L,CTG,0.673340022106964
L,CTC,1.3698600970109331
L,TTG,0.614248903163274
N,AAC,1.67647356359959
P,CCG,2.462656005303062
P,CCC,0.866646064126492
Q,CAG,1.36206465760072
R,AGG,1.029080542401469
R,CGG,0.674677049752395
R,CGC,1.60810193234285
S,TCG,2.142767779155575
S,TCC,1.03012181756894
T,ACG,1.95059164382418
T,ACC,1.27210335986614
V,GTG,0.218874037798246
V,GTC,1.58129669897556
Y,TAC,1.78230302637418
Z,AGC,1.47378006643454
