AA,Codon,Mean
A,GCG,0.07262498856782906
A,GCC,0.0547607163562129
C,TGC,0.424225077146292
D,GAC,-0.141707712872823
E,GAG,0.666499310115973
F,TTC,-0.370954626625776
G,GGG,0.07121723416646297
G,GGC,0.244248446227113
H,CAC,-0.349768242718776
I,ATC,-0.20192292385002
K,AAG,0.111624903961519
L,CTG,0.11603376990159303
L,CTC,0.24046399567127202
L,TTG,0.0577362114928663
N,AAC,-0.587357472817103
P,CCG,0.633849278670549
P,CCC,1.58567361355623
Q,CAG,0.828349346681436
R,AGG,1.4260216899285711
R,CGG,0.5172294023037001
R,CGC,0.437894263249636
S,TCG,0.6400665774732823
S,TCC,0.122713432050248
T,ACG,0.7400493833204139
T,ACC,-0.10734274110496
V,GTG,-0.24979292498032002
V,GTC,-0.0914106683000922
Y,TAC,-0.526766462918123
Z,AGC,-0.10167811182756
