AA,Codon,Mean
A,GCG,3.2602630064179543
A,GCC,2.17715832719803
C,TGC,2.92191464516322
D,GAC,3.31370773215294
E,GAG,2.2801083182176
F,TTC,1.1473435150067
G,GGG,0.750373352392516
G,GGC,3.41230762208303
H,CAC,3.36190463045438
I,ATC,1.90749992761612
K,AAG,1.74437174106439
L,CTG,0.836987310957911
L,CTC,2.201596924255287
L,TTG,1.62365631895065
N,AAC,2.7615395696799
P,CCG,3.418363283260667
P,CCC,1.44953824570974
Q,CAG,2.5095413511912
R,AGG,1.844896207434311
R,CGG,0.8521768972357101
R,CGC,3.09449202817281
S,TCG,3.414532362504804
S,TCC,1.53641208777428
T,ACG,2.8921492433567852
T,ACC,2.03903315669696
V,GTG,0.5408505045652401
V,GTC,2.46381412793795
Y,TAC,3.10594167149862
Z,AGC,2.89206727517446
