AA,Codon,Mean
A,GCG,-0.816856614144638
A,GCC,-0.588899806769689
C,TGC,-0.262427704801162
D,GAC,-0.990793182623386
E,GAG,-1.00519739143054
F,TTC,-0.111200257536769
G,GGG,-0.511569238785903
G,GGC,-1.17456233538787
H,CAC,-0.852126351463795
I,ATC,-0.513829062604904
K,AAG,-0.3296372366786
L,CTG,-2.291320401998365
L,CTC,-0.7036394503325231
L,TTG,-2.06536584001382
N,AAC,-1.24130846362114
P,CCG,-1.3619685619105921
P,CCC,-0.554388309562206
Q,CAG,-1.20398470743497
R,AGG,-0.18832267149363902
R,CGG,-1.033367684068287
R,CGC,-0.997483438460032
S,TCG,-1.657947712367774
S,TCC,-0.0654830460291356
T,ACG,-1.03486001423995
T,ACC,-0.70829522583882
V,GTG,-2.58599881488085
V,GTC,0.277776558418075
Y,TAC,-0.956250350050131
Z,AGC,-0.814633124125004
