AA,Codon,Mean
A,GCG,0.307355784857273
A,GCC,0.0905150506332517
C,TGC,0.0697967938916137
D,GAC,-0.16227662450671199
E,GAG,-0.0680355659077565
F,TTC,-0.289408662166198
G,GGG,1.013288435669736
G,GGC,0.603973999118805
H,CAC,-0.482483477340142
I,ATC,-0.0658883419421812
K,AAG,-0.442168285087744
L,CTG,-0.339614545255899
L,CTC,-0.0390382952664411
L,TTG,-0.631976387568315
N,AAC,-0.423314112472534
P,CCG,1.007485414427519
P,CCC,0.798696910536289
Q,CAG,0.256160332110524
R,AGG,1.287108900777499
R,CGG,-0.30886563324928984
R,CGC,0.591471304929256
S,TCG,-0.20094985535542192
S,TCC,-0.0105888029048833
T,ACG,0.236475459214052
T,ACC,-0.0316231548836455
V,GTG,-0.9861942027727759
V,GTC,-0.0713177179068327
Y,TAC,-0.479775356660287
Z,AGC,-0.0318436580175979
