AA,Codon,Mean
A,GCG,0.20096272546648997
A,GCC,-0.0783025765796502
C,TGC,0.0401236633959701
D,GAC,-0.140074230166773
E,GAG,-0.144384498585761
F,TTC,0.00272603220265923
G,GGG,0.10425020594596801
G,GGC,-0.375917981491486
H,CAC,-0.0873154612615084
I,ATC,-0.14149141240716
K,AAG,0.259490214451154
L,CTG,-1.1108873940149322
L,CTC,-0.20730736271738998
L,TTG,-1.31326714327335
N,AAC,-0.466676781352361
P,CCG,-0.322259839938581
P,CCC,0.0143405810674157
Q,CAG,-0.26149177467227
R,AGG,0.22976372280716806
R,CGG,-0.16534708597064007
R,CGC,-0.478318424745401
S,TCG,-0.3965490525643538
S,TCC,0.193086799150705
T,ACG,-0.02555029025077793
T,ACC,-0.127505245186885
V,GTG,-1.6329287289480339
V,GTC,0.388894359600544
Y,TAC,-0.346885809095701
Z,AGC,-0.293791456772884
