AA,Codon,Mean
A,GCG,0.580979607198635
A,GCC,-0.805658090015252
C,TGC,-0.616908337545395
D,GAC,-0.343396958069007
E,GAG,-0.851493028628826
F,TTC,0.28755749412179
G,GGG,0.09596522227922999
G,GGC,-1.84225471352736
H,CAC,0.280820855276783
I,ATC,-0.200898662078381
K,AAG,-0.206567877059182
L,CTC,-0.9636305432210359
L,TTG,-1.16849260861079
N,AAC,0.221547326479355
P,CCG,-1.402497922964891
P,CCC,-1.12831280581156
Q,CAG,-1.55762143768469
R,AGG,-0.14265979672074303
R,CGG,-0.7197529599984498
R,CGC,-1.87197537241777
S,TCG,-0.763952161792911
S,TCC,-0.586073421768347
T,ACG,-0.449192815039555
T,ACC,-0.625550117953618
V,GTG,-0.500366313791276
V,GTC,-0.0696913612704491
Y,TAC,-0.256678658550978
Z,AGC,-0.468556776356697
