AA,Codon,Mean
A,GCG,1.46647660383384
A,GCC,0.934654116292794
C,TGC,1.63334498619239
D,GAC,0.766209642044703
E,GAG,1.88735887902578
F,TTC,-0.549339550209045
G,GGG,0.8409910723447802
G,GGC,2.94344453608195
H,CAC,0.115841390318796
I,ATC,0.426686460514863
K,AAG,0.273827693235874
L,CTC,1.5362048323730608
L,TTG,0.73368394412597
N,AAC,-0.142716316134234
P,CCG,3.176425307232138
P,CCC,1.91990084797541
Q,CAG,2.12945303689639
R,AGG,2.267904916606344
R,CGG,1.04621283332507
R,CGC,4.15004502105713
S,TCG,1.178287339794638
S,TCC,0.706418156778812
T,ACG,1.00358615480264
T,ACC,0.511701466012001
V,GTG,-0.04349915428161011
V,GTC,0.609376253465811
Y,TAC,-0.0922086794087042
Z,AGC,1.15069959478378
