AA,Codon,Mean
A,GCG,0.2751440793355301
A,GCC,0.0501504854275535
C,TGC,0.299253663600485
D,GAC,-0.344200931634506
E,GAG,0.439599078478416
F,TTC,-0.617502834963799
G,GGG,0.44644455929596705
G,GGC,0.182229972436031
H,CAC,-0.627531531480948
I,ATC,-0.316482181465626
K,AAG,-0.317006916115681
L,CTG,0.273137094118198
L,CTC,-0.22481435331503496
L,TTG,-0.25858036057353
N,AAC,-0.623297746519248
P,CCG,0.855182040967544
P,CCC,0.535811976265907
Q,CAG,0.500374552138646
R,AGG,0.840855827751259
R,CGG,0.26400175706942997
R,CGC,0.259466717111071
S,TCG,0.296907626378536
S,TCC,-0.109699413057168
T,ACG,0.298414681337277
T,ACC,-0.30715985481739
V,GTG,0.055510204624136
V,GTC,-0.202335105948647
Y,TAC,-0.692934822920958
Z,AGC,-0.17010204359293
