AA,Codon,Mean
A,GCG,1.6851999413569771
A,GCC,1.04505998586416
C,TGC,1.07490822991927
D,GAC,1.59957879855633
E,GAG,0.869029578165213
F,TTC,1.08401554677486
G,GGG,0.5249892388502759
G,GGC,1.33544281284014
H,CAC,1.82011597054005
I,ATC,1.19196092216969
K,AAG,0.939371571950118
L,CTG,0.605753832487264
L,CTC,1.562123265844586
L,TTG,0.688126846865813
N,AAC,1.56377441084385
P,CCG,1.4657418049707962
P,CCC,1.36483276903629
Q,CAG,0.809767795280615
R,AGG,0.6286302377224009
R,CGG,1.063362699462953
R,CGC,1.66930227574507
S,TCG,1.2001377263784412
S,TCC,1.16693174138864
T,ACG,1.4148384914656482
T,ACC,1.22686439259052
V,GTG,0.692805325896541
V,GTC,1.19036367901166
Y,TAC,1.46331508711179
Z,AGC,1.13472179807027
