AA,Codon,Mean
A,GCG,2.0487306104114866
A,GCC,1.16656990613143
C,TGC,1.71298814923763
D,GAC,1.76500506011645
E,GAG,1.40088281342983
F,TTC,0.781537254134814
G,GGG,0.38741622780164
G,GGC,2.26177577563922
H,CAC,1.97013097071648
I,ATC,1.16354340819518
K,AAG,0.82394156186978
L,CTG,0.9978734013319059
L,CTC,2.25948311655124
L,TTG,0.64570833376646
N,AAC,1.360191233778
P,CCG,2.277515377416218
P,CCC,2.26756770383517
Q,CAG,1.44585614129702
R,AGG,1.462333008528752
R,CGG,0.9978446212053302
R,CGC,2.79078717452685
S,TCG,1.6621409500814963
S,TCC,1.34114055606524
T,ACG,2.064187408584353
T,ACC,1.51709939572016
V,GTG,0.9296494242986011
V,GTC,1.08866660085519
Y,TAC,1.42507222855886
Z,AGC,1.69179676273664
