AA,Codon,Mean
A,GCG,0.76796035467783
A,GCC,0.852016594266891
C,TGC,0.380738490437716
D,GAC,1.65917203864257
E,GAG,-0.457571617676814
F,TTC,2.27510775974592
G,GGG,0.23488991748491994
G,GGC,-0.0942225892172426
H,CAC,2.94080480020841
I,ATC,2.18931023278236
K,AAG,1.59757708303134
L,CTG,0.5883654114024148
L,CTC,1.0722671657204592
L,TTG,0.303979799729586
N,AAC,3.05309606820742
P,CCG,-1.156334641783312
P,CCC,-0.0507958409876519
Q,CAG,-0.688217669649919
R,AGG,-1.876160193759207
R,CGG,2.1699027385354
R,CGC,0.499822201782465
S,TCG,0.32478419961929994
S,TCC,1.45630284708341
T,ACG,-0.15133788515726998
T,ACC,1.7474973222971
V,GTG,1.1994325966596602
V,GTC,1.70443921753565
Y,TAC,3.13904171500206
Z,AGC,1.24892246531645
