AA,Codon,Mean
A,GCG,1.37264571961561
A,GCC,0.57931265583237
C,TGC,1.33163236606121
D,GAC,0.227215046221018
E,GAG,1.88645894401073
F,TTC,-1.07065977503856
G,GGG,1.5170807898839302
G,GGC,2.09571178268592
H,CAC,-1.25744256302516
I,ATC,-0.557813746062915
K,AAG,-0.315401959056656
L,CTG,0.15513073686759005
L,CTC,0.6000884061808389
L,TTG,0.850438428552945
N,AAC,-1.38279412302971
P,CCG,3.47847602252165
P,CCC,2.09072787373861
Q,CAG,1.88540881430308
R,AGG,3.55663164273898
R,CGG,-0.7715346180439
R,CGC,1.55407386010488
S,TCG,1.8269518288413698
S,TCC,0.144975413575148
T,ACG,2.45304992370208
T,ACC,-0.174022604120523
V,GTG,-0.3852625975131998
V,GTC,-0.0127969335771102
Y,TAC,-1.60242978006204
Z,AGC,0.245625099740922
