AA,Codon,Mean
A,GCG,2.26976959169706
A,GCC,1.15983228189945
C,TGC,2.40011525980632
D,GAC,0.946913212275505
E,GAG,3.37055100781123
F,TTC,-1.51679315353235
G,GGG,2.0317489633878107
G,GGC,3.51700108499527
H,CAC,-1.27584941108227
I,ATC,-0.473813302536805
K,AAG,-0.0238749642891617
L,CTG,0.6392259089628798
L,CTC,0.9700002049595111
L,TTG,2.00900061377684
N,AAC,-1.42286069331169
P,CCG,5.11087509123484
P,CCC,3.06316005597115
Q,CAG,3.14132831128438
R,AGG,5.20396256796519
R,CGG,-0.7275559541543295
R,CGC,2.84087115111351
S,TCG,2.96936116570632
S,TCC,0.593529580583175
T,ACG,3.55320980391503
T,ACC,0.123234697104494
V,GTG,0.15362295923233038
V,GTC,0.248209235916535
Y,TAC,-1.78538415093422
Z,AGC,0.913368413285414
