AA,Codon,Mean
A,GCG,0.13379572499593095
A,GCC,0.00991018176705168
C,TGC,0.451860770044724
D,GAC,-0.176246357835333
E,GAG,0.307609604080518
F,TTC,-0.49085415977637
G,GGG,-0.007607610849539981
G,GGC,0.340523591258128
H,CAC,-0.287586040476958
I,ATC,-0.185106330358982
K,AAG,-0.302562677367528
L,CTG,0.2832062673182537
L,CTC,0.308504922918479
L,TTG,0.104264450478057
N,AAC,-0.416348199892044
P,CCG,0.6414565712342659
P,CCC,0.581941891022523
Q,CAG,0.42811354358991
R,AGG,0.7046339259745944
R,CGG,0.06732293717860993
R,CGC,0.581869489645958
S,TCG,0.01752868004441205
S,TCC,-0.07737446184208
T,ACG,0.10621053314606305
T,ACC,-0.0964465231180191
V,GTG,-0.06749845918615605
V,GTC,-0.126701877236863
Y,TAC,-0.455194841746489
Z,AGC,-0.0108085943253735
