AA,Codon,Mean
A,GCG,1.698831407093999
A,GCC,1.05212722261747
C,TGC,0.810039553189278
D,GAC,1.2829950971206
E,GAG,0.888481092651685
F,TTC,0.940297598727544
G,GGG,0.823048493315776
G,GGC,1.14349296762943
H,CAC,1.3783385159572
I,ATC,1.03125164663792
K,AAG,0.953115728990237
L,CTG,0.477246455566088
L,CTC,1.102414238484699
L,TTG,0.551639779337247
N,AAC,1.19032747101784
P,CCG,1.488392051402731
P,CCC,1.25444393822352
Q,CAG,0.980530928623676
R,AGG,0.9590053156574581
R,CGG,1.1318850998842407
R,CGC,1.44230455543995
S,TCG,1.193182673641046
S,TCC,1.0214003772219
T,ACG,1.3603275097300602
T,ACC,1.09591787231763
V,GTG,0.47082321636676805
V,GTC,0.966778132180373
Y,TAC,1.08076167211533
Z,AGC,0.969555142986774
