AA,Codon,Mean
A,GCG,0.130924524773161
A,GCC,0.0520277209269504
C,TGC,0.147267431651553
D,GAC,-0.0824367532412211
E,GAG,0.151143206121027
F,TTC,-0.192454603688916
G,GGG,0.013942769871155003
G,GGC,0.221162906205654
H,CAC,-0.21201301454107
I,ATC,-0.0724514427907765
K,AAG,-0.239297792740663
L,CTG,0.30846545988420604
L,CTC,0.05538286717931401
L,TTG,-0.230445457194249
N,AAC,-0.215934913952152
P,CCG,0.5672079148362079
P,CCC,0.246402733332912
Q,CAG,0.248824840012193
R,AGG,0.388693377852688
R,CGG,-0.26476162777741796
R,CGC,0.279045263743401
S,TCG,0.05723825835386903
S,TCC,-0.00585614782318921
T,ACG,0.08297133866349898
T,ACC,-0.0326574082452804
V,GTG,-0.13394545479019498
V,GTC,-0.0258675713603695
Y,TAC,-0.229558792676528
Z,AGC,-0.0337231247355628
