AA,Codon,Mean
A,GCG,1.1982612446441256
A,GCC,0.725638042942683
C,TGC,0.90273574641943
D,GAC,0.85564828919967
E,GAG,0.72874157859087
F,TTC,0.134326167638103
G,GGG,0.6645449313640579
G,GGC,1.3552256367445
H,CAC,0.755833981605371
I,ATC,0.697063103624185
K,AAG,0.105823555981368
L,CTG,0.714244015479092
L,CTC,0.9841887023607879
L,TTG,-0.320262604033947
N,AAC,0.386277367554108
P,CCG,1.744712082928415
P,CCC,1.27756907293797
Q,CAG,0.764039400617282
R,AGG,1.083886814732393
R,CGG,0.12725597018401014
R,CGC,1.35452795353731
S,TCG,0.799307763717573
S,TCC,0.774661734954516
T,ACG,0.8289055276232461
T,ACC,0.607689245772362
V,GTG,-0.18737010256847197
V,GTC,0.856348049501578
Y,TAC,0.305087118727962
Z,AGC,0.623406263269981
