AA,Codon,Mean
A,GCG,0.9759188846995439
A,GCC,0.613369535863399
C,TGC,0.433934020731847
D,GAC,0.946505253390471
E,GAG,0.573098029585679
F,TTC,0.539970626397928
G,GGG,0.729289239670088
G,GGC,0.660650016466777
H,CAC,0.948054301842054
I,ATC,0.751609832064311
K,AAG,0.531896326979001
L,CTG,0.333875690889358
L,CTC,0.7997623342742509
L,TTG,0.0286595541921328
N,AAC,0.761747744087378
P,CCG,0.8641481066187227
P,CCC,0.795496052658558
Q,CAG,0.460250296119849
R,AGG,0.47145225289662995
R,CGG,0.643650671650469
R,CGC,0.677518385231495
S,TCG,0.7521944059789178
S,TCC,0.739392106986046
T,ACG,0.70941721957028
T,ACC,0.603757945648829
V,GTG,0.16963293475906094
V,GTC,0.840888493653138
Y,TAC,0.630843668905894
Z,AGC,0.386663006176551
