AA,Codon,Mean
A,GCG,-0.36257718225717595
A,GCC,-0.440185300672054
C,TGC,-0.428806357123454
D,GAC,-0.381857376396656
E,GAG,-0.345091257800659
F,TTC,-0.207017588168383
G,GGG,-0.307048712935051
G,GGC,-0.656054510641098
H,CAC,-0.342399660658836
I,ATC,-0.480917106290658
K,AAG,-0.213204370716214
L,CTG,-0.558611065385739
L,CTC,-0.529659996035198
L,TTG,-0.170087532732884
N,AAC,-0.34269011259079
P,CCG,-0.6490595961009712
P,CCC,-0.468186908247073
Q,CAG,-0.413143545532227
R,AGG,-0.484108677358429
R,CGG,-0.30967443604270595
R,CGC,-0.57747597351869
S,TCG,-0.44304923028548604
S,TCC,-0.368791772836447
T,ACG,-0.37577037164568894
T,ACC,-0.376024887220065
V,GTG,-0.25119239845077196
V,GTC,-0.483258163839579
Y,TAC,-0.380197638680538
Z,AGC,-0.367622581162055
