AA,Codon,Mean
A,GCG,0.6794486120025269
A,GCC,0.266981222970287
C,TGC,0.199636441405366
D,GAC,0.0912268286871413
E,GAG,0.0864627316642553
F,TTC,-0.15073014362057
G,GGG,0.41714329825242014
G,GGC,0.954202226610978
H,CAC,-0.113546573158229
I,ATC,0.0314030842436658
K,AAG,-0.388582954831918
L,CTG,-0.1775850199778901
L,CTC,0.39371023296515006
L,TTG,-1.3451757591486
N,AAC,-0.271925488822659
P,CCG,1.408518052983282
P,CCC,0.357527118865649
Q,CAG,-0.0396511285320673
R,AGG,1.01559454257273
R,CGG,0.019649992267289917
R,CGC,0.856342347049713
S,TCG,-0.12238922364712201
S,TCC,0.340530686328808
T,ACG,0.21194160917600302
T,ACC,0.169709087395668
V,GTG,-0.8948164373871433
V,GTC,0.110916589097617
Y,TAC,-0.506251881174246
Z,AGC,-0.0528859255198004
