AA,Codon,Mean
A,GCG,0.92907024090886
A,GCC,0.631361085947355
C,TGC,0.330857972385486
D,GAC,0.750790188213189
E,GAG,0.594149681580067
F,TTC,0.465497209246953
G,GGG,0.749441172325607
G,GGC,0.842037636653582
H,CAC,0.605340684052308
I,ATC,0.695115915254752
K,AAG,0.339484893433253
L,CTG,0.12234476114908999
L,CTC,0.801487354818975
L,TTG,-0.417111265462637
N,AAC,0.578886761450768
P,CCG,1.2232243592751701
P,CCC,0.725802744336923
Q,CAG,0.596474167819818
R,AGG,0.8063098327378388
R,CGG,0.5947457548618301
R,CGC,0.777577702228228
S,TCG,0.6135920591672219
S,TCC,0.669341262296836
T,ACG,0.669889809584613
T,ACC,0.697621166813374
V,GTG,-0.180416842410962
V,GTC,0.661047801566124
Y,TAC,0.307035288089514
Z,AGC,0.324324460341533
