AA,Codon,Mean
A,GCG,1.0618186859046927
A,GCC,0.540055408124129
C,TGC,0.340093326868614
D,GAC,0.632170551319917
E,GAG,0.533869968795776
F,TTC,0.596270088593165
G,GGG,0.725644171388944
G,GGC,0.450235994428396
H,CAC,0.71878718971014
I,ATC,0.539483999403318
K,AAG,0.404166115377347
L,CTG,0.009326499744256922
L,CTC,0.7463111483494479
L,TTG,-0.222489820576708
N,AAC,0.421861922796567
P,CCG,0.9034837793869988
P,CCC,0.534259256313245
Q,CAG,0.374517606286208
R,AGG,0.49863827269871897
R,CGG,0.685039611520369
R,CGC,0.648299367940426
S,TCG,0.7995158281725023
S,TCC,0.517819015276432
T,ACG,0.7815723446871248
T,ACC,0.528917243872086
V,GTG,-0.05394809491832997
V,GTC,0.634731407014529
Y,TAC,0.36004263873895
Z,AGC,0.418009860779842
