AA,Codon,Mean
A,GCG,0.34617602595488195
A,GCC,0.0523595224386702
C,TGC,0.255063975539803
D,GAC,-0.150880582543214
E,GAG,-0.126369864243269
F,TTC,-0.242576567423344
G,GGG,0.525672319988409
G,GGC,0.478776994850238
H,CAC,-0.271987444348137
I,ATC,-0.0439095688957721
K,AAG,-0.310391128110886
L,CTG,-0.267895196608205
L,CTC,0.086721416457991
L,TTG,-0.269517553573847
N,AAC,-0.33269461281697
P,CCG,0.6183883329761528
P,CCC,0.284712192572157
Q,CAG,0.0524656220475833
R,AGG,0.5964658847307162
R,CGG,0.3733792202671399
R,CGC,0.464372977528969
S,TCG,0.01007724360823703
S,TCC,0.0132835521943027
T,ACG,0.09871004048784598
T,ACC,-0.0401894669656952
V,GTG,-0.11110274497568601
V,GTC,-0.0170434873985088
Y,TAC,-0.303151889332135
Z,AGC,0.0541036057721823
