AA,Codon,Mean
A,GCG,0.8178261627926469
A,GCC,0.157666399948796
C,TGC,0.0412304898866726
D,GAC,0.20736584130923
E,GAG,0.222073809256156
F,TTC,0.219505627041062
G,GGG,0.494542559208193
G,GGC,-0.0287628245185206
H,CAC,0.373498831274112
I,ATC,0.0575679510790855
K,AAG,0.16149534206142
L,CTG,-0.40728731884757696
L,CTC,0.20894656641681997
L,TTG,-0.594792193110784
N,AAC,-0.0441234506379352
P,CCG,0.6372881478687128
P,CCC,0.121428287372738
Q,CAG,0.0442772839709272
R,AGG,0.3984119451244671
R,CGG,0.2786903920956853
R,CGC,0.269490204539895
S,TCG,0.4484950867659976
S,TCC,0.101072206803411
T,ACG,0.43819669604698797
T,ACC,0.0758829647162308
V,GTG,-0.4584813315615054
V,GTC,0.18438696025908
Y,TAC,-0.122822289411972
Z,AGC,0.0535900050711978
