AA,Codon,Mean
A,GCG,0.26176770799954696
A,GCC,0.0509704337008918
C,TGC,-0.221146794136365
D,GAC,-0.012377210572325
E,GAG,-0.0099916537724475
F,TTC,-0.295161032885313
G,GGG,1.0116957597573601
G,GGC,0.273337422682842
H,CAC,-0.166398702286681
I,ATC,-0.0904777812446157
K,AAG,-0.302910769331455
L,CTG,-0.04978688213229204
L,CTC,-0.015250614330172968
L,TTG,-0.29943518789808
N,AAC,-0.242141543984413
P,CCG,0.11752189729611107
P,CCC,-0.0184125660687158
Q,CAG,0.0907579353836676
R,AGG,0.4612427554289459
R,CGG,0.8067240975419671
R,CGC,0.17882881698211
S,TCG,0.1086257136225699
S,TCC,-0.0471030535766855
T,ACG,0.295729794756571
T,ACC,-0.0687386991199106
V,GTG,0.203815470993519
V,GTC,-0.0486317249453316
Y,TAC,-0.136819750867784
Z,AGC,-0.156704031674564
