AA,Codon,Mean
A,GCG,0.20013606471121298
A,GCC,0.432257704975208
C,TGC,0.094811697805735
D,GAC,0.0808640520551552
E,GAG,0.347988182715575
F,TTC,0.312742215235035
G,GGG,0.1974173546083348
G,GGC,-0.25153329063952
H,CAC,0.288710520074765
I,ATC,0.366349616245429
K,AAG,0.490249365540345
L,CTG,-0.316904625162482
L,CTC,0.18696275824064212
L,TTG,-0.0837136117828389
N,AAC,0.16971644415458
P,CCG,-0.017081065797804995
P,CCC,0.853485242553552
Q,CAG,-0.258107441105445
R,AGG,0.410863053715229
R,CGG,-0.22186779735485695
R,CGC,-0.277168455019593
S,TCG,0.0680844926944781
S,TCC,0.909848643465837
T,ACG,0.201899392390251
T,ACC,0.685428936930497
V,GTG,-0.28457219517628307
V,GTC,0.129582915308575
Y,TAC,-0.137457116567095
Z,AGC,-0.0718742327069951
