AA,Codon,Mean
A,GCG,0.505674364801745
A,GCC,0.788159596117338
C,TGC,0.232207662575444
D,GAC,0.494710940066973
E,GAG,0.697535747885704
F,TTC,0.703999614504973
G,GGG,0.38907205332343797
G,GGC,0.0361270580191001
H,CAC,0.697081314810117
I,ATC,0.754366127379735
K,AAG,0.71926476555268
L,CTG,-0.003817152689397002
L,CTC,0.5940128287546396
L,TTG,0.208183431330323
N,AAC,0.60209396686554
P,CCG,0.299840940589644
P,CCC,1.24827943572998
Q,CAG,0.185794150454799
R,AGG,0.5535560554842149
R,CGG,0.17642769973476702
R,CGC,-0.0847620385136455
S,TCG,0.4957552531327571
S,TCC,1.17718462615013
T,ACG,0.527032706224918
T,ACC,0.94166951072216
V,GTG,-0.1523043917790312
V,GTC,0.600641660630703
Y,TAC,0.326659094615777
Z,AGC,0.15919993134141
