AA,Codon,Mean
A,GCG,0.2439695420721237
A,GCC,0.141215392057598
C,TGC,-0.147184008867294
D,GAC,0.030257902060594
E,GAG,0.0462168893756985
F,TTC,-0.525574059861898
G,GGG,-0.0572042559410521
G,GGC,0.0909099675190325
H,CAC,0.0945602277290076
I,ATC,-0.302521508719524
K,AAG,-0.0760041432902217
L,CTG,-0.495597845900059
L,CTC,0.18837497832377792
L,TTG,-1.00303462943236
N,AAC,-0.527312277013063
P,CCG,-0.06883259164194203
P,CCC,-0.00197305061644339
Q,CAG,-0.193034070028861
R,AGG,0.19721945956945497
R,CGG,-0.156805996062363
R,CGC,0.252615445361535
S,TCG,-0.46112326626976297
S,TCC,0.18163602463156
T,ACG,-0.2260203413840711
T,ACC,0.0363280073026863
V,GTG,-0.7102408369223281
V,GTC,0.175878493643304
Y,TAC,-0.642853971036275
Z,AGC,-0.18909242648085
