AA,Codon,Mean
A,GCG,0.272167166694005
A,GCC,0.0928693249349793
C,TGC,0.502340108772119
D,GAC,-0.056791933709383
E,GAG,0.335704592823982
F,TTC,-0.280494924442967
G,GGG,0.09990650604565998
G,GGC,0.577785142632325
H,CAC,-0.143370072820783
I,ATC,-0.0578817583414416
K,AAG,-0.366181985068321
L,CTG,0.527416692098975
L,CTC,0.350796896974246
L,TTG,-0.260460730277499
N,AAC,-0.322582828191916
P,CCG,0.973954675859213
P,CCC,0.624519312787056
Q,CAG,0.475456030442317
R,AGG,0.7531649341035638
R,CGG,-0.3983778388102799
R,CGC,0.727754756681124
S,TCG,0.240169493295749
S,TCC,0.025152653702395
T,ACG,0.370000521733363
T,ACC,-0.0383292373428742
V,GTG,-0.17724752319256498
V,GTC,-0.0177922126537024
Y,TAC,-0.307729488452276
Z,AGC,0.121484035400053
