AA,Codon,Mean
A,GCG,0.791231680030624
A,GCC,0.504662172057231
C,TGC,0.11813746616741
D,GAC,0.542194964102904
E,GAG,0.486677276770274
F,TTC,0.0123256409835749
G,GGG,0.6200154417927071
G,GGC,0.466283340013027
H,CAC,0.545674689664443
I,ATC,0.296500216132402
K,AAG,0.4740679352959
L,CTG,0.06097244943380398
L,CTC,0.476195268317064
L,TTG,-0.233151353910565
N,AAC,0.249478626478712
P,CCG,0.41302890341033505
P,CCC,0.546613902445634
Q,CAG,0.266314069720109
R,AGG,0.4923196786840741
R,CGG,0.518119239004453
R,CGC,0.548842624650399
S,TCG,0.4123067942892513
S,TCC,0.564471093555291
T,ACG,0.553092579501867
T,ACC,0.441987720274925
V,GTG,-0.0014800266722840016
V,GTC,0.566043130441507
Y,TAC,0.108503127328058
Z,AGC,0.233557821145654
