AA,Codon,Mean
A,GCG,0.434423631050686
A,GCC,0.255939061297973
C,TGC,-0.123299965877334
D,GAC,0.407070377872388
E,GAG,0.0703103297432264
F,TTC,0.157927997471889
G,GGG,0.3720189783505471
G,GGC,0.0954256635338068
H,CAC,0.462493392241001
I,ATC,0.193249765287836
K,AAG,-0.0182958735303174
L,CTG,-0.57654739845308145
L,CTC,0.160125809010864
L,TTG,-0.4096624292473
N,AAC,0.216609813017646
P,CCG,0.22950246916046949
P,CCC,0.21356965358158
Q,CAG,-0.131200438102086
R,AGG,0.11878251322507793
R,CGG,0.4138748135681229
R,CGC,0.103798687226822
S,TCG,0.1932289333358404
S,TCC,0.303610460962852
T,ACG,0.28015233279888807
T,ACC,0.279761186111967
V,GTG,-0.35521755504127234
V,GTC,0.304718901862701
Y,TAC,-0.0236678615295213
Z,AGC,-0.00729131673852085
