AA,Codon,Mean
A,GCG,0.23505712773402498
A,GCC,0.121108043661217
C,TGC,0.32565414369901
D,GAC,-0.0357848143722862
E,GAG,0.0899655669058363
F,TTC,-0.156176581560572
G,GGG,0.11067952419916804
G,GGC,0.444926584351063
H,CAC,-0.155652241770426
I,ATC,-0.015155302380301
K,AAG,-0.181980280668537
L,CTG,0.281626583814621
L,CTC,0.25669245545268
L,TTG,-0.300213465472062
N,AAC,-0.20843792031606
P,CCG,0.760155828944842
P,CCC,0.348476189792156
Q,CAG,0.232832360259692
R,AGG,0.4504807396903633
R,CGG,-0.2397447215835209
R,CGC,0.530018679763873
S,TCG,0.008290558749438015
S,TCC,0.0337556734594827
T,ACG,0.090873456573486
T,ACC,0.0117147308348901
V,GTG,-0.173771873388688
V,GTC,0.00144781089233356
Y,TAC,-0.184418598579367
Z,AGC,0.0618627196944008
