AA,Codon,Mean
A,GCG,-0.04496328462566039
A,GCC,-0.148392309818665
C,TGC,-0.322607069158554
D,GAC,-0.140591567690174
E,GAG,-0.273760873391231
F,TTC,-0.249326658637325
G,GGG,-0.10494578386393008
G,GGC,-0.30058890397946
H,CAC,-0.155869772292674
I,ATC,-0.46721158156395
K,AAG,-0.414396025105317
L,CTG,-1.178168557488918
L,CTC,-0.4610434231654321
L,TTG,-1.02460396935542
N,AAC,-0.469219939804077
P,CCG,-0.322625118792306
P,CCC,-0.372709804612398
Q,CAG,-0.751046807738145
R,AGG,-0.04545471921761901
R,CGG,-0.301477271044254
R,CGC,-0.376981962551673
S,TCG,-0.587704718859245
S,TCC,-0.0436793882290647
T,ACG,-0.16599126833491012
T,ACC,-0.227231083243092
V,GTG,-0.879213317015767
V,GTC,-0.200121860371033
Y,TAC,-0.64325918705066
Z,AGC,-0.374426868154605
