AA,Codon,Mean
A,GCG,1.46125734124581
A,GCC,0.891132888225714
C,TGC,0.487806246652206
D,GAC,1.00436657506625
E,GAG,0.747650297673543
F,TTC,0.766298719410102
G,GGG,0.801112166227897
G,GGC,0.735783036986987
H,CAC,1.20475807371934
I,ATC,0.995722542234262
K,AAG,0.501175233701865
L,CTC,0.9384009257634529
L,TTG,0.102149378662308
N,AAC,1.04260030553341
P,CCG,0.9113680791263781
P,CCC,0.837186566929022
Q,CAG,0.570888366246223
R,AGG,0.7050192648609479
R,CGG,0.60598118960758
R,CGC,0.892088661968708
S,TCG,0.729224733124177
S,TCC,0.885798810048898
T,ACG,0.847934284976125
T,ACC,0.893047300430139
V,GTG,0.350811567191283
V,GTC,1.02786472717126
Y,TAC,0.876648098345598
Z,AGC,0.656057315993309
