AA,Codon,Mean
A,GCG,-0.014657837847868005
A,GCC,0.0328823645423477
C,TGC,0.401719364412626
D,GAC,-0.119783908074598
E,GAG,0.354514151350657
F,TTC,-0.362212120449543
G,GGG,0.15321116044918692
G,GGC,0.455307067660491
H,CAC,-0.352405785707633
I,ATC,-0.116882797835767
K,AAG,-0.296110382197301
L,CTC,0.121917723490795
L,TTG,0.0776767432351907
N,AAC,-0.359891677276293
P,CCG,0.7103597814559941
P,CCC,0.600473004086812
Q,CAG,0.391963968670368
R,AGG,0.567596368644
R,CGG,0.02158833150068995
R,CGC,0.627657574796677
S,TCG,0.0017549520969390442
S,TCC,-0.0187906015700267
T,ACG,0.13576356343825702
T,ACC,-0.115185205344359
V,GTG,-0.15667573953270897
V,GTC,-0.0613000272631645
Y,TAC,-0.380638432226578
Z,AGC,0.0304771245550887
