AA,Codon,Mean
A,GCG,1.274959707983339
A,GCC,0.792775806037585
C,TGC,0.219463290512065
D,GAC,0.762174214355151
E,GAG,0.251369902276993
F,TTC,0.307222581885258
G,GGG,1.1598817581552154
G,GGC,0.51720592019558
H,CAC,0.827778374818961
I,ATC,0.531967329665025
K,AAG,0.231133432889978
L,CTG,-0.362222543605168
L,CTC,0.576366129495451
L,TTG,-0.702169588343302
N,AAC,0.606935212763151
P,CCG,0.659132797362404
P,CCC,0.986438691778978
Q,CAG,0.0193947036672277
R,AGG,1.085402923971911
R,CGG,1.094034432182709
R,CGC,0.802331998376052
S,TCG,0.498007885291179
S,TCC,0.905695360259215
T,ACG,0.9554041571259501
T,ACC,0.636768333045642
V,GTG,-0.223179988487561
V,GTC,0.50724399142464
Y,TAC,0.644189698211352
Z,AGC,0.196658735356232
