AA,Codon,Mean
A,GCG,1.0548555069714811
A,GCC,0.749780899016062
C,TGC,0.163439056246479
D,GAC,0.748888600647449
E,GAG,0.280129161089659
F,TTC,0.447948809989293
G,GGG,0.566938911363482
G,GGC,0.214608811443051
H,CAC,0.922705734078089
I,ATC,0.463492666435242
K,AAG,0.517397943723202
L,CTG,-0.298812643606464
L,CTC,0.538262245882054
L,TTG,-0.363320336123308
N,AAC,0.712452366709709
P,CCG,0.5424927429270878
P,CCC,0.971237704145908
Q,CAG,0.146810469388465
R,AGG,0.622814487851659
R,CGG,0.442014551252623
R,CGC,0.101226362073026
S,TCG,0.3634656313300131
S,TCC,0.877795114147663
T,ACG,0.7603892866030928
T,ACC,0.604180647369226
V,GTG,-0.270965554093321
V,GTC,0.503483114816745
Y,TAC,0.684391886440913
Z,AGC,0.130049256316821
