AA,Codon,Mean
A,GCG,0.18323321203589504
A,GCC,0.0018614591895517
C,TGC,-0.013541147962168
D,GAC,-0.112362121095757
E,GAG,-0.0916026733557383
F,TTC,-0.21523136827449
G,GGG,0.70357370655338
G,GGC,0.14974456991305
H,CAC,-0.195145922735333
I,ATC,-0.0586948420795302
K,AAG,-0.488419440233707
L,CTG,-0.24967244167725305
L,CTC,-0.0399834283658303
L,TTG,-0.545479967721303
N,AAC,-0.248222476698955
P,CCG,0.17563385265270903
P,CCC,-0.084339745943745
Q,CAG,-0.313103626630704
R,AGG,0.515743129006525
R,CGG,0.5905252989619969
R,CGC,0.835090323936939
S,TCG,0.06387348485191602
S,TCC,-0.0230365816764534
T,ACG,0.13356674085259396
T,ACC,-0.051610128561159
V,GTG,-0.043161720105012014
V,GTC,-0.040321182939286
Y,TAC,-0.21584257667164
Z,AGC,-0.137543967379133
