AA,Codon,Mean
A,GCG,1.176217808928092
A,GCC,0.689257643051942
C,TGC,0.458275311984619
D,GAC,0.819720526385307
E,GAG,0.296698288615545
F,TTC,0.314107670468092
G,GGG,0.6882161816241841
G,GGC,0.70948585720857
H,CAC,0.851427720892429
I,ATC,0.335754258805513
K,AAG,0.257045240974426
L,CTG,-0.239629727910955
L,CTC,0.5147759750386081
L,TTG,-0.430414425158501
N,AAC,0.525233699204524
P,CCG,1.062646814779937
P,CCC,0.636028884510199
Q,CAG,0.143141411411762
R,AGG,0.799831419515615
R,CGG,0.660153474691386
R,CGC,0.658775760559241
S,TCG,0.973119774534305
S,TCC,0.5673290690581
T,ACG,1.087359473055601
T,ACC,0.671195765924454
V,GTG,-0.08244398854176199
V,GTC,0.751559180716673
Y,TAC,0.529432160878181
Z,AGC,0.485420124600331
