AA,Codon,Mean
A,GCG,0.20144793437520697
A,GCC,0.0434650342355172
C,TGC,0.532250603417555
D,GAC,-0.0589341363489628
E,GAG,0.256635403509935
F,TTC,-0.220470393083493
G,GGG,0.22363623023827894
G,GGC,0.562304275198778
H,CAC,-0.210746432332198
I,ATC,-0.0616779066840808
K,AAG,0.112532056929171
L,CTG,0.37216343578100197
L,CTC,0.17836130158305202
L,TTG,-0.00535460437837711
N,AAC,-0.262949924928943
P,CCG,0.738246093241373
P,CCC,0.856856676967939
Q,CAG,0.390656275125345
R,AGG,0.7983241309322414
R,CGG,0.11294873692194995
R,CGC,0.53710406088233
S,TCG,0.273038557735085
S,TCC,0.0251767421926527
T,ACG,0.280970056770245
T,ACC,-0.0418722978713612
V,GTG,-0.18013283998568796
V,GTC,-0.0237732175692295
Y,TAC,-0.235624756457408
Z,AGC,0.155541635240118
