AA,Codon,Mean
A,GCG,1.0045500288658393
A,GCC,0.903793111220996
C,TGC,0.720150673099359
D,GAC,0.812051717189948
E,GAG,0.501782429204385
F,TTC,0.566095647935073
G,GGG,0.67656935420831
G,GGC,0.702830347677072
H,CAC,1.1677531071345
I,ATC,0.734497410682837
K,AAG,0.655342052078247
L,CTG,0.28001850256125005
L,CTC,0.786847143205003
L,TTG,-0.0971706920693318
N,AAC,0.764845589256287
P,CCG,0.81203622349302
P,CCC,0.940773782908916
Q,CAG,0.555527313176791
R,AGG,0.9193871939043171
R,CGG,0.87536006822586
R,CGC,0.835456921521823
S,TCG,0.8424251127508776
S,TCC,0.867209278889497
T,ACG,0.8102934268191454
T,ACC,0.943385790598392
V,GTG,-0.16900056500136895
V,GTC,0.842156181561947
Y,TAC,0.694317017706235
Z,AGC,0.698397091285388
