AA,Codon,Mean
A,GCG,0.34875445990165
A,GCC,0.137388922721644
C,TGC,0.626992998858293
D,GAC,0.0569413002178073
E,GAG,0.539141532383362
F,TTC,-0.333455799124638
G,GGG,0.428265338977181
G,GGC,0.669623639376958
H,CAC,-0.26004254783392
I,ATC,-0.0697741330571473
K,AAG,-0.148631595632931
L,CTG,0.229690346725782
L,CTC,0.313679654031992
L,TTG,0.244666575997074
N,AAC,-0.278258694061637
P,CCG,0.838430348430077
P,CCC,0.867165224130948
Q,CAG,0.556252808833122
R,AGG,1.087054193083445
R,CGG,0.19913594621817987
R,CGC,0.806053076620897
S,TCG,0.34883071079055405
S,TCC,0.0477886460073292
T,ACG,0.29895734116236394
T,ACC,0.00703449415002845
V,GTG,-0.7214576012810069
V,GTC,0.0261946071721555
Y,TAC,-0.247395471535126
Z,AGC,0.301967491455873
