AA,Codon,Mean
A,GCG,0.273751806090275
A,GCC,0.0100046806137157
C,TGC,0.45020487741828
D,GAC,-0.0940368620862563
E,GAG,0.303124183779955
F,TTC,-0.214179562106729
G,GGG,0.380128120185932
G,GGC,0.283202834408482
H,CAC,-0.225429336791237
I,ATC,-0.096654414276282
K,AAG,-0.156352917796373
L,CTG,0.689537711199384
L,CTC,0.615941883778572
L,TTG,0.150906108179688
N,AAC,-0.247117503021161
P,CCG,0.929738569579522
P,CCC,0.805916759816806
Q,CAG,0.54256446309487
R,AGG,0.6393525295841197
R,CGG,0.59871476668517
R,CGC,0.478004354608059
S,TCG,0.24546929904222503
S,TCC,-0.0338984073919555
T,ACG,0.264092904336254
T,ACC,-0.075031966282924
V,GTG,0.16322042159636796
V,GTC,-0.0575099525943398
Y,TAC,-0.24503905069232
Z,AGC,-0.0615234498993804
