AA,Codon,Mean
A,GCG,1.727426824931303
A,GCC,1.22528723076185
C,TGC,0.97428770976464
D,GAC,1.50464496069749
E,GAG,0.863334725570679
F,TTC,1.10544033186436
G,GGG,0.576443603737156
G,GGC,1.55289862798055
H,CAC,1.61958086474737
I,ATC,1.26766967737675
K,AAG,1.07715345962048
L,CTG,0.3422774117151859
L,CTC,1.099550362881025
L,TTG,0.579280739255746
N,AAC,1.38904661994775
P,CCG,1.450103825796647
P,CCC,1.18209756959279
Q,CAG,0.921804770938555
R,AGG,0.8304319546063701
R,CGG,0.7208893069477722
R,CGC,1.64622134014765
S,TCG,1.204222752690315
S,TCC,1.15741551610629
T,ACG,1.354716582013173
T,ACC,1.25479734729926
V,GTG,0.379223094804088
V,GTC,1.31666319181919
Y,TAC,1.23578645807107
Z,AGC,1.18791915461222
