AA,Codon,Mean
A,GCG,1.749150019880131
A,GCC,1.2774113780419
C,TGC,1.61971271000703
D,GAC,1.32277157196204
E,GAG,0.96223734532992
F,TTC,0.486789883607626
G,GGG,0.43479333446821
G,GGC,2.27587104458809
H,CAC,1.31544611469905
I,ATC,1.01884770845175
K,AAG,0.572170270077388
L,CTG,0.589709730434418
L,CTC,1.73973987532854
L,TTG,0.539774051640431
N,AAC,0.863073335627715
P,CCG,2.385868700945381
P,CCC,2.02424241274993
Q,CAG,1.34600730779171
R,AGG,1.629484141493837
R,CGG,0.027691896692910056
R,CGC,2.54959874933561
S,TCG,1.008610355610645
S,TCC,1.08678114589055
T,ACG,1.257889501996833
T,ACC,1.23364573259354
V,GTG,0.069715880270795
V,GTC,1.1411460726579
Y,TAC,0.707670948739847
Z,AGC,1.27986895232995
