AA,Codon,Mean
A,GCG,2.7012698294580013
A,GCC,1.97622882958253
C,TGC,2.02075481512547
D,GAC,2.37367878026962
E,GAG,2.76248621751467
F,TTC,1.03768647583326
G,GGG,1.1814738217453198
G,GGC,2.7974003938357
H,CAC,2.47750453651746
I,ATC,1.86383154481252
K,AAG,1.13167021900813
L,CTG,0.683829582814372
L,CTC,2.122352223189674
L,TTG,2.75329634513855
N,AAC,2.50207939089139
P,CCG,2.702266925805804
P,CCC,2.4052403816541
Q,CAG,3.01275141997337
R,AGG,0.3592758980604589
R,CGG,1.5832495475888253
R,CGC,2.58577148971558
S,TCG,2.7155194898963018
S,TCC,2.10244074985186
T,ACG,2.208770614093538
T,ACC,1.88778547519843
V,GTG,2.003193204275772
V,GTC,1.76432530197302
Y,TAC,2.10534852256775
Z,AGC,2.29285671941439
