AA,Codon,Mean
A,GCG,0.19636951695680593
A,GCC,0.188716356967557
C,TGC,0.0136676982010914
D,GAC,0.064224446564015
E,GAG,-0.408429054222504
F,TTC,0.368495797266563
G,GGG,0.479872196454803
G,GGC,0.136208795312554
H,CAC,-0.213402538389524
I,ATC,-0.0646551576692724
K,AAG,0.1321766733367
L,CTG,0.08687545703649502
L,CTC,0.15208411120971022
L,TTG,-1.23947588020166
N,AAC,-0.553179843908548
P,CCG,0.1661740117078211
P,CCC,0.216517642682528
Q,CAG,-0.71152241658171
R,AGG,1.3050555573234959
R,CGG,0.524357276473016
R,CGC,0.401207217178187
S,TCG,-0.010490959368148978
S,TCC,-0.0898322301890315
T,ACG,0.15129601978659596
T,ACC,0.00348632928020962
V,GTG,-1.373765268714229
V,GTC,0.323459265707433
Y,TAC,-0.436591188937426
Z,AGC,-0.237219847252779
