AA,Codon,Mean
A,GCG,0.03997585673530901
A,GCC,0.0321734788803384
C,TGC,0.068986890416344
D,GAC,-0.0274564559653207
E,GAG,-0.00667772308172324
F,TTC,-0.146017894756297
G,GGG,0.30145025983154794
G,GGC,0.27385741446813
H,CAC,-0.110653891941905
I,ATC,-0.0194935458637512
K,AAG,-0.275814924336473
L,CTG,-0.129433725984892
L,CTC,0.04789903991777776
L,TTG,-0.230974673093359
N,AAC,-0.137620509293675
P,CCG,0.23595469408432598
P,CCC,0.0403494916500524
Q,CAG,0.130003637627264
R,AGG,0.339113462941348
R,CGG,0.35823103464841805
R,CGC,0.319354784586032
S,TCG,0.08022655510902402
S,TCC,0.029848844517488
T,ACG,0.053068356720607
T,ACC,-0.0290572107220069
V,GTG,-0.064642100677888
V,GTC,0.0137473890637839
Y,TAC,-0.119077090732753
Z,AGC,0.0672394493424644
