AA,Codon,Mean
A,GCG,-0.09618796080251502
A,GCC,-0.00632230789927743
C,TGC,-0.521908615461985
D,GAC,-0.00282877061884762
E,GAG,-0.281334017084042
F,TTC,-0.127816723252833
G,GGG,-0.04547484539945901
G,GGC,-0.802284273906549
H,CAC,0.223383210595449
I,ATC,-0.054943271472988
K,AAG,-0.347966297696034
L,CTG,-0.774460570694506
L,CTC,0.036851665135721995
L,TTG,-0.526718550314506
N,AAC,-0.162898609496156
P,CCG,-0.23082533768300162
P,CCC,0.431581737589836
Q,CAG,-0.847506085169315
R,AGG,-0.04615164690415097
R,CGG,-0.267218471415837
R,CGC,-0.523649760786692
S,TCG,-0.489980403610568
S,TCC,0.443702628928423
T,ACG,-0.19360394908022122
T,ACC,0.0923809320680797
V,GTG,-0.599636347591877
V,GTC,0.144996045649548
Y,TAC,-0.244057586135467
Z,AGC,-0.604714432108402
