AA,Codon,Mean
A,GCG,0.45393381943503996
A,GCC,0.456491668017705
C,TGC,0.0862141175617774
D,GAC,0.695589965661367
E,GAG,0.158163489104311
F,TTC,0.318112278324366
G,GGG,0.2886548830443602
G,GGC,-0.0215948911516001
H,CAC,0.937603060547511
I,ATC,0.472844384859006
K,AAG,0.0481125498284275
L,CTG,-0.28135079099536
L,CTC,0.622170293794075
L,TTG,-0.165465843089918
N,AAC,0.566212674248219
P,CCG,0.2282191429020988
P,CCC,0.847829663217068
Q,CAG,-0.215605618426204
R,AGG,0.11908829751014705
R,CGG,0.08160788667996793
R,CGC,0.176300123955309
S,TCG,0.1305858629847565
S,TCC,0.825311969939868
T,ACG,0.333944386127094
T,ACC,0.677904219329357
V,GTG,-0.130169190051158
V,GTC,0.672119196649392
Y,TAC,0.55997102205356
Z,AGC,0.143543812108537
