AA,Codon,Mean
A,GCG,1.107994724403322
A,GCC,0.273664894499381
C,TGC,-0.383659761609634
D,GAC,-0.0505721114054943
E,GAG,0.0821510904915631
F,TTC,-0.367121408957243
G,GGG,0.347527954447269
G,GGC,-0.468895397136609
H,CAC,0.147897723412514
I,ATC,-0.263177757099271
K,AAG,-0.092507140823702
L,CTC,-0.17696293609788102
L,TTG,-1.06837964307467
N,AAC,-0.168154365315537
P,CCG,-0.06664881346517529
P,CCC,0.202822489590446
Q,CAG,0.0192279947052775
R,AGG,0.12014606205374004
R,CGG,0.22544584435224502
R,CGC,-0.32248645833532
S,TCG,-0.0043527951672669984
S,TCC,0.126419727953275
T,ACG,0.279459144639969
T,ACC,0.101520379454146
V,GTG,-0.9754867824018
V,GTC,0.235251382021109
Y,TAC,-0.400806561879317
Z,AGC,-0.349490238515536
