AA,Codon,Mean
A,GCG,0.06757217367490098
A,GCC,0.101036456083755
C,TGC,0.377209275207917
D,GAC,-0.108310048003495
E,GAG,-0.273986272461216
F,TTC,-0.292299003023903
G,GGG,1.128338817544781
G,GGC,0.771207624189059
H,CAC,-0.47307385019064
I,ATC,0.0271494030331693
K,AAG,-0.499750520612796
L,CTC,0.30144832685589795
L,TTG,-0.461999899713198
N,AAC,-0.445687072346608
P,CCG,1.2621842504162328
P,CCC,0.286669251855214
Q,CAG,-0.220794967250029
R,AGG,1.1870603427489599
R,CGG,-0.5339009927352301
R,CGC,0.728387253475189
S,TCG,-0.20801487584511502
S,TCC,0.104940174384912
T,ACG,0.037296241911252026
T,ACC,0.00482652879857627
V,GTG,-0.24290227365493805
V,GTC,-0.00252922718808478
Y,TAC,-0.4303097125868
Z,AGC,0.190881896527112
