AA,Codon,Mean
A,GCG,0.7564977118384167
A,GCC,-0.198104167370001
C,TGC,-0.555862874946992
D,GAC,-0.807483194994926
E,GAG,-0.58139971900781
F,TTC,-0.742624955205123
G,GGG,0.44283561487422013
G,GGC,-0.75833594215711
H,CAC,-0.676712040118376
I,ATC,-0.639855694663525
K,AAG,-0.768352964687347
L,CTC,-0.406647008707126
L,TTG,-2.12291354029179
N,AAC,-1.04588458037376
P,CCG,-0.43807359181791494
P,CCC,-0.103035270411149
Q,CAG,-0.795222442297141
R,AGG,0.5490086580679899
R,CGG,-0.707282362405904
R,CGC,-0.39524764995575
S,TCG,-1.088287519892056
S,TCC,-0.228023023210963
T,ACG,-0.347987691511711
T,ACC,-0.421998468901714
V,GTG,-1.731446746349338
V,GTC,-0.0364021364411313
Y,TAC,-1.23971667354902
Z,AGC,-0.676500888784726
