AA,Codon,Mean
A,GCG,0.08663924153049801
A,GCC,-0.255372921658556
C,TGC,-0.234147589341799
D,GAC,-0.539401754538218
E,GAG,-0.691331374375025
F,TTC,-0.213393235685428
G,GGG,-0.08339296460549095
G,GGC,-0.815192712068558
H,CAC,-0.758746959638596
I,ATC,-0.540727336657047
K,AAG,-0.557478327528636
L,CTG,-1.448155822699269
L,CTC,-0.5765665145578488
L,TTG,-1.21395446809133
N,AAC,-0.867903407784303
P,CCG,-0.44091546963751305
P,CCC,-0.360428662453095
Q,CAG,-1.01375571694771
R,AGG,-0.253597246495886
R,CGG,-0.6051485722680889
R,CGC,-0.860292243806521
S,TCG,-0.364121503017222
S,TCC,0.068313930330798
T,ACG,-0.19763786809047101
T,ACC,-0.182582513564825
V,GTG,-1.643245609875525
V,GTC,-0.0914863516968985
Y,TAC,-0.870617016073068
Z,AGC,-0.667452650018533
