AA,Codon,Mean
A,GCG,0.064379589132468
A,GCC,0.104299893756211
C,TGC,0.237233320326606
D,GAC,-0.0397417710907136
E,GAG,-0.201606381524603
F,TTC,-0.122876376215617
G,GGG,0.975013837635514
G,GGC,0.726731417965889
H,CAC,-0.26807699443996
I,ATC,0.0900616321951151
K,AAG,-0.456977714633942
L,CTG,0.01111020271778096
L,CTC,0.1562185549955814
L,TTG,-0.469563354200125
N,AAC,-0.272107157554229
P,CCG,1.353756291741133
P,CCC,0.32172084047397
Q,CAG,-0.255102355701725
R,AGG,0.8317146119376029
R,CGG,0.21440142951806007
R,CGC,0.650350043400129
S,TCG,-0.15812985675732294
S,TCC,0.0506982502443095
T,ACG,0.29666527408361487
T,ACC,-0.0140231785173572
V,GTG,-0.08902408407926599
V,GTC,0.0741159107757111
Y,TAC,-0.275109670402606
Z,AGC,0.20646536860466
