AA,Codon,Mean
A,GCG,-0.25872201126416505
A,GCC,-0.679162605241935
C,TGC,-0.347560556584597
D,GAC,-1.12962159189383
E,GAG,-1.25341544008255
F,TTC,-0.65749136783282
G,GGG,-0.0036407087484989775
G,GGC,-1.32261531986396
H,CAC,-1.32737396607399
I,ATC,-1.0700985956351
K,AAG,-1.24941112882296
L,CTG,-2.369508077750602
L,CTC,-1.0921246225017718
L,TTG,-1.89870426022212
N,AAC,-1.53390087854067
P,CCG,-0.46909344352285104
P,CCC,-0.808954001176357
Q,CAG,-1.86899937384129
R,AGG,-0.11133480664094308
R,CGG,-0.90367197479258
R,CGC,-0.839199937216441
S,TCG,-1.162097911128402
S,TCC,-0.271366375912229
T,ACG,-0.683997233887515
T,ACC,-0.696867530322075
V,GTG,-2.590669109396141
V,GTC,-0.341154355144501
Y,TAC,-1.37610833071073
Z,AGC,-0.974987274813652
