AA,Codon,Mean
A,GCG,1.232322824585442
A,GCC,0.608425752619902
C,TGC,0.409999663219849
D,GAC,0.589967923327287
E,GAG,0.165713934583465
F,TTC,0.425615819847584
G,GGG,0.257585012916227
G,GGC,0.622348578178883
H,CAC,0.560523132950068
I,ATC,0.579285445845127
K,AAG,0.17461147767206
L,CTC,0.369185141654814
L,TTG,-0.452394801048438
N,AAC,0.384561934264501
P,CCG,0.5089518125960759
P,CCC,0.558066448597113
Q,CAG,0.130833513121307
R,AGG,0.22050891813039797
R,CGG,0.4731794931769736
R,CGC,0.440148197003206
S,TCG,0.3925563959082976
S,TCC,0.578095029397806
T,ACG,0.513104291998843
T,ACC,0.510616856122017
V,GTG,-0.37924171695100783
V,GTC,1.15860144045353
Y,TAC,0.213591076742609
Z,AGC,0.716257177658876
