AA,Codon,Mean
A,GCG,-0.01607991314729096
A,GCC,-0.0929789917677641
C,TGC,0.350412510033449
D,GAC,-0.51176890146931
E,GAG,-0.0203940941883076
F,TTC,-0.338380602331956
G,GGG,0.6481118031978641
G,GGC,0.374141405886412
H,CAC,-0.922438167174657
I,ATC,-0.18075608758827
K,AAG,-0.835313979637623
L,CTC,-0.022616644573211997
L,TTG,-0.75521002676487
N,AAC,-0.812177335743109
P,CCG,1.061892954238256
P,CCC,0.470730111221472
Q,CAG,0.0273815312820254
R,AGG,1.259488900883003
R,CGG,-0.87619226101239
R,CGC,0.534908711987734
S,TCG,-0.672266532700261
S,TCC,-0.099515879355371
T,ACG,0.12123293174902594
T,ACC,-0.258109171944857
V,GTG,-0.49851830954353
V,GTC,-0.27050649071335803
Y,TAC,-0.71349595911502794
Z,AGC,-0.257859790153305
