AA,Codon,Mean
A,GCG,-0.2186737509202992
A,GCC,-0.373149093532562
C,TGC,-0.177654325979948
D,GAC,-0.508980418936412
E,GAG,-0.0344041657947598
F,TTC,-0.790323339569569
G,GGG,-0.531587469259898
G,GGC,-0.400632688138882
H,CAC,-0.467839021003246
I,ATC,-0.731798420218627
K,AAG,-0.145422316883008
L,CTG,-0.2914979195792534
L,CTC,-0.670869941842556
L,TTG,-0.354453738113244
N,AAC,-0.6212525927941
P,CCG,-0.147054823792974
P,CCC,-0.368375295235713
Q,CAG,-0.0459512513812981
R,AGG,0.0705155949457085
R,CGG,-0.426172269295281
R,CGC,-0.289054664316773
S,TCG,-0.3827483789916875
S,TCC,-0.439978619382779
T,ACG,-0.31924304026911654
T,ACC,-0.409786015995344
V,GTG,-0.2637358158183596
V,GTC,-0.764273430327574
Y,TAC,-0.577219886636734
Z,AGC,-0.32431514895161
