AA,Codon,Mean
A,GCG,2.0206607239166905
A,GCC,1.04315609316428
C,TGC,2.12433013271491
D,GAC,1.56988874688943
E,GAG,2.02741385674477
F,TTC,0.282997071808577
G,GGG,-0.4274170681079301
G,GGC,2.4683161930879
H,CAC,1.45516067140102
I,ATC,1.0223334935387
K,AAG,0.153734603738785
L,CTG,1.4511106059491612
L,CTC,2.743131728768346
L,TTG,1.23503243160248
N,AAC,0.795391855653127
P,CCG,3.32236686295668
P,CCC,1.7041420230786
Q,CAG,2.50191478144328
R,AGG,2.84612864188353
R,CGG,1.1279736012141002
R,CGC,3.29897221989632
S,TCG,1.75206126840909
S,TCC,1.04178401337862
T,ACG,2.06224158726136
T,ACC,0.990574988234043
V,GTG,-0.2539476880391398
V,GTC,1.00315111819108
Y,TAC,0.844588423848152
Z,AGC,1.63811938302517
