AA,Codon,Mean
A,GCG,1.730363916409021
A,GCC,0.896574912234147
C,TGC,1.37072339745363
D,GAC,1.60246979372501
E,GAG,1.10157248112361
F,TTC,0.864228215396404
G,GGG,0.21280381705363804
G,GGC,1.63033789551258
H,CAC,1.5504152260383
I,ATC,1.13058193779786
K,AAG,0.559504113471508
L,CTG,0.737390161116916
L,CTC,1.779484456713993
L,TTG,0.675413259482384
N,AAC,1.31269482956727
P,CCG,2.065547511442504
P,CCC,0.99314122021993
Q,CAG,1.46193298742771
R,AGG,1.4655899314607115
R,CGG,1.1760172815640808
R,CGC,1.9413471930186
S,TCG,1.4786462763441086
S,TCC,0.929189662329356
T,ACG,1.6476568803493652
T,ACC,0.961709929132462
V,GTG,0.04988521078825092
V,GTC,1.20661871669292
Y,TAC,1.357590427049
Z,AGC,1.43595618467331
