AA,Codon,Mean
A,GCG,0.02495487868785795
A,GCC,0.05769439879631
C,TGC,-0.26015499201417
D,GAC,-0.0419389793798948
E,GAG,-0.440838088732958
F,TTC,-0.361916921506325
G,GGG,0.5013957635283431
G,GGC,0.250661351981759
H,CAC,-0.290359341410796
I,ATC,-0.107503215114276
K,AAG,-0.597472796316942
L,CTG,-0.5526375348150729
L,CTC,0.001219181671241909
L,TTG,-0.734150059731801
N,AAC,-0.309735223901272
P,CCG,-0.13807128638426402
P,CCC,6.0333301241717e-4
Q,CAG,-0.440857834007343
R,AGG,0.29710349410375003
R,CGG,-0.290261369542278
R,CGC,0.198608079620202
S,TCG,-0.207703831416368
S,TCC,0.00925646723060128
T,ACG,0.04763616799513504
T,ACC,-0.0114608861656466
V,GTG,-0.194441620582343
V,GTC,-0.0584201261421045
Y,TAC,-0.319413327465455
Z,AGC,-0.133258777338266
