AA,Codon,Mean
A,GCG,0.03732696160754799
A,GCC,-0.29054862981836
C,TGC,-0.32761478193303
D,GAC,-0.422448259902
E,GAG,-0.226552936733762
F,TTC,0.0673457914936667
G,GGG,0.07249032949258899
G,GGC,-0.822838852938016
H,CAC,-0.349844619150956
I,ATC,0.156622711175183
K,AAG,0.0722035697778066
L,CTG,-1.073069349515438
L,CTC,-0.2277856749184361
L,TTG,-0.827008420987924
N,AAC,-0.325029118914406
P,CCG,-0.45546636912853694
P,CCC,-0.257466311018666
Q,CAG,-0.396204188776016
R,AGG,0.4411664689855923
R,CGG,-0.212396738257011
R,CGC,-0.720883921861649
S,TCG,-0.6322963704980911
S,TCC,0.0903991442361226
T,ACG,-0.208220994697014
T,ACC,-0.372635360238949
V,GTG,-1.081453871732951
V,GTC,0.0594721596799015
Y,TAC,-0.397995507359505
Z,AGC,-0.613234932688872
