AA,Codon,Mean
A,GCG,0.501677130519847
A,GCC,0.210836006503304
C,TGC,0.0806545736490361
D,GAC,0.205749287495017
E,GAG,0.210071288673083
F,TTC,0.200431745350361
G,GGG,0.308699872731914
G,GGC,-0.174696451707681
H,CAC,0.256824742791057
I,ATC,0.385191959643364
K,AAG,0.455420113988717
L,CTG,-0.38678784455450393
L,CTC,0.23110878515640904
L,TTG,-0.528591073916356
N,AAC,0.111326978860299
P,CCG,0.2698501659369718
P,CCC,0.285514855793118
Q,CAG,0.184305432603757
R,AGG,0.4965740956389983
R,CGG,0.30837097365732
R,CGC,-0.135110800755024
S,TCG,0.0886538341322326
S,TCC,0.483300843652089
T,ACG,0.366650377320249
T,ACC,0.144160562835634
V,GTG,-0.4933630274382733
V,GTC,0.461268827190002
Y,TAC,0.13020671603332
Z,AGC,-0.0945750622324645
