AA,Codon,Mean
A,GCG,1.398039153907203
A,GCC,0.875982093405724
C,TGC,0.383910538921754
D,GAC,1.24012686618964
E,GAG,0.272998002214233
F,TTC,0.419498998779058
G,GGG,0.806157175172866
G,GGC,0.877426269586881
H,CAC,1.43691286574999
I,ATC,0.47360077444911
K,AAG,0.178936007688443
L,CTG,-0.12257350649039
L,CTC,0.542212160571415
L,TTG,-0.247792923527956
N,AAC,0.829797998511791
P,CCG,1.834287205211322
P,CCC,0.668994260823727
Q,CAG,0.298952929290136
R,AGG,0.7356026610533402
R,CGG,0.833086073454221
R,CGC,0.614640347532431
S,TCG,1.378512764424086
S,TCC,0.77480824889342
T,ACG,1.245947524080674
T,ACC,0.943246500349045
V,GTG,-0.327586449688673
V,GTC,0.849607296355565
Y,TAC,1.09566042555173
Z,AGC,0.510623115642865
