AA,Codon,Mean
A,GCG,0.895566313580672
A,GCC,0.0123157429047136
C,TGC,1.12228113466501
D,GAC,0.154682415697475
E,GAG,0.905384475898743
F,TTC,-0.23057470532457
G,GGG,0.03546956084967001
G,GGC,1.11036173377832
H,CAC,-0.0635935109045356
I,ATC,-0.0402906097645561
K,AAG,-0.186039187729359
L,CTG,0.7567931296587009
L,CTC,0.553683932407697
L,TTG,0.345827776926756
N,AAC,-0.26391686018606
P,CCG,1.47280335169435
P,CCC,1.47202545821667
Q,CAG,1.26078050982157
R,AGG,1.879494973390304
R,CGG,0.48085183515549
R,CGC,1.2665250243028
S,TCG,1.037656048848476
S,TCC,0.0727175363207857
T,ACG,1.0726535732885152
T,ACC,-0.0689460326644282
V,GTG,0.156430415217082
V,GTC,-0.0469650382901231
Y,TAC,-0.2310848160098
Z,AGC,0.523644682614009
