AA,Codon,Mean
A,GCG,0.144642036380371
A,GCC,0.0666366126621763
C,TGC,0.529793424944083
D,GAC,0.00102325213901829
E,GAG,0.407078916160266
F,TTC,-0.226333641270796
G,GGG,0.229296902008852
G,GGC,0.562717338573933
H,CAC,-0.121432727494339
I,ATC,-0.0603985991728802
K,AAG,0.0982607763196031
L,CTC,0.16996322320302298
L,TTG,0.221842882528901
N,AAC,-0.178522515977422
P,CCG,0.8381500616769
P,CCC,0.534465735753377
Q,CAG,0.482693407231569
R,AGG,0.773433891744415
R,CGG,0.3883176869789797
R,CGC,0.702119077527523
S,TCG,0.4042751418653877
S,TCC,0.0369448903229088
T,ACG,0.462661244279146
T,ACC,-0.0467564573620756
V,GTG,-0.01627911235094104
V,GTC,0.0140508110387127
Y,TAC,-0.189764274593194
Z,AGC,0.157444081680973
