AA,Codon,Mean
A,GCG,1.2270176446932026
A,GCC,0.869758586382866
C,TGC,0.495577154650291
D,GAC,0.859566802581151
E,GAG,0.442866567532221
F,TTC,0.507476301999887
G,GGG,0.6509613938053449
G,GGC,0.873383526730537
H,CAC,0.624275931656361
I,ATC,0.537639790803194
K,AAG,0.597441793958346
L,CTC,0.6213639690121
L,TTG,-0.604308070333799
N,AAC,0.514468940903743
P,CCG,1.28195357028271
P,CCC,0.51934242524902
Q,CAG,0.567768438752492
R,AGG,0.922065691645941
R,CGG,0.6724345436102447
R,CGC,0.667516721844673
S,TCG,0.732677038655678
S,TCC,0.538372979044914
T,ACG,0.920842186699311
T,ACC,0.679757894396782
V,GTG,-0.211670419061184
V,GTC,0.896148800015449
Y,TAC,0.503695575404167
Z,AGC,0.555744881206751
