AA,Codon,Mean
A,GCG,1.241229373871287
A,GCC,0.790109278929234
C,TGC,0.370868143512805
D,GAC,0.841719003887971
E,GAG,0.379831663487355
F,TTC,0.456733413201571
G,GGG,0.6297670129082319
G,GGC,0.604400897967815
H,CAC,0.608205643796921
I,ATC,0.405101988293727
K,AAG,0.559100274813175
L,CTC,0.5197735288937799
L,TTG,-0.653260696729024
N,AAC,0.53803008048137
P,CCG,1.073646840594212
P,CCC,0.378589354211092
Q,CAG,0.500681972332795
R,AGG,0.7089016231457401
R,CGG,0.7136368622402349
R,CGC,0.437516461171707
S,TCG,0.670975437641144
S,TCC,0.464963627533118
T,ACG,0.8241702056099971
T,ACC,0.610790874989827
V,GTG,-0.16215027761061995
V,GTC,0.817818853759766
Y,TAC,0.48979875185291
Z,AGC,0.444055092922846
