AA,Codon,Mean
A,GCG,-0.407483798087637
A,GCC,-0.262882165407141
C,TGC,-0.224812105963627
D,GAC,-0.471863703745604
E,GAG,-0.322095409403245
F,TTC,-0.347437895707289
G,GGG,-0.26702412509064927
G,GGC,-0.209960052674015
H,CAC,-0.430173614792029
I,ATC,-0.339877592817942
K,AAG,-0.447340996897221
L,CTG,-0.308955650001268
L,CTC,-0.39805332840680996
L,TTG,-0.424658390428623
N,AAC,-0.455221182771524
P,CCG,-0.14013147657836472
P,CCC,-0.26976904997925
Q,CAG,-0.23261841622591
R,AGG,0.08934959404567899
R,CGG,-0.512598848596215
R,CGC,-0.278140237874786
S,TCG,-0.427747076627612
S,TCC,-0.246205176061392
T,ACG,-0.32370503795941696
T,ACC,-0.258254763855537
V,GTG,-0.439742121386528
V,GTC,-0.335366033478578
Y,TAC,-0.49245634530584
Z,AGC,-0.315225333684683
