AA,Codon,Mean
A,GCG,1.2172642743946367
A,GCC,0.782384947375456
C,TGC,0.346397628541787
D,GAC,0.981827782273293
E,GAG,0.556714328360558
F,TTC,0.515663820709785
G,GGG,1.019238746778169
G,GGC,0.628388806780179
H,CAC,0.872587170251211
I,ATC,0.613623765349388
K,AAG,0.592822601238887
L,CTG,0.20849892067909193
L,CTC,0.6230032152652749
L,TTG,-0.0808831086071829
N,AAC,0.779072041845322
P,CCG,1.0417925105748078
P,CCC,0.795270149767399
Q,CAG,0.732987287696203
R,AGG,0.7765159203096444
R,CGG,0.9265674026641966
R,CGC,0.60346532626152
S,TCG,0.8071695793718099
S,TCC,0.698723006018003
T,ACG,0.9459494683874146
T,ACC,0.679622099101543
V,GTG,0.39491346805493094
V,GTC,0.820311824393272
Y,TAC,0.619307596250375
Z,AGC,0.529260627267758
