AA,Codon,Mean
A,GCG,1.561886489192641
A,GCC,0.993266383310159
C,TGC,0.590991598081589
D,GAC,1.20944750374158
E,GAG,0.442524833426873
F,TTC,0.870808547242482
G,GGG,0.841747444637572
G,GGC,0.994595985547702
H,CAC,1.50482964977423
I,ATC,0.843154198877017
K,AAG,0.602991438515981
L,CTG,0.12759891393582
L,CTC,0.7696300490736939
L,TTG,0.0524997511951258
N,AAC,1.14569868812561
P,CCG,1.3167873875329872
P,CCC,0.727626339789232
Q,CAG,0.531995581909021
R,AGG,0.7224044617017101
R,CGG,1.322505387966832
R,CGC,1.21373982679049
S,TCG,1.160511781551441
S,TCC,0.818035169804096
T,ACG,1.2451595351278781
T,ACC,0.98880917673111
V,GTG,0.34723031627872664
V,GTC,0.952762398914496
Y,TAC,1.08285048530102
Z,AGC,0.859866736984253
