AA,Codon,Mean
A,GCG,0.721624026083947
A,GCC,0.277781330179175
C,TGC,1.19477823596795
D,GAC,0.28249889032642
E,GAG,0.808469632216295
F,TTC,-0.19439035444657
G,GGG,-0.01202145963510004
G,GGC,1.06570174132983
H,CAC,0.0804643242688229
I,ATC,0.106710764624675
K,AAG,-0.168189254476627
L,CTG,0.683817763849597
L,CTC,0.5488796292378881
L,TTG,0.620227974991004
N,AAC,-0.0184651342315143
P,CCG,1.167143156019847
P,CCC,0.719610651175181
Q,CAG,1.14162012569904
R,AGG,1.1731851895795027
R,CGG,0.022948504368460076
R,CGC,1.29223900446892
S,TCG,0.713081584801278
S,TCC,0.243106971641382
T,ACG,0.6465745552062951
T,ACC,0.193468236848712
V,GTG,0.424803103951613
V,GTC,0.0358208839108161
Y,TAC,-0.0807154504270603
Z,AGC,0.681649486716588
