AA,Codon,Mean
A,GCG,-0.29369900603890403
A,GCC,-0.306772965203722
C,TGC,-0.941545956067244
D,GAC,-0.963888219463825
E,GAG,-0.556420493175586
F,TTC,-0.378735546114047
G,GGG,0.6417823130772901
G,GGC,-1.07464289514224
H,CAC,-0.959447928504149
I,ATC,-0.710532113778591
K,AAG,-0.625528043313821
L,CTG,-1.248170035235082
L,CTC,-0.585418085553745
L,TTG,-1.1102313375632
N,AAC,-1.18702570307255
P,CCG,-0.6180404614316124
P,CCC,-0.014915956866101
Q,CAG,-1.09954542918603
R,AGG,0.29109909926255506
R,CGG,-0.677935719869037
R,CGC,-0.79942702704668
S,TCG,-0.4807653863441944
S,TCC,-0.159137699020157
T,ACG,-0.2224626134735122
T,ACC,-0.2596422698463
V,GTG,-0.5052668424162383
V,GTC,-0.527532663542032
Y,TAC,-1.26464329698086
Z,AGC,-1.10085254951318
