AA,Codon,Mean
A,GCG,1.5539199561734591
A,GCC,1.08553722958565
C,TGC,1.81135300335089
D,GAC,1.7320374043862
E,GAG,1.19508963747819
F,TTC,0.617136602628231
G,GGG,0.964651104126126
G,GGC,1.42810193253358
H,CAC,2.39099322977066
I,ATC,1.05789098848899
K,AAG,0.997805030071735
L,CTG,1.416369439407187
L,CTC,1.7072045413563641
L,TTG,1.11947368857861
N,AAC,1.82223511006037
P,CCG,1.3584078601904221
P,CCC,1.52858599819342
Q,CAG,1.90657590026855
R,AGG,0.517275110294421
R,CGG,1.59165267718633
R,CGC,1.61524404908816
S,TCG,0.9302504828924929
S,TCC,1.07063791944981
T,ACG,1.0345246592198791
T,ACC,1.15607031487624
V,GTG,0.8202845138053101
V,GTC,1.07455756747325
Y,TAC,2.33289180576007
Z,AGC,1.74190611990293
