AA,Codon,Mean
A,GCG,1.05852955694596
A,GCC,0.388706430291136
C,TGC,0.277941222679615
D,GAC,-0.616979581809044
E,GAG,-0.564975519180298
F,TTC,-0.660281203289827
G,GGG,1.5393846054633498
G,GGC,1.06044750156005
H,CAC,-0.618472620419661
I,ATC,-0.103957710936029
K,AAG,-0.942357731763522
L,CTC,0.05694151508809009
L,TTG,-1.97686482392947
N,AAC,-0.886260257168611
P,CCG,1.700715455174443
P,CCC,0.579965987857183
Q,CAG,-0.0310487077802109
R,AGG,1.820347117418403
R,CGG,-0.26108690577744986
R,CGC,0.646506524725755
S,TCG,-0.5818507811645679
S,TCC,0.109719290551419
T,ACG,0.19286683454116194
T,ACC,-0.168927625362327
V,GTG,-1.8324973965177949
V,GTC,0.0716428184379115
Y,TAC,-1.10611485939423
Z,AGC,-0.285311246152719
