AA,Codon,Mean
A,GCG,-1.2466986576239298
A,GCC,-2.12124314715068
C,TGC,-1.77520495638847
D,GAC,-1.70845600465933
E,GAG,-1.40688361516794
F,TTC,-0.608713228857517
G,GGG,-1.92797933014234
G,GGC,-3.10490284663836
H,CAC,-1.41667832389673
I,ATC,-1.42670163012346
K,AAG,-1.09655117659569
L,CTC,-1.567570116659005
L,TTG,-1.86626598863602
N,AAC,-1.64545040415923
P,CCG,-2.802845999250652
P,CCC,-2.0900562224865
Q,CAG,-1.80415744897525
R,AGG,-1.6299818689982102
R,CGG,-1.559998753037056
R,CGC,-2.19873503316243
S,TCG,-1.985260815527703
S,TCC,-1.61346484360695
T,ACG,-1.4292329618930801
T,ACC,-1.98794528558254
V,GTG,-1.7333256811519502
V,GTC,-1.30796939562956
Y,TAC,-1.55495434234142
Z,AGC,-1.85613129041195
