AA,Codon,Mean
A,GCG,1.828590222930906
A,GCC,1.46259946986834
C,TGC,0.936136448085308
D,GAC,0.868237490562598
E,GAG,0.739654528236389
F,TTC,0.124576517424981
G,GGG,2.122009038285419
G,GGC,1.90579068743388
H,CAC,0.703428641025225
I,ATC,0.824874905959765
K,AAG,0.306480810452501
L,CTC,0.9766848155816429
L,TTG,-0.217079232786596
N,AAC,0.647373562157154
P,CCG,2.4882459546459366
P,CCC,1.53311153930028
Q,CAG,1.18191967739264
R,AGG,1.7981105500737848
R,CGG,0.843018719498313
R,CGC,1.41331291221778
S,TCG,1.08404719192187
S,TCC,1.07308182564974
T,ACG,1.191936123414831
T,ACC,1.19762813352744
V,GTG,-0.29924962538877997
V,GTC,0.940554267295202
Y,TAC,0.390729576921463
Z,AGC,0.774514893980821
