AA,Codon,Mean
A,GCG,0.8903311809928929
A,GCC,-0.226622022198637
C,TGC,-0.311245601748427
D,GAC,0.0396763693405044
E,GAG,0.160844485132396
F,TTC,0.0936446327393254
G,GGG,0.26147614322255
G,GGC,-0.740056033619245
H,CAC,0.0548434615551746
I,ATC,-0.0670642561071863
K,AAG,0.20509711958766
L,CTC,-0.09671425354294491
L,TTG,-1.21449531595707
N,AAC,0.00723575552823129
P,CCG,-0.23871428184087118
P,CCC,-0.306434882897139
Q,CAG,-0.282208128272494
R,AGG,0.23858173721830106
R,CGG,-0.15747644431988406
R,CGC,-0.640317124549548
S,TCG,-0.15867263580619828
S,TCC,-0.119365460529923
T,ACG,0.13438543644249398
T,ACC,-0.19599623119235
V,GTG,-1.532464595433076
V,GTC,0.128023324989776
Y,TAC,-0.33565952129364
Z,AGC,-0.445396585333347
