AA,Codon,Mean
A,GCG,0.26892584236859807
A,GCC,0.213252252019445
C,TGC,0.274191424565514
D,GAC,-0.135489889298379
E,GAG,-0.271704966585835
F,TTC,-0.272215112834175
G,GGG,0.8184586109717701
G,GGC,0.653596839467684
H,CAC,-0.27596041833361
I,ATC,0.00510117535480861
K,AAG,-0.47753379571835203
L,CTC,0.22587733218669903
L,TTG,-0.213992686073979
N,AAC,-0.312726636697849
P,CCG,1.2124830540994824
P,CCC,0.442715512015422
Q,CAG,0.278363656523824
R,AGG,0.9145041986962159
R,CGG,-0.32152295062542
R,CGC,0.697221935474873
S,TCG,-0.05518169502218501
S,TCC,0.159737287009756
T,ACG,0.16892060507337292
T,ACC,0.0643626962999503
V,GTG,-0.257041547356049
V,GTC,0.0168338729341351
Y,TAC,-0.310981596555312
Z,AGC,0.114055990431209
