AA,Codon,Mean
A,GCG,0.36316687831480887
A,GCC,-0.964407104798158
C,TGC,-0.452871044375499
D,GAC,-0.540771654470762
E,GAG,-0.25137746164004
F,TTC,-0.0309063461542233
G,GGG,0.004854380957285076
G,GGC,-1.43539477335612
H,CAC,-0.623841028233369
I,ATC,-0.395704909936587
K,AAG,-0.123580893100301
L,CTC,-0.45583329766777647
L,TTG,-2.11490975769361
N,AAC,-0.640739750230312
P,CCG,-1.0918359655934031
P,CCC,-0.956050731217861
Q,CAG,-1.05778913667202
R,AGG,0.1489568635189908
R,CGG,-0.9476912295639509
R,CGC,-1.0297757942915
S,TCG,-1.079061989056071
S,TCC,-0.734206799217065
T,ACG,-0.6415299698134249
T,ACC,-0.895845238836606
V,GTG,-2.36165489994685
V,GTC,-0.148649214993914
Y,TAC,-0.877431558012962
Z,AGC,-0.872274823665619
