AA,Codon,Mean
A,GCG,1.147519065860907
A,GCC,0.221596744053562
C,TGC,0.0435656716268485
D,GAC,0.345061218380928
E,GAG,0.279392753580213
F,TTC,0.251384978396694
G,GGG,0.339728126112124
G,GGC,-0.0927600465084116
H,CAC,0.326813824804624
I,ATC,0.148531489055852
K,AAG,0.226469174002608
L,CTC,0.2860025559791671
L,TTG,-0.710602273086707
N,AAC,0.247068160408735
P,CCG,0.3433386570992881
P,CCC,0.301911634639899
Q,CAG,0.253940409202377
R,AGG,0.35815186510682095
R,CGG,0.3473388878592246
R,CGC,-0.0496493391806559
S,TCG,0.3088371103017939
S,TCC,0.389220210625728
T,ACG,0.545269770676891
T,ACC,0.269190922747056
V,GTG,-0.709789808068177
V,GTC,0.338204238810142
Y,TAC,0.0778427341853579
Z,AGC,0.00690493694968554
