AA,Codon,Mean
A,GCG,-0.22449089509844797
A,GCC,-0.0258758282871296
C,TGC,0.0988640592460831
D,GAC,-0.218180136765043
E,GAG,-0.224666013401747
F,TTC,-0.175302564499776
G,GGG,0.205025879011551
G,GGC,0.232805922110875
H,CAC,-0.299795188204447
I,ATC,-0.0188283910232421
K,AAG,-0.338195707849662
L,CTC,0.061242545233169965
L,TTG,-0.37698513674736
N,AAC,-0.337928678478797
P,CCG,0.42801441881182556
P,CCC,0.0930039288856089
Q,CAG,0.0112565301872477
R,AGG,0.454429122360547
R,CGG,-0.452938384342194
R,CGC,0.268224520796537
S,TCG,-0.27754172564148927
S,TCC,-0.020525914968329
T,ACG,-0.12249730096211098
T,ACC,-0.0689786274676522
V,GTG,-0.235872101320823
V,GTC,-0.0105576006992498
Y,TAC,-0.320881765596072
Z,AGC,-0.0873606195012728
