AA,Codon,Mean
A,GCG,0.573243439300855
A,GCC,-0.611585336681207
C,TGC,-0.0522393758678001
D,GAC,-0.303763871055841
E,GAG,-0.124536890490353
F,TTC,0.136089472483595
G,GGG,-0.15914512543280895
G,GGC,-0.974488755170504
H,CAC,-0.249476404877504
I,ATC,-0.264457471865416
K,AAG,-0.00351407677904316
L,CTC,-0.012056581401824973
L,TTG,-1.4061692432483
N,AAC,-0.41227495722572
P,CCG,-0.5219413339579789
P,CCC,-0.288775647339225
Q,CAG,-0.407573809200525
R,AGG,0.11233812074499253
R,CGG,-0.492437351085246
R,CGC,-0.506327178390821
S,TCG,-0.778264355403185
S,TCC,-0.124002876776457
T,ACG,-0.31134664380649796
T,ACC,-0.503058116628726
V,GTG,-1.447950814056397
V,GTC,0.0441862405596442
Y,TAC,-0.35185110133489
Z,AGC,-0.42658788374265
