AA,Codon,Mean
A,GCG,-0.014156427135070038
A,GCC,-0.0208317427763405
C,TGC,0.10162768893068
D,GAC,-0.121396599580844
E,GAG,0.0529654066820939
F,TTC,-0.218336757131418
G,GGG,0.15970496174693105
G,GGC,0.233993296780189
H,CAC,-0.217172115913033
I,ATC,-0.104492609446744
K,AAG,-0.200462793328365
L,CTG,0.256797023133933
L,CTC,-0.019529719502727028
L,TTG,-0.298972777726253
N,AAC,-0.275179300288359
P,CCG,0.6928498534838363
P,CCC,0.16412130168577
Q,CAG,0.137404872431854
R,AGG,0.5059746639435492
R,CGG,-0.551302867468201
R,CGC,0.305837927083174
S,TCG,-0.153174848663806
S,TCC,-0.00151317854504856
T,ACG,0.02876483462850199
T,ACC,-0.0460174448911101
V,GTG,-0.187961646955709
V,GTC,-0.0543141417995095
Y,TAC,-0.280014233356714
Z,AGC,-0.0692786162402481
