AA,Codon,Mean
A,GCG,0.5495121557945438
A,GCC,0.424559841024876
C,TGC,-0.0524472398629624
D,GAC,0.31493750423193
E,GAG,0.355644347435236
F,TTC,0.331130192915599
G,GGG,0.5284302798391631
G,GGC,0.0353858987909781
H,CAC,0.329487564061085
I,ATC,0.435142305080096
K,AAG,0.353539766824245
L,CTG,-0.288981359761953
L,CTC,0.386110058879852
L,TTG,-0.332723400040468
N,AAC,0.27076475242575
P,CCG,0.3701952021584439
P,CCC,0.418308125867446
Q,CAG,0.389649652936061
R,AGG,0.497885623677572
R,CGG,0.5978475519018193
R,CGC,-0.171441208961109
S,TCG,0.33982149124900396
S,TCC,0.472495720793804
T,ACG,0.4390923721256353
T,ACC,0.372653456477324
V,GTG,-0.07383296301662998
V,GTC,0.47923167967399
Y,TAC,0.0299499742734324
Z,AGC,-0.0552691040462504
