AA,Codon,Mean
A,GCG,0.17631559302209485
A,GCC,0.0628613577819119
C,TGC,-0.11612823462002
D,GAC,-0.00275621737289865
E,GAG,0.173265434020758
F,TTC,0.085196886493514
G,GGG,0.346093418697516
G,GGC,-0.0390301042366157
H,CAC,-0.01701492621022749
I,ATC,0.182799534359574
K,AAG,0.197652707699935
L,CTG,-0.6756478154548919
L,CTC,0.07575814949472803
L,TTG,-0.707049965222677
N,AAC,-0.114990965487311
P,CCG,0.1439457733675171
P,CCC,0.106134148108462
Q,CAG,0.107116262366126
R,AGG,0.616487816963593
R,CGG,0.068123332920312
R,CGC,-0.276493052436908
S,TCG,-0.17824708766737288
S,TCC,0.156483151124914
T,ACG,0.10392912752171157
T,ACC,0.0484665290676722
V,GTG,-0.558846234592795
V,GTC,0.274184933964411
Y,TAC,-0.289798290110628
Z,AGC,-0.207767052257061
