AA,Codon,Mean
A,GCG,-0.06973342258930204
A,GCC,0.0175127110650719
C,TGC,0.195921382327875
D,GAC,-0.188071678756674
E,GAG,-0.35689736524423
F,TTC,-0.226231031847994
G,GGG,0.9836657251715619
G,GGC,0.546589690101147
H,CAC,-0.430662279711167
I,ATC,-0.0253344793577588
K,AAG,-0.657434044182301
L,CTG,-0.324008738319079
L,CTC,0.0396999415842198
L,TTG,-0.715517555467288
N,AAC,-0.459800622514884
P,CCG,1.2726352215021812
P,CCC,0.184239922275146
Q,CAG,-0.512313063247999
R,AGG,0.8461398179469671
R,CGG,2.1791824498995638e-4
R,CGC,0.60260866295894
S,TCG,-0.43008507603009594
S,TCC,-0.0193441664807542
T,ACG,0.10809438210725797
T,ACC,-0.113709045079847
V,GTG,-0.4442731567025161
V,GTC,0.0181030357721046
Y,TAC,-0.403383540473382
Z,AGC,0.110373507378995
