AA,Codon,Mean
A,GCG,0.060044445379574984
A,GCC,-0.35598963145415
C,TGC,-0.237983334823449
D,GAC,-0.639644514707724
E,GAG,-0.782933457100391
F,TTC,-0.294685202741623
G,GGG,-0.036267448906103006
G,GGC,-0.846649048237006
H,CAC,-0.841471975672245
I,ATC,-0.642788811254501
K,AAG,-0.673392039787769
L,CTG,-1.534237416860462
L,CTC,-0.657532085393369
L,TTG,-1.21758904261589
N,AAC,-0.965385804732641
P,CCG,-0.366050242298842
P,CCC,-0.431993310014407
Q,CAG,-1.12850239725908
R,AGG,-0.19164021277824694
R,CGG,-0.586842380704234
R,CGC,-0.808755405612787
S,TCG,-0.462475602571164
S,TCC,-0.00169393344004326
T,ACG,-0.242017848261198
T,ACC,-0.290904366851846
V,GTG,-1.703495184585454
V,GTC,-0.128496187539399
Y,TAC,-0.952079136633873
Z,AGC,-0.706019207942486
