AA,Codon,Mean
A,GCG,0.9228266026337899
A,GCC,0.14703855556498
C,TGC,-0.0228626850874981
D,GAC,0.127123017680148
E,GAG,-0.788461593163013
F,TTC,-0.453959290639559
G,GGG,2.0045667605837147
G,GGC,0.592457505869865
H,CAC,-0.248410609052579
I,ATC,-0.0793819438762963
K,AAG,-1.32676224214236
L,CTG,-0.6633065788772863
L,CTC,0.2671736997922298
L,TTG,-0.775384769113859
N,AAC,-0.746226371971766
P,CCG,0.8343613328059503
P,CCC,0.0426874206460236
Q,CAG,-0.863570981311798
R,AGG,1.868114311321078
R,CGG,1.884420772572355
R,CGC,2.40898120040894
S,TCG,0.17859407965342
S,TCC,0.216975794196129
T,ACG,0.8862645938158
T,ACC,0.0786780478504797
V,GTG,-0.1961040950973849
V,GTC,0.196991152918339
Y,TAC,-0.698590604650974
Z,AGC,-0.123601653292775
