AA,Codon,Mean
A,GCG,-1.026424410389861
A,GCC,-0.658851789851983
C,TGC,-0.174446134991944
D,GAC,-1.23312335259914
E,GAG,-0.808665395474434
F,TTC,-0.127108021132896
G,GGG,0.995281627610574
G,GGC,-1.21652708661556
H,CAC,-0.778107423214118
I,ATC,-0.16774317509681
K,AAG,-0.869975966819127
L,CTG,-3.01141342318853
L,CTC,-1.331564261792104
L,TTG,-1.97779602943261
N,AAC,-1.63596805850665
P,CCG,-1.4900251555442812
P,CCC,-0.695376422429085
Q,CAG,-1.70059498472214
R,AGG,1.075481462748845
R,CGG,-0.5046477967977541
R,CGC,-1.23848071027597
S,TCG,-2.15155560268958
S,TCC,-0.510083888228734
T,ACG,-1.3882441812879258
T,ACC,-1.00298543198903
V,GTG,-3.14226366417408
V,GTC,-0.964520203868548
Y,TAC,-1.69104845804373
Z,AGC,-0.697633694251378
