AA,Codon,Mean
A,GCG,-0.5731622587384367
A,GCC,0.127523433410128
C,TGC,0.318905347777406
D,GAC,-0.545769199983279
E,GAG,0.0867352303871264
F,TTC,0.25064548514684
G,GGG,0.179395988535881
G,GGC,-0.667306463797887
H,CAC,-0.0277173776151178
I,ATC,0.0505273312397612
K,AAG,0.239504859295487
L,CTG,-1.462798565234741
L,CTC,-0.733474334044262
L,TTG,-1.45302362749577
N,AAC,-0.506545638044675
P,CCG,-0.8925961485562192
P,CCC,0.169523778769871
Q,CAG,-0.600026096097628
R,AGG,0.12900490669409403
R,CGG,-0.802667532797668
R,CGC,-1.25100027832985
S,TCG,-0.891968677017182
S,TCC,0.126727836062014
T,ACG,-0.820322772105536
T,ACC,-0.113575217703978
V,GTG,-1.896457161631191
V,GTC,-0.386883152391513
Y,TAC,-0.598996174069246
Z,AGC,0.0798258894247236
