AA,Codon,Mean
A,GCG,0.815746675914526
A,GCC,0.339685266093413
C,TGC,0.173763338578244
D,GAC,0.505277920538187
E,GAG,-0.0582469819712142
F,TTC,0.10150660884132
G,GGG,0.3707781261692444
G,GGC,0.404762608899673
H,CAC,0.362755051153898
I,ATC,0.207475701827804
K,AAG,-0.295181128864487
L,CTG,-0.828583375253032
L,CTC,0.057539447826147005
L,TTG,-0.844850534661611
N,AAC,0.0564601327716062
P,CCG,1.044276614373922
P,CCC,0.435606761260827
Q,CAG,-0.231765643951297
R,AGG,0.45051199216842797
R,CGG,0.2413051384986893
R,CGC,0.263395305423935
S,TCG,0.894419414331515
S,TCC,0.287793255798022
T,ACG,0.867158983107408
T,ACC,0.356837680238485
V,GTG,-0.9068326496615999
V,GTC,0.496716379441818
Y,TAC,-0.0413325746560916
Z,AGC,0.217079768431187
