AA,Codon,Mean
A,GCG,-0.011067930730183972
A,GCC,-0.0217103237044998
C,TGC,0.383946339782079
D,GAC,-0.18761517427961
E,GAG,-0.191805466556549
F,TTC,-0.152180082076291
G,GGG,0.08004526515403998
G,GGC,0.438932616154353
H,CAC,-0.386926902161042
I,ATC,-0.0314633473105108
K,AAG,-0.474465663820505
L,CTG,0.330617490760486
L,CTC,0.21968059236606002
L,TTG,-0.559609626483917
N,AAC,-0.353989792744319
P,CCG,0.6356302162100871
P,CCC,0.773905758563677
Q,CAG,0.227631801235676
R,AGG,1.0530964810949617
R,CGG,0.026782083710039872
R,CGC,0.634460182269414
S,TCG,-0.10867381950418198
S,TCC,-0.0307162615026037
T,ACG,0.082908349438509
T,ACC,-0.0814635648695131
V,GTG,-0.31994380678534495
V,GTC,-0.0413243203652402
Y,TAC,-0.364411020600796
Z,AGC,0.0844724407623212
