AA,Codon,Mean
A,GCG,0.47127460498362794
A,GCC,0.174944066047668
C,TGC,-0.0884188321241488
D,GAC,0.107306930929422
E,GAG,-0.173466141345104
F,TTC,0.120852376066148
G,GGG,0.5075843683934869
G,GGC,-0.351637500063578
H,CAC,0.425066479357084
I,ATC,0.0499680063763012
K,AAG,0.00944164842583929
L,CTG,-0.6312280023259422
L,CTC,0.11136485181947603
L,TTG,-0.761332062788804
N,AAC,0.134473045793672
P,CCG,0.04033347184111699
P,CCC,0.258576332077384
Q,CAG,-0.231773149031401
R,AGG,0.4732509869650473
R,CGG,0.41195170164207606
R,CGC,-0.343396291774511
S,TCG,-0.16640942687307347
S,TCC,0.308258891431491
T,ACG,0.18215435293777021
T,ACC,0.125593467985094
V,GTG,-0.9202150885840261
V,GTC,0.262830125895143
Y,TAC,0.0597746012349923
Z,AGC,-0.256646537132064
