AA,Codon,Mean
A,GCG,0.13540709068775103
A,GCC,0.0476666346125305
C,TGC,0.126682301907738
D,GAC,-0.148852026313543
E,GAG,-0.176720998377601
F,TTC,-0.262187461267908
G,GGG,0.574098453787962
G,GGC,0.351176997496684
H,CAC,-0.318576020685832
I,ATC,-0.0401190702208628
K,AAG,-0.310815365550915
L,CTG,-0.313191377568245
L,CTC,0.0313862559522196
L,TTG,-0.405149083691835
N,AAC,-0.307883357874552
P,CCG,0.415119518666963
P,CCC,0.482664286331336
Q,CAG,-0.168239260665576
R,AGG,0.623050534992914
R,CGG,-0.634019716981053
R,CGC,0.365161206305027
S,TCG,-0.288680457039178
S,TCC,-0.00605911254021243
T,ACG,-0.09081137582461102
T,ACC,-0.0415252163027103
V,GTG,-0.887646961664164
V,GTC,-0.0211569437547427
Y,TAC,-0.289990215369066
Z,AGC,0.00880376058154801
