AA,Codon,Mean
A,GCG,2.408049014467002
A,GCC,1.66878831634521
C,TGC,2.12177036832174
D,GAC,2.12426789325078
E,GAG,1.26091630805333
F,TTC,1.13649701257547
G,GGG,1.1590223134358681
G,GGC,2.37639904805819
H,CAC,2.44867821027438
I,ATC,1.2565125163873
K,AAG,1.09315624769529
L,CTG,0.7131665971835499
L,CTC,1.4168930253267282
L,TTG,0.806309417442481
N,AAC,1.97137370626132
P,CCG,2.23965917790333
P,CCC,1.19750686427752
Q,CAG,1.72743646215598
R,AGG,1.746485217726232
R,CGG,1.6489400442361881
R,CGC,2.62866523947716
S,TCG,2.11131130757729
S,TCC,1.36056914701462
T,ACG,2.013092926160496
T,ACC,1.61365115281741
V,GTG,1.023087163640066
V,GTC,1.29407967919509
Y,TAC,1.98091397258441
Z,AGC,2.03886197081407
