AA,Codon,Mean
A,GCG,0.22867389547030093
A,GCC,0.0500706376943737
C,TGC,0.376566289703051
D,GAC,-0.104184216070175
E,GAG,0.357255444802841
F,TTC,-0.291701635183891
G,GGG,-0.2147877223809519
G,GGC,0.388769556945562
H,CAC,-0.241698731716474
I,ATC,-0.0635377456955612
K,AAG,-0.348458100614945
L,CTG,0.3006659351917909
L,CTC,0.158609879730145
L,TTG,0.232050016807516
N,AAC,-0.348330593711138
P,CCG,0.6479272656669219
P,CCC,0.446916919402281
Q,CAG,0.457875001933177
R,AGG,0.5793386930496002
R,CGG,-0.23941815971532998
R,CGC,0.488722091380755
S,TCG,0.18839593610763505
S,TCC,0.0378196853274479
T,ACG,0.196693533567587
T,ACC,-0.0220113314896284
V,GTG,0.025964036071300045
V,GTC,-0.0743473334155977
Y,TAC,-0.394861976248026
Z,AGC,0.0448302702229538
