AA,Codon,Mean
A,GCG,1.76188384703994
A,GCC,1.03438324300845
C,TGC,0.905507492617766
D,GAC,1.32111711250941
E,GAG,0.615740568637848
F,TTC,0.884978178997834
G,GGG,0.9337971331660979
G,GGC,1.25412087917328
H,CAC,1.54842516291936
I,ATC,0.873983280734221
K,AAG,0.625533928867181
L,CTG,0.3015191408316259
L,CTC,0.931834081008035
L,TTG,0.180428814441959
N,AAC,1.20496005235513
P,CCG,1.502941304183007
P,CCC,0.825914889776707
Q,CAG,0.790195827051004
R,AGG,0.95408064969977
R,CGG,1.426624578998489
R,CGC,1.51652682116826
S,TCG,1.332829561235507
S,TCC,0.868617592676481
T,ACG,1.4103480095227612
T,ACC,1.03509103150765
V,GTG,0.5132395462903735
V,GTC,0.963161562995116
Y,TAC,1.14026463691394
Z,AGC,1.12206942257086
