AA,Codon,Mean
A,GCG,0.43548634033600403
A,GCC,0.406896603904168
C,TGC,0.0364968887120519
D,GAC,0.258987615999579
E,GAG,-0.0342487012931456
F,TTC,0.295493319563071
G,GGG,0.4271760789630752
G,GGC,0.0659275430968652
H,CAC,0.155410116906464
I,ATC,0.186376242055496
K,AAG,0.169465304880341
L,CTG,-0.65692173149387
L,CTC,0.218452761354049
L,TTG,-0.87596965517203
N,AAC,0.0861529212492208
P,CCG,0.13258249554038
P,CCC,0.319401722377539
Q,CAG,-0.201851424803336
R,AGG,0.47640712645252503
R,CGG,0.40655092184343455
R,CGC,0.109963129748652
S,TCG,0.10147101017435403
S,TCC,0.408036211158832
T,ACG,0.3272250157803294
T,ACC,0.204669391877453
V,GTG,-0.6698171840399508
V,GTC,0.667581683071454
Y,TAC,-0.0675625943596785
Z,AGC,0.106590117191275
