AA,Codon,Mean
A,GCG,0.010195808059970002
A,GCC,-0.028691840347151
C,TGC,0.0169548409527603
D,GAC,-0.171441895805796
E,GAG,-0.0673154373822113
F,TTC,-0.114153493252893
G,GGG,0.27638896412104297
G,GGC,0.237423155703147
H,CAC,-0.340377896106243
I,ATC,-0.0927722395648559
K,AAG,-0.18667164773941
L,CTG,-0.18283718284815512
L,CTC,0.0028499156718452996
L,TTG,-0.320833255660534
N,AAC,-0.348762509699663
P,CCG,0.27317651784767705
P,CCC,0.0799162379143139
Q,CAG,0.0398614356682946
R,AGG,0.4195477589325771
R,CGG,-0.721505453383922
R,CGC,0.217860127928853
S,TCG,-0.043985035714507015
S,TCC,-0.0195214946807983
T,ACG,0.097025757405162
T,ACC,-0.0983118646149834
V,GTG,-0.081988940127691
V,GTC,-0.00712766420706745
Y,TAC,-0.334481055967013
Z,AGC,-0.013373248677838
