AA,Codon,Mean
A,GCG,0.818502864155173
A,GCC,0.369805506207546
C,TGC,0.066084383261402
D,GAC,0.461109030540784
E,GAG,-0.0730229744628072
F,TTC,0.222534612674514
G,GGG,0.2961895876536142
G,GGC,0.287057565689087
H,CAC,0.369756706806024
I,ATC,0.219702905450265
K,AAG,-0.222592581380407
L,CTG,-0.738678224881614
L,CTC,0.026248139842436097
L,TTG,-0.707553418382009
N,AAC,0.1109637965704
P,CCG,1.013553021629651
P,CCC,0.359256552639604
Q,CAG,-0.279669316844145
R,AGG,0.42272038060426786
R,CGG,0.2933912742311759
R,CGC,0.01636870194888
S,TCG,0.910605525946617
S,TCC,0.273417888398965
T,ACG,0.925822215344509
T,ACC,0.453398633905252
V,GTG,-0.915165997995933
V,GTC,0.47645336616834
Y,TAC,0.0261632068243791
Z,AGC,0.236553116884828
