AA,Codon,Mean
A,GCG,0.10879875332117006
A,GCC,0.0338235935572535
C,TGC,0.347122489517927
D,GAC,-0.0583393149631719
E,GAG,-0.0744467956379056
F,TTC,-0.143551908987761
G,GGG,0.179678913915158
G,GGC,0.390381435551246
H,CAC,-0.234999900223811
I,ATC,0.00571996932949271
K,AAG,-0.286260518924395
L,CTG,0.36316680385371
L,CTC,0.339533941413959
L,TTG,-0.286122228785356
N,AAC,-0.220321221891046
P,CCG,0.52154340711087
P,CCC,0.620551714758078
Q,CAG,0.303556140331427
R,AGG,0.728699833557506
R,CGG,0.18960771206219995
R,CGC,0.587513250223796
S,TCG,0.09239742123683298
S,TCC,0.0464661129103353
T,ACG,0.10077498754858893
T,ACC,-0.0634611287002762
V,GTG,-0.039711634500820936
V,GTC,0.0189462702666354
Y,TAC,-0.243628774765134
Z,AGC,0.0940282555930316
