AA,Codon,Mean
A,GCG,0.6929781564791969
A,GCC,0.270190103121599
C,TGC,0.36509905183514
D,GAC,0.129648564864695
E,GAG,-0.403219557223717
F,TTC,-0.0149756272100563
G,GGG,0.24323100107113504
G,GGC,0.718271053095659
H,CAC,-0.164613593360285
I,ATC,0.124746295758088
K,AAG,-0.805191565171878
L,CTG,-0.697512643541892
L,CTC,0.09208890341520304
L,TTG,-1.32892363099257
N,AAC,-0.307988083634774
P,CCG,1.4924484582583109
P,CCC,0.954689393941561
Q,CAG,-0.219073314370712
R,AGG,1.3633797902295959
R,CGG,0.16515106832981008
R,CGC,0.584534314628442
S,TCG,0.6960894153406231
S,TCC,0.179476126468182
T,ACG,0.9230167048886441
T,ACC,0.397600175833702
V,GTG,-1.3404250424819082
V,GTC,0.290442529502511
Y,TAC,-0.450258212727308
Z,AGC,0.30351710079809
