AA,Codon,Mean
A,GCG,-0.0949761277755129
A,GCC,0.0315379374044637
C,TGC,0.665452485398451
D,GAC,-0.277116779875755
E,GAG,0.514000112503767
F,TTC,-0.483299021510283
G,GGG,0.351622950390976
G,GGC,0.695945040516059
H,CAC,-0.664215183528264
I,ATC,-0.12583817179054
K,AAG,-0.81551379762888
L,CTC,0.07852648466626805
L,TTG,-0.638633932292461
N,AAC,-0.772909914942582
P,CCG,1.106785285676519
P,CCC,0.581730407845974
Q,CAG,0.584691064822674
R,AGG,1.3719763578018622
R,CGG,-1.1099388203223601
R,CGC,0.97095605985721
S,TCG,-0.4044374683896701
S,TCC,-0.016261543642358
T,ACG,-0.054373304001489986
T,ACC,-0.173170478548606
V,GTG,-0.6634991536458381
V,GTC,-0.0774937895630797
Y,TAC,-0.720556542026997
Z,AGC,-0.00133044681271451
