AA,Codon,Mean
A,GCG,1.542956162452698
A,GCC,0.0780671015046537
C,TGC,0.508361109737555
D,GAC,0.810628509318829
E,GAG,0.627918928182125
F,TTC,0.41222905283769
G,GGG,0.9797062392753859
G,GGC,0.209417907663186
H,CAC,0.868075150390466
I,ATC,0.36493989551266
K,AAG,0.573071175543467
L,CTC,0.541270825580751
L,TTG,-0.41538529462417
N,AAC,0.821188646705945
P,CCG,0.7132934193586312
P,CCC,0.14170418373396
Q,CAG,0.376879629065593
R,AGG,0.999784442269799
R,CGG,0.5280367672572539
R,CGC,0.414662564186255
S,TCG,0.507133122357726
S,TCC,0.0392826188993951
T,ACG,0.785927246507009
T,ACC,0.141615282632907
V,GTG,-0.47755144510467895
V,GTC,0.531660634018977
Y,TAC,0.476446828003724
Z,AGC,0.590426750254631
