AA,Codon,Mean
A,GCG,0.30614295988082807
A,GCC,0.0882485714068015
C,TGC,0.376281680242221
D,GAC,-0.0570059800818562
E,GAG,0.102353762159248
F,TTC,-0.111518617417415
G,GGG,-0.03130587996840395
G,GGC,0.412223371569316
H,CAC,-0.137390225118895
I,ATC,-0.00943636694939837
K,AAG,-0.152949836967389
L,CTG,-0.026372573326032045
L,CTC,0.144231835335494
L,TTG,-0.19787696642975
N,AAC,-0.211862132749955
P,CCG,0.560877186608314
P,CCC,0.758588668751717
Q,CAG,0.20266738250951
R,AGG,0.832592848328625
R,CGG,-0.15088069136142002
R,CGC,0.502950074352821
S,TCG,0.13257853633364
S,TCC,0.0289169760876956
T,ACG,0.22160755080580696
T,ACC,-0.00543292006123536
V,GTG,-0.17013753406405502
V,GTC,0.043227333350728
Y,TAC,-0.172041849404573
Z,AGC,0.100325405113399
