AA,Codon,Mean
A,GCG,0.6494866020708131
A,GCC,0.468506278886398
C,TGC,0.24071838760376
D,GAC,0.704078615836302
E,GAG,-0.10206564301451
F,TTC,0.0792742546419303
G,GGG,0.2276281163109775
G,GGC,0.333351733507713
H,CAC,0.679718247123559
I,ATC,0.0823945558257401
K,AAG,0.175394082156817
L,CTG,-0.12978962068557798
L,CTC,0.17466856213708704
L,TTG,-0.450219048219919
N,AAC,0.331632012987137
P,CCG,0.5643619375829882
P,CCC,0.307999683501323
Q,CAG,0.216173641687632
R,AGG,0.24056339933077986
R,CGG,0.477538953780258
R,CGC,0.221983244474729
S,TCG,0.563516015764078
S,TCC,0.377450533713897
T,ACG,0.41721039314667396
T,ACC,0.438744611517588
V,GTG,-0.585233365806725
V,GTC,0.562794943662485
Y,TAC,0.408683002340794
Z,AGC,0.177499770982564
