AA,Codon,Mean
A,GCG,0.78799936932226
A,GCC,0.400857336465518
C,TGC,0.429487671889861
D,GAC,0.68746935886542
E,GAG,-0.0964451984209319
F,TTC,0.00717207435373618
G,GGG,0.130100601490338
G,GGC,0.645210400954882
H,CAC,0.646244808340073
I,ATC,0.0475120762170486
K,AAG,0.16042292017291
L,CTG,-0.16895715713103598
L,CTC,0.191185450357199
L,TTG,-0.535121965477864
N,AAC,0.192129170207183
P,CCG,0.7599282911787439
P,CCC,0.488852752906084
Q,CAG,0.300730515844623
R,AGG,0.58492164070606
R,CGG,0.34498999520485607
R,CGC,0.535841828074058
S,TCG,0.4516208639174397
S,TCC,0.37977025616169
T,ACG,0.44862291539534904
T,ACC,0.469987993252277
V,GTG,-0.7605077728514871
V,GTC,0.536539712484678
Y,TAC,0.332279502854745
Z,AGC,0.329300216640035
