AA,Codon,Mean
A,GCG,1.598217441447575
A,GCC,0.589125594894091
C,TGC,0.99271755656004
D,GAC,1.3274902605772
E,GAG,0.899407938826084
F,TTC,0.650430459487438
G,GGG,0.839780657221874
G,GGC,1.03253413627148
H,CAC,1.55283250071208
I,ATC,0.890652645961444
K,AAG,0.570967425072193
L,CTC,1.043147990000249
L,TTG,0.12414761758099
N,AAC,1.18008737769922
P,CCG,1.081162657893697
P,CCC,0.649613791755835
Q,CAG,0.865496397666136
R,AGG,0.8402276754597859
R,CGG,1.0642465281407039
R,CGC,1.10665777661006
S,TCG,1.11842055504322
S,TCC,0.586354178555807
T,ACG,1.118315861160057
T,ACC,0.743894834490617
V,GTG,0.28319115325212396
V,GTC,1.10412750298182
Y,TAC,1.4201388260444
Z,AGC,1.10227727404435
