AA,Codon,Mean
A,GCG,0.26564569403330507
A,GCC,0.104194382186234
C,TGC,0.752300672189395
D,GAC,-0.0172213838939841
E,GAG,0.690278842862447
F,TTC,-0.264796351525187
G,GGG,0.11317584016720494
G,GGC,0.78500672552983
H,CAC,-0.234630191026131
I,ATC,-0.024093532071511
K,AAG,-0.250408405884107
L,CTC,0.28594026478827
L,TTG,0.201378420983752
N,AAC,-0.250734620019794
P,CCG,0.897890979608893
P,CCC,0.531541359633207
Q,CAG,0.730245310270786
R,AGG,0.9426869806088506
R,CGG,0.3575770286003801
R,CGC,1.06755488963524
S,TCG,0.359872677510976
S,TCC,0.0418306043490767
T,ACG,0.33622696685393705
T,ACC,-0.00743201523907592
V,GTG,0.16264333161115696
V,GTC,-0.00351576329342301
Y,TAC,-0.259346487460534
Z,AGC,0.290153401936094
