AA,Codon,Mean
A,GCG,1.806617088993388
A,GCC,0.59623961255153
C,TGC,0.216760411036015
D,GAC,0.441840939027071
E,GAG,0.0965259152206282
F,TTC,0.264260400821765
G,GGG,1.794856023296222
G,GGC,0.606567030835152
H,CAC,0.395141046174367
I,ATC,0.676327158804735
K,AAG,-0.108572672445079
L,CTG,-0.458851024810471
L,CTC,0.47891369621902696
L,TTG,-0.970996446172396
N,AAC,0.164409811311464
P,CCG,1.821503625798222
P,CCC,0.48434872721831
Q,CAG,0.241140215441585
R,AGG,1.6254374376793712
R,CGG,1.582384303477406
R,CGC,1.40309543184439
S,TCG,1.038481049064793
S,TCC,0.690263123055299
T,ACG,1.767181437687077
T,ACC,0.471880149614811
V,GTG,-0.5814097197413479
V,GTC,0.609478411070506
Y,TAC,0.219775220707059
Z,AGC,0.163299080813179
