AA,Codon,Mean
A,GCG,0.236076357664664
A,GCC,-0.017920296455066
C,TGC,-0.11044681943506
D,GAC,-0.0706250995452205
E,GAG,-0.195751075493296
F,TTC,-0.159498748787244
G,GGG,0.5549232574189703
G,GGC,0.100744281410674
H,CAC,-0.174089868841569
I,ATC,-0.0523503508764009
K,AAG,-0.361624671459198
L,CTG,-0.202439091612895
L,CTC,-0.03711563828537899
L,TTG,-0.328592613675197
N,AAC,-0.184580282650391
P,CCG,0.275024383272727
P,CCC,-0.0636313140017291
Q,CAG,-0.217216755361358
R,AGG,0.38252386755446605
R,CGG,0.37611587943285696
R,CGC,0.538670340027412
S,TCG,0.06758260968923502
S,TCC,-0.0278231609088058
T,ACG,0.141333808859189
T,ACC,-0.0461515622301648
V,GTG,-0.188616405348976
V,GTC,-0.0211048037411024
Y,TAC,-0.168982553919156
Z,AGC,-0.166938844950994
