AA,Codon,Mean
A,GCG,1.279734281933808
A,GCC,0.562185841794809
C,TGC,0.449631129093965
D,GAC,0.538050863242149
E,GAG,0.432867800956964
F,TTC,0.617383667016029
G,GGG,0.806000965942939
G,GGC,0.275885643521945
H,CAC,0.676904571004709
I,ATC,0.682590364563465
K,AAG,0.62665998177131
L,CTG,-0.18340965984066399
L,CTC,0.49029240003426894
L,TTG,-0.360710996007919
N,AAC,0.446966100301345
P,CCG,1.230834481035169
P,CCC,0.547607708736261
Q,CAG,0.577971545255184
R,AGG,0.894282034001748
R,CGG,0.706136002122362
R,CGC,0.272370803446571
S,TCG,0.8107688092354685
S,TCC,0.696022940019767
T,ACG,1.375487428144628
T,ACC,0.465883289156357
V,GTG,-0.33708591068188304
V,GTC,0.619262082405885
Y,TAC,0.465219209122658
Z,AGC,0.370000045728683
