AA,Codon,Mean
A,GCG,0.21398679814736105
A,GCC,0.105859885117412
C,TGC,0.154026467227936
D,GAC,-0.0447565924409777
E,GAG,-0.0849941184187929
F,TTC,-0.205393629635374
G,GGG,0.589707542516788
G,GGC,0.419774174376329
H,CAC,-0.234711755075057
I,ATC,0.0263190086995245
K,AAG,-0.243525899373492
L,CTG,-0.17092613828380904
L,CTC,0.1093631344267475
L,TTG,-0.263039327077071
N,AAC,-0.194673846668005
P,CCG,0.5043446841239927
P,CCC,0.557017134952545
Q,CAG,-0.0488722781548897
R,AGG,0.550105983907569
R,CGG,-0.48705122987230703
R,CGC,0.501466717934609
S,TCG,-0.11059703471163901
S,TCC,0.0416392738963167
T,ACG,0.00800389051834799
T,ACC,0.0259433066910181
V,GTG,-0.694758039866884
V,GTC,0.0189027548378392
Y,TAC,-0.217117391286294
Z,AGC,0.0766673315412054
