AA,Codon,Mean
A,GCG,0.2202313898193524
A,GCC,-0.0984392639197409
C,TGC,-0.188215942914784
D,GAC,-0.247430486950278
E,GAG,-0.491764719627301
F,TTC,-0.0492679566759539
G,GGG,0.43126002551118503
G,GGC,-0.668593494121234
H,CAC,0.173026520039638
I,ATC,-0.203736252395312
K,AAG,-0.205393147981167
L,CTG,-1.0543783628940582
L,CTC,-0.15986163043429402
L,TTG,-1.17061109131972
N,AAC,-0.211866879206896
P,CCG,-0.261844297105074
P,CCC,0.0171918732841701
Q,CAG,-0.649988415737947
R,AGG,0.6038271430790421
R,CGG,0.08874584069252
R,CGC,-0.555465319681168
S,TCG,-0.721815610418717
S,TCC,0.118259391755114
T,ACG,-0.12257659843365398
T,ACC,-0.172692050282657
V,GTG,-1.3839478598753612
V,GTC,0.0921659070534011
Y,TAC,-0.172642173492908
Z,AGC,-0.467589432344834
