AA,Codon,Mean
A,GCG,0.56764254314204
A,GCC,0.307499008474747
C,TGC,-0.0528986223200811
D,GAC,0.230548306565483
E,GAG,-0.0553310317302123
F,TTC,0.158318095124761
G,GGG,0.5465938733920539
G,GGC,-0.211962397316098
H,CAC,0.496772541165352
I,ATC,0.133848165931801
K,AAG,0.077700977533559007
L,CTG,-0.49070998090257295
L,CTC,0.19602583558956801
L,TTG,-0.708558373479048
N,AAC,0.215991277312239
P,CCG,0.1498168510525062
P,CCC,0.335818169548114
Q,CAG,-0.0885171025268734
R,AGG,0.47754702552259
R,CGG,0.5057726887995999
R,CGC,-0.310217269554734
S,TCG,-0.0396559942645876
S,TCC,0.360604548392693
T,ACG,0.2759865112774541
T,ACC,0.239468842185537
V,GTG,-0.821707182044784
V,GTC,0.326507079390685
Y,TAC,0.121180300328632
Z,AGC,-0.200991971218586
