AA,Codon,Mean
A,GCG,0.6207642999971911
A,GCC,-0.0232304960901856
C,TGC,0.0141074317267838
D,GAC,0.344253084381421
E,GAG,-0.32325971985658
F,TTC,-0.316328581694762
G,GGG,0.0841029656569702
G,GGC,0.0904584426318606
H,CAC,0.515157180478175
I,ATC,-0.422285200907787
K,AAG,-0.507840150477489
L,CTG,-0.6630300104287798
L,CTC,-0.18204052685499197
L,TTG,-1.01133905133406
N,AAC,-0.181581729270021
P,CCG,0.4002985482457953
P,CCC,-0.0725712159852944
Q,CAG,-0.120821497701605
R,AGG,-0.009933841955662048
R,CGG,-0.153764222082992
R,CGC,0.0724051839035936
S,TCG,0.37743833930393
S,TCC,-0.049110180630075
T,ACG,0.18395859077572796
T,ACC,-0.00899790622707811
V,GTG,-1.252002084465822
V,GTC,0.120153190694253
Y,TAC,0.0125995747927829
Z,AGC,-0.100689184228082
