AA,Codon,Mean
A,GCG,0.052852492892741965
A,GCC,0.0619027882958452
C,TGC,0.240909765060743
D,GAC,-0.121554963244498
E,GAG,-0.202381294694543
F,TTC,-0.0724723506502807
G,GGG,0.36003942331671807
G,GGC,0.273069665806492
H,CAC,-0.221014256369074
I,ATC,0.0260502239958694
K,AAG,-0.296861287556092
L,CTG,-0.15267672934532195
L,CTC,0.03590396448771141
L,TTG,-0.373860681668917
N,AAC,-0.223481273342172
P,CCG,0.47673188461363303
P,CCC,0.615692284405231
Q,CAG,-0.224633500442902
R,AGG,0.742479517928538
R,CGG,0.006635965796309984
R,CGC,0.358348219915231
S,TCG,-0.0053407511909799865
S,TCC,0.0322863059399029
T,ACG,0.10688824209968201
T,ACC,-0.0272941219301739
V,GTG,-0.15611463510394097
V,GTC,0.0318725862840811
Y,TAC,-0.214299804404378
Z,AGC,0.00786692656567762
