AA,Codon,Mean
A,GCG,0.564455305511256
A,GCC,-0.195916891475519
C,TGC,0.17536242503797
D,GAC,-0.0139431800833497
E,GAG,-0.728526776119073
F,TTC,-0.525983336059252
G,GGG,0.26137867255608205
G,GGC,0.322874471771717
H,CAC,0.0785872253367095
I,ATC,-0.56772628411452
K,AAG,-0.973896452232202
L,CTG,-1.0790540371417248
L,CTC,-0.42214342554687356
L,TTG,-1.6415318372647
N,AAC,-0.656761632517974
P,CCG,0.6815390729346575
P,CCC,0.113680471445434
Q,CAG,-0.458993291219076
R,AGG,0.7595201151178335
R,CGG,-0.4380779567122419
R,CGC,0.310337678185105
S,TCG,0.059593419667147055
S,TCC,-0.225098806715012
T,ACG,0.06106713261951999
T,ACC,-0.258553115046024
V,GTG,-1.792634364493686
V,GTC,-0.0427941291299559
Y,TAC,-0.384973319500685
Z,AGC,-0.129285569470624
