AA,Codon,Mean
A,GCG,0.882734983300169
A,GCC,-0.0848334641148647
C,TGC,-0.46459123138388
D,GAC,0.0336582122683447
E,GAG,-0.0427000426425288
F,TTC,-0.00932120368470235
G,GGG,0.20056429189940303
G,GGC,-0.694815965791543
H,CAC,0.120856107736627
I,ATC,-0.0408539089720386
K,AAG,0.0756291625815133
L,CTC,-0.09288796005348399
L,TTG,-1.0671995799462
N,AAC,0.0370558440029805
P,CCG,-0.1242928910570055
P,CCC,-0.14064282146891
Q,CAG,-0.11369353813827
R,AGG,0.27135569703181495
R,CGG,-0.025263693088293016
R,CGC,-0.558271564499537
S,TCG,-0.09216891457865929
S,TCC,-0.0287614488969871
T,ACG,0.14620015641464612
T,ACC,-0.0146730460184826
V,GTG,-1.3484264380574231
V,GTC,0.0121337946228104
Y,TAC,-0.269400945816437
Z,AGC,-0.403567449879646
