AA,Codon,Mean
A,GCG,0.16471394973794606
A,GCC,0.0655052481395503
C,TGC,0.270116934252779
D,GAC,-0.160763510504365
E,GAG,-0.124713327902059
F,TTC,-0.242773380848765
G,GGG,0.662687949566046
G,GGC,0.463400428080559
H,CAC,-0.344511095130444
I,ATC,-0.0448597010828555
K,AAG,-0.350940968583028
L,CTC,0.14010540315310094
L,TTG,-0.304263305636247
N,AAC,-0.344120229103168
P,CCG,0.8541338772897922
P,CCC,0.280407528587182
Q,CAG,0.196498432652156
R,AGG,0.6870054717918239
R,CGG,-0.3199081283291201
R,CGC,0.636127242116133
S,TCG,-0.16006967952648798
S,TCC,0.0363337165926273
T,ACG,0.04996532619198202
T,ACC,-0.0625103313535452
V,GTG,-0.30950462121168804
V,GTC,-0.0135884815400403
Y,TAC,-0.375639078481992
Z,AGC,0.022317820002374
