AA,Codon,Mean
A,GCG,0.18278410875400009
A,GCC,-1.07878540444374
C,TGC,-0.851550811107953
D,GAC,-0.876279511332512
E,GAG,-0.652530293754737
F,TTC,-0.409825252451499
G,GGG,-0.332608200673262
G,GGC,-1.81063959247271
H,CAC,-0.69353551172018
I,ATC,-0.728864542460442
K,AAG,-0.48658580895861
L,CTC,-0.7574933842541459
L,TTG,-2.28676925449371
N,AAC,-0.805738741823038
P,CCG,-1.2676481099644092
P,CCC,-1.05954044406414
Q,CAG,-1.06891105786165
R,AGG,-0.088536991512776
R,CGG,-0.944379948329924
R,CGC,-1.29640121069749
S,TCG,-1.33875391381582
S,TCC,-0.906751550340652
T,ACG,-0.866417515982193
T,ACC,-0.983550431334972
V,GTG,-2.459147425639627
V,GTC,-0.610223012363911
Y,TAC,-1.00641851959626
Z,AGC,-1.08850156912804
