AA,Codon,Mean
A,GCG,0.8611336183261437
A,GCC,0.905752961572011
C,TGC,0.597772395964464
D,GAC,0.752550396128496
E,GAG,0.329208586198092
F,TTC,0.428533103487889
G,GGG,0.6495044809261961
G,GGC,0.419793753198783
H,CAC,0.885456344310443
I,ATC,0.569027375590801
K,AAG,0.0560378637799993
L,CTG,0.041543030112980994
L,CTC,0.6602683055549861
L,TTG,6.6302814024385e-4
N,AAC,0.62407736868461
P,CCG,0.9866672867347801
P,CCC,0.914180208571752
Q,CAG,0.280746411763628
R,AGG,0.5149237727652001
R,CGG,0.819690903351704
R,CGC,0.414883051816622
S,TCG,0.670143173984687
S,TCC,0.85155774008433
T,ACG,0.7207245181898251
T,ACC,0.568069924672445
V,GTG,-0.022251651609938
V,GTC,0.65460941956838
Y,TAC,0.684148308070501
Z,AGC,0.417141375382741
