AA,Codon,Mean
A,GCG,-0.07925015159646698
A,GCC,3.6943740619795e-4
C,TGC,0.00445544083375603
D,GAC,-0.0912201150164008
E,GAG,-0.177192900996407
F,TTC,-0.195404865695039
G,GGG,0.364388696030279
G,GGC,0.162944782040517
H,CAC,-0.199313677146037
I,ATC,-0.0296596861828119
K,AAG,-0.400439654111862
L,CTG,-0.232492246282787
L,CTC,0.046540759319067496
L,TTG,-0.304317667339245
N,AAC,-0.216872944109639
P,CCG,0.131486380030711
P,CCC,0.0344974585114357
Q,CAG,-0.257664067624013
R,AGG,0.24047543495893503
R,CGG,0.3835809416883933
R,CGC,0.222131950027744
S,TCG,-0.08044801140427599
S,TCC,0.0133676621742488
T,ACG,-0.04713630296190596
T,ACC,-0.0149700000579813
V,GTG,-0.059098164855936997
V,GTC,-0.014802787705095
Y,TAC,-0.215883357385794
Z,AGC,-0.0494783869006361
