AA,Codon,Mean
A,GCG,0.8214973920332735
A,GCC,0.831276064165433
C,TGC,0.592576232143243
D,GAC,0.747842567670345
E,GAG,0.253836229416728
F,TTC,0.336992042066654
G,GGG,0.731492561807235
G,GGC,0.440913776117563
H,CAC,0.913626468602816
I,ATC,0.552418780390422
K,AAG,-0.047158804868542
L,CTG,-0.038467070005337
L,CTC,0.6686209699139
L,TTG,-0.105440872654816
N,AAC,0.549364629367987
P,CCG,1.002465638806919
P,CCC,0.898648586241404
Q,CAG,0.229078155356646
R,AGG,0.5516193059836819
R,CGG,0.9481476771026849
R,CGC,0.49768610877792
S,TCG,0.6580409443997471
S,TCC,0.780380795399348
T,ACG,0.6337252697388329
T,ACC,0.5360515964667
V,GTG,-0.1332675486590092
V,GTC,0.64265972446998
Y,TAC,0.645538025081158
Z,AGC,0.454806579526265
