AA,Codon,Mean
A,GCG,1.89935249361098
A,GCC,0.809916449864705
C,TGC,1.72875246275266
D,GAC,1.84037944671313
E,GAG,0.836308635592461
F,TTC,0.987840305578709
G,GGG,0.22081350540916106
G,GGC,1.98412914600372
H,CAC,1.95656427509785
I,ATC,1.23020750907262
K,AAG,0.758547937595844
L,CTG,0.22463371916214792
L,CTC,1.177833712069191
L,TTG,0.711955397590001
N,AAC,1.63312975395521
P,CCG,1.689788971551263
P,CCC,0.192465512018402
Q,CAG,1.25650973220666
R,AGG,1.0012518993586341
R,CGG,0.7781174993391242
R,CGC,2.11833784770171
S,TCG,1.4734615726609999
S,TCC,0.849033216909568
T,ACG,1.4337715335329388
T,ACC,1.00452151382764
V,GTG,-0.017197545240322798
V,GTC,0.889706536706289
Y,TAC,1.7239058381478
Z,AGC,1.88039281382561
