AA,Codon,Mean
A,GCG,0.2612771962881121
A,GCC,0.114013184265792
C,TGC,0.709141351334254
D,GAC,-0.0796705975415806
E,GAG,0.761273810470104
F,TTC,-0.38960849801898
G,GGG,-0.446278082080682
G,GGC,0.554106852519512
H,CAC,-0.21108239693443
I,ATC,-0.048379176348572
K,AAG,-0.236173601355155
L,CTG,0.841884055661162
L,CTC,1.0893837794830357
L,TTG,0.367622934389114
N,AAC,-0.319475762103001
P,CCG,1.074851153693596
P,CCC,0.589612143957615
Q,CAG,1.00550641696056
R,AGG,1.2454470544487535
R,CGG,0.027063393100099642
R,CGC,0.868120861752828
S,TCG,0.46740933055480494
S,TCC,0.0793956671712299
T,ACG,0.625435755852859
T,ACC,0.0167965383383033
V,GTG,-0.18087629405458794
V,GTC,-0.0358382140714675
Y,TAC,-0.326241001586119
Z,AGC,0.252226329813401
