AA,Codon,Mean
A,GCG,1.899978662183883
A,GCC,0.844122396636009
C,TGC,1.72558130071163
D,GAC,1.74966396165689
E,GAG,0.865604988984267
F,TTC,1.10985394687653
G,GGG,0.527718347512682
G,GGC,1.64719838861624
H,CAC,1.90715408052603
I,ATC,1.26200387521585
K,AAG,0.765203688267867
L,CTG,0.29497832624117093
L,CTC,0.946169755502539
L,TTG,0.842006687478224
N,AAC,1.63810686191718
P,CCG,1.6849950022459028
P,CCC,0.416119799262285
Q,CAG,1.22286964245637
R,AGG,0.967108337537444
R,CGG,0.907254782509803
R,CGC,1.78912935504119
S,TCG,1.57677144939899
S,TCC,0.885392511173089
T,ACG,1.514181108192604
T,ACC,0.952316344563166
V,GTG,0.2998100156397746
V,GTC,1.00337505494754
Y,TAC,1.7592987241745
Z,AGC,1.64911931526661
