AA,Codon,Mean
A,GCG,0.711492195526758
A,GCC,0.103507675415277
C,TGC,1.24116900525888
D,GAC,0.250559247309963
E,GAG,0.800336408853531
F,TTC,-0.177405454769731
G,GGG,0.43125425724188005
G,GGC,1.1872459174792
H,CAC,-0.00414060211070814
I,ATC,0.0887401496740679
K,AAG,0.524053436873356
L,CTG,0.9041778743028599
L,CTC,0.919032516680165
L,TTG,0.282078230327368
N,AAC,-0.171486134752631
P,CCG,1.5393654296378259
P,CCC,1.75369517516295
Q,CAG,1.15148470449448
R,AGG,1.798784772330527
R,CGG,0.39578840255737013
R,CGC,1.31886467223167
S,TCG,0.807060275479162
S,TCC,0.149052389918764
T,ACG,0.8049474726041119
T,ACC,0.0200619373120026
V,GTG,-0.23091169089476016
V,GTC,0.0994681172400713
Y,TAC,-0.243760845265786
Z,AGC,0.564248906570673
