AA,Codon,Mean
A,GCG,1.036320752797524
A,GCC,0.795286494366328
C,TGC,0.301797468179464
D,GAC,0.669176834567388
E,GAG,-0.126694512886057
F,TTC,-0.2841942391783
G,GGG,0.624547279270242
G,GGC,0.735228474056721
H,CAC,0.720718796122074
I,ATC,-0.283984809647997
K,AAG,-0.189701828321815
L,CTG,-0.6115291551200721
L,CTC,-0.15269534329871298
L,TTG,-0.653341996765137
N,AAC,0.156675450647374
P,CCG,0.800223633427918
P,CCC,0.428818814678987
Q,CAG,-0.17077998239249
R,AGG,0.74172140964667
R,CGG,0.550810926613454
R,CGC,0.506328942531347
S,TCG,0.5988154535267026
S,TCC,0.327739722452561
T,ACG,0.5626222199174451
T,ACC,0.488426092920701
V,GTG,-0.820961013032993
V,GTC,0.300895710786184
Y,TAC,0.312249940876166
Z,AGC,0.41594120901823
