AA,Codon,Mean
A,GCG,1.632899384586515
A,GCC,-0.0336049890438379
C,TGC,0.700744095869859
D,GAC,0.187682685272892
E,GAG,0.658922711686293
F,TTC,-0.353347296571732
G,GGG,1.1891043295676509
G,GGC,0.647105363734563
H,CAC,0.154942642834783
I,ATC,-0.102340996033698
K,AAG,-0.313739839408795
L,CTC,0.20985038301149994
L,TTG,-0.912648152617613
N,AAC,-0.206638787243764
P,CCG,1.41028720453729
P,CCC,0.204188642554979
Q,CAG,0.641844606653849
R,AGG,1.597816194146871
R,CGG,-0.44799846801757903
R,CGC,0.816576725455125
S,TCG,0.23262173548936804
S,TCC,-0.0644058952972254
T,ACG,0.9979153171877051
T,ACC,-0.275105773500601
V,GTG,-1.127896295856436
V,GTC,0.332655492633581
Y,TAC,-0.440972510906061
Z,AGC,0.21842293741554
