AA,Codon,Mean
A,GCG,0.35419709950288103
A,GCC,0.110063890895744
C,TGC,0.456041950728496
D,GAC,-0.149670454360048
E,GAG,0.0832507078168293
F,TTC,-0.346828755815824
G,GGG,0.7263365557452031
G,GGC,0.597664585316181
H,CAC,-0.35727653268377
I,ATC,-0.0504343360499789
K,AAG,-0.443161612582207
L,CTC,0.07012242734630902
L,TTG,-0.218197510096431
N,AAC,-0.34541258020997
P,CCG,1.157898721539975
P,CCC,0.620069070645173
Q,CAG,0.579006986900171
R,AGG,0.895067860492071
R,CGG,-0.5868782445192298
R,CGC,0.821891454545657
S,TCG,0.18760408795277295
S,TCC,0.0234160956074028
T,ACG,0.37918163229227103
T,ACC,-0.0355184888089076
V,GTG,-0.16638293498357204
V,GTC,-0.0378003245536238
Y,TAC,-0.350215390839179
Z,AGC,0.134824630927046
