AA,Codon,Mean
A,GCG,1.683030570038159
A,GCC,0.32070192040801
C,TGC,0.371813627320528
D,GAC,0.872231132789453
E,GAG,0.763711829109987
F,TTC,0.296962598517537
G,GGG,0.794715340828896
G,GGC,0.485358955051502
H,CAC,0.925231156297525
I,ATC,0.368965501791239
K,AAG,0.50507716092666
L,CTC,0.496565490649143
L,TTG,-0.214738375225663
N,AAC,0.7011632239302
P,CCG,0.927177433897411
P,CCC,0.231329900284608
Q,CAG,0.545962459123135
R,AGG,0.639091249889133
R,CGG,0.5110312320495909
R,CGC,0.462307883022229
S,TCG,0.7395037920018039
S,TCC,0.306609466036161
T,ACG,0.9871144059101741
T,ACC,0.216206097591917
V,GTG,-0.325902580625812
V,GTC,0.697253949129581
Y,TAC,0.429371663749218
Z,AGC,0.432236349223057
