AA,Codon,Mean
A,GCG,-0.09456076372861899
A,GCC,-0.0980120318189263
C,TGC,0.193287954025467
D,GAC,-0.0767586285936336
E,GAG,0.445584581200282
F,TTC,-0.506396947793166
G,GGG,0.39435760049025304
G,GGC,0.273919306743145
H,CAC,-0.388638695532084
I,ATC,-0.172903939887881
K,AAG,-0.747911435564359
L,CTG,-0.25785944012602197
L,CTC,-0.027059226938087988
L,TTG,-0.0241289384133571
N,AAC,-0.396109436138471
P,CCG,-0.10824177517493094
P,CCC,-0.184949778048197
Q,CAG,0.42032435772419
R,AGG,1.10154208098575
R,CGG,0.3397484398444499
R,CGC,0.380620261039337
S,TCG,-0.24861467735369996
S,TCC,-0.167288917729259
T,ACG,0.202880527627468
T,ACC,-0.166265909017126
V,GTG,-0.17882497406005904
V,GTC,-0.153769947997729
Y,TAC,-0.592865493969123
Z,AGC,-0.00956899196122981
