AA,Codon,Mean
A,GCG,0.676615953250726
A,GCC,0.538704598311583
C,TGC,0.525388954941432
D,GAC,0.999844656451543
E,GAG,0.53288706476291
F,TTC,1.01386171376705
G,GGG,0.28355475922028206
G,GGC,0.468029371736447
H,CAC,0.928880364720027
I,ATC,0.893911796724796
K,AAG,0.763656343499819
L,CTG,0.38323453815678704
L,CTC,0.7944417231837909
L,TTG,0.250603773964445
N,AAC,0.89590425872008
P,CCG,0.77350977863421
P,CCC,0.61456797465086
Q,CAG,0.373967100862662
R,AGG,0.404479454778135
R,CGG,0.504521921554208
R,CGC,0.549826049266259
S,TCG,0.821636289079984
S,TCC,0.822558247800668
T,ACG,0.700086428400123
T,ACC,0.549901393961906
V,GTG,0.307448252508541
V,GTC,0.948180421125889
Y,TAC,0.802684179019928
Z,AGC,0.601971927754084
