AA,Codon,Mean
A,GCG,0.974657524699472
A,GCC,-0.789632904485861
C,TGC,-0.753466659585635
D,GAC,-0.656061115779479
E,GAG,-0.873796739991506
F,TTC,-0.424372386707862
G,GGG,0.29512534705798
G,GGC,-2.27923228142261
H,CAC,-0.288837803289294
I,ATC,-0.898986389482021
K,AAG,-1.15130423034032
L,CTC,-0.38572381315231297
L,TTG,-1.68356665345033
N,AAC,-0.453458381793896
P,CCG,-1.02567696573933
P,CCC,-0.360518474420905
Q,CAG,-2.17820444440047
R,AGG,-0.33986853943665984
R,CGG,-0.06232578532695987
R,CGC,-0.0914632763497104
S,TCG,-1.328326937234355
S,TCC,-0.806515657536189
T,ACG,-1.061593525952101
T,ACC,-0.503208365557591
V,GTG,-1.327031674941384
V,GTC,-0.98180291304191
Y,TAC,-0.83792379244566
Z,AGC,-0.907826823341847
