AA,Codon,Mean
A,GCG,1.5579822086890502
A,GCC,2.10139154803753
C,TGC,2.57921649217606
D,GAC,2.29125427972476
E,GAG,2.53179415041606
F,TTC,0.763374306027095
G,GGG,1.00167917780876
G,GGC,3.98554675690333
H,CAC,2.0203656688769698
I,ATC,2.00045069973469
K,AAG,1.95209528637727
L,CTC,2.206289659937223
L,TTG,2.53926707844734
N,AAC,1.81527449336847
P,CCG,3.208908910075822
P,CCC,2.32255156071981
Q,CAG,3.5286461115996
R,AGG,2.202019613887868
R,CGG,1.30049849967162
R,CGC,2.84493826184273
S,TCG,2.98362524771492
S,TCC,1.84767919051647
T,ACG,2.4252481150150302
T,ACC,1.79695098332564
V,GTG,2.1107226835489303
V,GTC,2.38967533807755
Y,TAC,1.9638063073953
Z,AGC,2.44697824010849
