AA,Codon,Mean
A,GCG,-0.26296777973572405
A,GCC,-0.104637830145657
C,TGC,0.102512646534046
D,GAC,-0.488639965881904
E,GAG,-0.331731983621915
F,TTC,-0.384007660776377
G,GGG,0.10067799617449391
G,GGC,0.233772781350215
H,CAC,-0.785749145932992
I,ATC,-0.127433144781987
K,AAG,-0.553887641990185
L,CTC,-0.10163823377688797
L,TTG,-0.848493178431193
N,AAC,-0.736988074612618
P,CCG,0.690997937745601
P,CCC,0.106573658190419
Q,CAG,-0.510751888658603
R,AGG,0.665466706863046
R,CGG,-0.785553019964692
R,CGC,0.394590913748741
S,TCG,-0.590818529442946
S,TCC,-0.0632232874102891
T,ACG,-0.21100998770594598
T,ACC,-0.237590185658137
V,GTG,-0.6422018173358094
V,GTC,-0.103667255049447
Y,TAC,-0.687702740295728
Z,AGC,-0.285769343784451
