AA,Codon,Mean
A,GCG,1.215948720127344
A,GCC,0.349961357531945
C,TGC,-0.0129177890349417
D,GAC,0.351155466616154
E,GAG,0.0171727736151888
F,TTC,0.198963640621305
G,GGG,0.477840568784873
G,GGC,-0.18436719254454
H,CAC,0.509447554409504
I,ATC,0.0710935387031486
K,AAG,0.0259979403330633
L,CTC,0.3005225140918043
L,TTG,-0.615091070747375
N,AAC,0.344252814525366
P,CCG,0.373085281223828
P,CCC,0.350913998409112
Q,CAG,0.250050653497378
R,AGG,0.369804060242574
R,CGG,0.837244442750017
R,CGC,0.105138795205206
S,TCG,0.42519235781530496
S,TCC,0.318136343900363
T,ACG,0.466260546731452
T,ACC,0.269166576084495
V,GTG,-0.6941020983606581
V,GTC,0.283848079674443
Y,TAC,-0.0340486367455065
Z,AGC,-0.0127764666228311
