AA,Codon,Mean
A,GCG,0.914606232512184
A,GCC,0.400610342057546
C,TGC,0.794993992853165
D,GAC,1.29851133019129
E,GAG,1.12799882538319
F,TTC,0.686592088258266
G,GGG,-0.03871758108933798
G,GGC,0.838249558158716
H,CAC,1.6459142889897
I,ATC,0.346727979552746
K,AAG,0.974180451412996
L,CTG,1.195313662863771
L,CTC,0.733781342310707
L,TTG,1.83631596435706
N,AAC,1.13145462253888
P,CCG,0.273576222802202
P,CCC,0.0603109283958074
Q,CAG,1.64376738053163
R,AGG,-0.1896138281551344
R,CGG,0.495229110066592
R,CGC,0.743441360088189
S,TCG,0.926533290504664
S,TCC,0.688635899575551
T,ACG,0.5648165631294251
T,ACC,0.863979866449038
V,GTG,0.584595287152628
V,GTC,0.703142629532019
Y,TAC,1.4054250041008
Z,AGC,1.26748604432742
