AA,Codon,Mean
A,GCG,0.6190081494331401
A,GCC,-0.00311605985694961
C,TGC,0.35103633581996
D,GAC,-1.14386247784297
E,GAG,-1.95147178720633
F,TTC,-1.44383968355656
G,GGG,1.6520097808360998
G,GGC,1.06536570070585
H,CAC,-2.21549813187917
I,ATC,-0.57606063892444
K,AAG,-2.50828054812749
L,CTG,-2.02755218160948
L,CTC,-0.8334776993944002
L,TTG,-4.20688512748082
N,AAC,-2.16719832870166
P,CCG,2.375684364438059
P,CCC,1.67570325953166
Q,CAG,-2.51013054084778
R,AGG,2.87352091578642
R,CGG,0.2839588799476598
R,CGC,0.914033602448304
S,TCG,-0.3216255649646198
S,TCC,-0.48856630483071
T,ACG,0.7868788309137009
T,ACC,-0.68012504790624
V,GTG,-2.085709183200197
V,GTC,-0.428063459775845
Y,TAC,-2.33650424752235
Z,AGC,-0.794178152016799
