AA,Codon,Mean
A,GCG,0.4920488695621501
A,GCC,0.0737559731482839
C,TGC,0.0440430759956371
D,GAC,-0.558374786382914
E,GAG,-1.21627617108027
F,TTC,-0.9024949452281
G,GGG,0.9810996961434699
G,GGC,0.461851703019937
H,CAC,-1.07657912855943
I,ATC,-0.453910364315907
K,AAG,-1.58710622576873
L,CTG,-1.3540607304890981
L,CTC,-0.5455919928066435
L,TTG,-2.61522161297798
N,AAC,-1.17611139505704
P,CCG,1.380203770955771
P,CCC,0.75830330041647
Q,CAG,-1.4298612007459
R,AGG,1.397319646130005
R,CGG,0.31581377049286985
R,CGC,0.290436856710911
S,TCG,0.05468372151851608
S,TCC,-0.286746419423819
T,ACG,0.4993471851540105
T,ACC,-0.389618065939347
V,GTG,-1.388095967147749
V,GTC,-0.218879901445905
Y,TAC,-1.34047812652588
Z,AGC,-0.520513164883852
