AA,Codon,Mean
A,GCG,0.26442233796119696
A,GCC,0.0845626319808265
C,TGC,0.36380595621864
D,GAC,-0.0554625208112101
E,GAG,0.422109660021464
F,TTC,-0.149647924357653
G,GGG,0.31206767940521296
G,GGC,0.467838573116064
H,CAC,-0.180555106830597
I,ATC,-0.0182165106642991
K,AAG,0.224936109826962
L,CTC,0.04992100721399001
L,TTG,0.0789466597119967
N,AAC,-0.187911069476604
P,CCG,0.747043299657107
P,CCC,0.31453280659318
Q,CAG,0.510335845812162
R,AGG,0.73295747885406
R,CGG,0.32011139511266995
R,CGC,0.593423504509529
S,TCG,0.49187442500327627
S,TCC,0.0236331706377474
T,ACG,0.478557560102145
T,ACC,-0.028598284973142
V,GTG,0.378833486880859
V,GTC,-0.00153532122980055
Y,TAC,-0.217706022047997
Z,AGC,0.0849767736684531
