AA,Codon,Mean
A,GCG,1.5803909011681871
A,GCC,0.774172013847033
C,TGC,0.759957189488411
D,GAC,0.886111733853817
E,GAG,0.507455827432871
F,TTC,0.441150835311413
G,GGG,0.752455448419849
G,GGC,0.794741623028119
H,CAC,0.980669853889942
I,ATC,0.373892324839036
K,AAG,0.821112736996015
L,CTC,0.5178041250149399
L,TTG,-0.231042308185498
N,AAC,0.949966546050708
P,CCG,1.22242850437959
P,CCC,0.493762933019797
Q,CAG,1.20708915935357
R,AGG,1.004557426504296
R,CGG,1.515795345905672
R,CGC,0.837007892390092
S,TCG,0.9652741823633519
S,TCC,0.461422424981991
T,ACG,1.0601021057869
T,ACC,0.56070728555123
V,GTG,-0.286010722554724
V,GTC,0.55161219321092
Y,TAC,0.6298557411472
Z,AGC,0.961729046448072
