AA,Codon,Mean
A,GCG,1.364560527986288
A,GCC,0.791120926968257
C,TGC,1.06005613281329
D,GAC,0.981370911618074
E,GAG,0.504647391909361
F,TTC,0.568371404890219
G,GGG,0.764297244000435
G,GGC,1.14726088027954
H,CAC,1.06209797489643
I,ATC,0.537174888183673
K,AAG,0.751464768942197
L,CTC,0.7156453287998801
L,TTG,-0.249481510300438
N,AAC,1.05154861269792
P,CCG,1.298384127942721
P,CCC,0.629245805410544
Q,CAG,1.24162464618683
R,AGG,1.1108121308008863
R,CGG,1.57711041278243
R,CGC,1.33559630861282
S,TCG,0.810457941610615
S,TCC,0.593641515231133
T,ACG,1.004550554385284
T,ACC,0.633684786625703
V,GTG,-0.3391156310981081
V,GTC,0.703790212388833
Y,TAC,0.72737588843902
Z,AGC,1.22015400745869
