AA,Codon,Mean
A,GCG,1.668261822002136
A,GCC,0.71295095120271
C,TGC,1.56409421800772
D,GAC,1.4328414248546
E,GAG,0.920733307135105
F,TTC,0.754425476658344
G,GGG,0.294711241235335
G,GGC,1.98674452424844
H,CAC,1.53680605331262
I,ATC,1.09002614010175
K,AAG,0.880630718747775
L,CTG,0.13529127995968016
L,CTC,0.9901184589982001
L,TTG,0.521096338454882
N,AAC,1.35819950422446
P,CCG,1.362808153081937
P,CCC,0.514298450692495
Q,CAG,1.32912952048779
R,AGG,1.018229367493098
R,CGG,1.2816893826600058
R,CGC,1.89475675536791
S,TCG,1.350904486733679
S,TCC,0.786286912914117
T,ACG,1.2585798763831462
T,ACC,1.02087398519119
V,GTG,-0.038474437139927986
V,GTC,0.677767331246535
Y,TAC,1.04883747509321
Z,AGC,1.84860688440005
