AA,Codon,Mean
A,GCG,0.236993755463762
A,GCC,0.075729046608756
C,TGC,0.69719004761378
D,GAC,-0.17305287168026
E,GAG,0.597222023204962
F,TTC,-0.528898843208949
G,GGG,-0.7565180317799279
G,GGC,0.600629907544454
H,CAC,-0.360090192697446
I,ATC,-0.164402182052533
K,AAG,-0.345264322835207
L,CTG,0.44254882986148203
L,CTC,1.306536511683466
L,TTG,-0.0571775886374215
N,AAC,-0.546814761330684
P,CCG,1.410810182934999
P,CCC,0.468863337089618
Q,CAG,1.0282597235322
R,AGG,1.3611751056935772
R,CGG,-0.26619250396091987
R,CGC,1.19736275028785
S,TCG,0.44831469628810594
S,TCC,-9.213984417119e-4
T,ACG,0.4871419328371691
T,ACC,-0.0263331906418937
V,GTG,-0.508956489399076
V,GTC,-0.110995013937354
Y,TAC,-0.591221460549037
Z,AGC,0.0408943635218703
