AA,Codon,Mean
A,GCG,1.9115518618414822
A,GCC,1.13208599115213
C,TGC,0.956513326946894
D,GAC,1.42526280808449
E,GAG,0.8368269064188
F,TTC,1.01542528738976
G,GGG,0.749739588594933
G,GGC,1.41339974104563
H,CAC,1.42919406399727
I,ATC,1.13226915322145
K,AAG,0.915659072840214
L,CTG,0.376831949043272
L,CTC,1.033199001804987
L,TTG,0.410418007606268
N,AAC,1.20242907355626
P,CCG,1.613105239447954
P,CCC,1.15933109728495
Q,CAG,0.832249972502391
R,AGG,0.824180861985684
R,CGG,1.08342452786696
R,CGC,1.66772601181666
S,TCG,1.211145623915394
S,TCC,1.03422714502414
T,ACG,1.4236372692346602
T,ACC,1.05060366090139
V,GTG,0.42049601136445997
V,GTC,1.23661731197834
Y,TAC,1.08703817593257
Z,AGC,1.03096085968812
