AA,Codon,Mean
A,GCG,0.25231815164486593
A,GCC,0.0445641472140948
C,TGC,0.676202542908986
D,GAC,-0.0994878840977947
E,GAG,0.433763409924507
F,TTC,-0.357651267286142
G,GGG,0.015813234404719934
G,GGC,0.587334592878819
H,CAC,-0.271433909991384
I,ATC,-0.0978380750089884
K,AAG,-0.234768059385816
L,CTG,0.6148494310287136
L,CTC,0.6657443889200709
L,TTG,0.185606849047542
N,AAC,-0.318928715288639
P,CCG,0.8982839185396839
P,CCC,0.914651192887624
Q,CAG,0.588486624379953
R,AGG,0.8827171650722485
R,CGG,0.20072801945209995
R,CGC,0.83525354253451
S,TCG,0.28532601295510895
S,TCC,-0.0187286109028986
T,ACG,0.398937097581228
T,ACC,-0.0571787910593053
V,GTG,0.20753519962628597
V,GTC,-0.0738843847982585
Y,TAC,-0.345377985046307
Z,AGC,0.0967196564555168
