AA,Codon,Mean
A,GCG,0.584129221133888
A,GCC,0.623676265458266
C,TGC,0.790989529232184
D,GAC,0.586194034584363
E,GAG,0.0599723543575654
F,TTC,0.412604149701198
G,GGG,0.688918503938118
G,GGC,0.682758218646049
H,CAC,0.594645286889871
I,ATC,0.643092244700591
K,AAG,0.545586290005843
L,CTG,-0.6005432877779041
L,CTC,0.543965544104575
L,TTG,-0.786573573235671
N,AAC,0.3597774870495
P,CCG,0.3028866902783804
P,CCC,0.716848231124878
Q,CAG,0.149645419026415
R,AGG,0.578621310901145
R,CGG,0.12266401194002952
R,CGC,0.651928536983331
S,TCG,0.1041793289829945
S,TCC,0.796295360338688
T,ACG,0.2442874734472987
T,ACC,0.579409582678477
V,GTG,-1.416793211315075
V,GTC,1.13512805240949
Y,TAC,0.316125062332551
Z,AGC,0.473285189622641
