AA,Codon,Mean
A,GCG,0.30086524458527597
A,GCC,0.0586456235021353
C,TGC,0.0813409868674974
D,GAC,-0.20438298112452
E,GAG,-0.0872782786245147
F,TTC,-0.327168621003628
G,GGG,0.844491573417186
G,GGC,0.438261849921942
H,CAC,-0.522118232347568
I,ATC,-0.125556393027306
K,AAG,-0.510153520772854
L,CTG,-0.394446760672331
L,CTC,-0.0551770912435527
L,TTG,-0.599251416035493
N,AAC,-0.470441380574306
P,CCG,0.830138284423948
P,CCC,0.7113767217954
Q,CAG,0.283710702484846
R,AGG,0.9577674422621729
R,CGG,-0.881946889305119
R,CGC,0.437267375214895
S,TCG,-0.21626455692450203
S,TCC,-0.0220313421676207
T,ACG,0.16835258618593207
T,ACC,-0.0666040680711468
V,GTG,-0.9402088031450859
V,GTC,-0.0898501470083992
Y,TAC,-0.505801973634958
Z,AGC,-0.113664566192528
