AA,Codon,Mean
A,GCG,0.8617834544708329
A,GCC,0.414379177004099
C,TGC,0.476819739510616
D,GAC,0.444696061315139
E,GAG,0.301483276625474
F,TTC,0.174417667467395
G,GGG,0.8253788183689119
G,GGC,0.419475276501973
H,CAC,0.4925217793564
I,ATC,0.266683221610387
K,AAG,0.688966175516446
L,CTG,-0.387437545704841
L,CTC,0.150020991593599
L,TTG,-0.733352406680584
N,AAC,0.222961529281735
P,CCG,0.510465716461341
P,CCC,0.545441498007377
Q,CAG,0.248432952294747
R,AGG,0.837770111487806
R,CGG,0.6009434549977379
R,CGC,0.291784904849529
S,TCG,0.379974363326529
S,TCC,0.530505577554305
T,ACG,0.640355779248476
T,ACC,0.364074637438854
V,GTG,-1.0094986389944938
V,GTC,0.685067419838905
Y,TAC,0.10394127136295
Z,AGC,0.239216950210929
