AA,Codon,Mean
A,GCG,-1.072427373468875
A,GCC,-1.54172101310889
C,TGC,-0.796466591501236
D,GAC,-1.25558593460719
E,GAG,-1.05660209275881
F,TTC,-0.54561268192927
G,GGG,-1.056417770874497
G,GGC,-1.89777049494584
H,CAC,-1.10108005461295
I,ATC,-1.02113996539911
K,AAG,-1.06530429642995
L,CTC,-0.935764086848497
L,TTG,-1.74847000380357
N,AAC,-1.23016355245908
P,CCG,-1.722665866993365
P,CCC,-1.31419776206017
Q,CAG,-1.33329694070816
R,AGG,-0.956042597371775
R,CGG,-1.240726726721977
R,CGC,-1.50780520772139
S,TCG,-1.8550307995781252
S,TCC,-1.35592864716053
T,ACG,-1.6578148330037779
T,ACC,-1.52369858945211
V,GTG,-1.8452176541923422
V,GTC,-1.00843239312172
Y,TAC,-1.05285616523822
Z,AGC,-1.11412513984044
