AA,Codon,Mean
A,GCG,1.73773523455163
A,GCC,1.01391981131236
C,TGC,0.294967269552747
D,GAC,0.851553622929255
E,GAG,0.669171565715472
F,TTC,0.267005011130373
G,GGG,1.3196166233927
G,GGC,1.13511844830513
H,CAC,0.717552352849642
I,ATC,0.698237813274066
K,AAG,0.503917581482728
L,CTC,0.6867066968540319
L,TTG,-0.025608075580481
N,AAC,0.7768744267265
P,CCG,1.80218883394177
P,CCC,0.981972135190169
Q,CAG,1.04243103698889
R,AGG,1.308707583767178
R,CGG,0.7620887999244039
R,CGC,0.849770622781913
S,TCG,1.2626208291341892
S,TCC,0.953991613821189
T,ACG,1.410105304505426
T,ACC,0.925589794667562
V,GTG,-0.08420655824342993
V,GTC,0.817642507390181
Y,TAC,0.291145938071609
Z,AGC,0.46528841595451
