AA,Codon,Mean
A,GCG,0.8078838406801201
A,GCC,0.88414127959013
C,TGC,1.37581069544951
D,GAC,0.780396033175786
E,GAG,1.41489997170766
F,TTC,-0.237163550290465
G,GGG,0.71184609328905
G,GGC,2.22185810599327
H,CAC,0.30685481321911
I,ATC,0.430470752129952
K,AAG,0.486554734865824
L,CTC,1.0605242290536538
L,TTG,0.8630213823994
N,AAC,0.216410300682982
P,CCG,2.3528970155417888
P,CCC,1.35548890838623
Q,CAG,1.82036986702283
R,AGG,1.563387734322746
R,CGG,0.6847984297514
R,CGC,2.37142127903302
S,TCG,0.870030589898426
S,TCC,0.722372751196225
T,ACG,0.6542032411893199
T,ACC,0.621138885569572
V,GTG,0.3599896641175
V,GTC,0.618980839792887
Y,TAC,0.188728863226374
Z,AGC,0.971147523979346
