AA,Codon,Mean
A,GCG,0.8042891045272349
A,GCC,-0.60972945801417
C,TGC,-0.501663282795747
D,GAC,-0.190872642473876
E,GAG,-0.573931722271442
F,TTC,0.03192820598369
G,GGG,0.06356091643173989
G,GGC,-1.5053500464201
H,CAC,0.425338398732742
I,ATC,-0.202842635105054
K,AAG,-0.228434914112091
L,CTC,-0.601075127748152
L,TTG,-1.12172866783937
N,AAC,0.105733298784991
P,CCG,-1.028678755978744
P,CCC,-0.701626563131809
Q,CAG,-1.09264269020955
R,AGG,-0.065276797072096
R,CGG,-0.056991884120309866
R,CGC,-0.949527064394951
S,TCG,-0.406658934124311
S,TCC,-0.573133032423258
T,ACG,-0.022978334744771067
T,ACC,-0.591297468745708
V,GTG,-0.6768678753296511
V,GTC,-0.0707486424132095
Y,TAC,-0.0744012811516877
Z,AGC,-0.388355930775404
