AA,Codon,Mean
A,GCG,0.523539736655355
A,GCC,-0.75603474641641
C,TGC,-0.449943776681026
D,GAC,-0.49396383399566
E,GAG,-0.570481227135658
F,TTC,-0.26335183937947
G,GGG,-0.10497709878285999
G,GGC,-1.32886162370046
H,CAC,0.041430411817483
I,ATC,-0.342735270335277
K,AAG,-0.421204850494862
L,CTC,-0.6980893439462127
L,TTG,-1.43967168382804
N,AAC,-0.344505985583862
P,CCG,-1.106212319728236
P,CCC,-0.807035166935126
Q,CAG,-1.21339427041213
R,AGG,0.30085059564113603
R,CGG,-0.4947686663548101
R,CGC,-0.760568438305457
S,TCG,-0.9044402137349079
S,TCC,-0.732958872433503
T,ACG,-0.372710762224594
T,ACC,-0.870422876155376
V,GTG,-1.163436430471143
V,GTC,-0.198692461242278
Y,TAC,-0.533968081257741
Z,AGC,-0.436652791363001
