AA,Codon,Mean
A,GCG,-0.2183202778816199
A,GCC,0.0705477186515927
C,TGC,-0.0553665539762005
D,GAC,-0.0584673946708441
E,GAG,-0.45505252152284
F,TTC,-0.377248880318801
G,GGG,1.3285551923155783
G,GGC,0.354244730724891
H,CAC,-0.315116210522254
I,ATC,-0.0791729322820902
K,AAG,-0.945187509349982
L,CTG,-0.8899364855394388
L,CTC,-0.029266343137620998
L,TTG,-0.597143801474571
N,AAC,-0.562581402393182
P,CCG,-0.17501103556155995
P,CCC,-0.101362633960446
Q,CAG,-0.414096791291237
R,AGG,1.5910058511850107
R,CGG,-0.029742020471890118
R,CGC,0.349180162912607
S,TCG,-0.344311576147874
S,TCC,-0.0248003808741768
T,ACG,-0.175138652086259
T,ACC,-0.0344418931618333
V,GTG,-0.62875296804508
V,GTC,-0.0549928972698748
Y,TAC,-0.670017375544707
Z,AGC,-0.0440333701192479
