AA,Codon,Mean
A,GCG,0.3345730937521844
A,GCC,-0.0111852943578524
C,TGC,-0.173450377774735
D,GAC,0.102065593961875
E,GAG,0.109474252448479
F,TTC,0.858204128464063
G,GGG,-0.10640622717204218
G,GGC,-0.368602261306842
H,CAC,0.193458721144001
I,ATC,0.558326064348221
K,AAG,0.189259327100714
L,CTG,-0.2520631043354041
L,CTC,0.3944170546054066
L,TTG,-0.243910171512763
N,AAC,0.128308687827984
P,CCG,0.39978868474910606
P,CCC,0.116328688437243
Q,CAG,-0.051106230105646
R,AGG,0.25604832818754897
R,CGG,-0.20631778068741097
R,CGC,-0.659143923501174
S,TCG,0.37739098808802674
S,TCC,0.466647826085488
T,ACG,0.40449914541443227
T,ACC,0.102742312806845
V,GTG,-0.43508649264077304
V,GTC,0.351293622448047
Y,TAC,-0.00942134651663422
Z,AGC,-0.237043579270442
