AA,Codon,Mean
A,GCG,-0.01434799891909
A,GCC,0.17907168234149
C,TGC,-0.554870293607314
D,GAC,-1.0422198155721
E,GAG,-0.8865425948898
F,TTC,-0.188853769997197
G,GGG,0.5750656303942201
G,GGC,-0.179502982218083
H,CAC,-1.14348260495265
I,ATC,-0.64222619929115
K,AAG,-0.566334323571126
L,CTG,-0.8615075306791268
L,CTC,-0.5050961901446189
L,TTG,-1.66507532550494
N,AAC,-1.22087311264276
P,CCG,1.077676872072617
P,CCC,0.482077778954307
Q,CAG,-1.31440720958312
R,AGG,0.940437729553378
R,CGG,0.263764869614194
R,CGC,0.163940506343259
S,TCG,0.0010721951742970193
S,TCC,-0.193362497725431
T,ACG,0.563297719310224
T,ACC,-0.382720228143533
V,GTG,-1.6428130706787112
V,GTC,-0.296628608548641
Y,TAC,-1.4995430773894
Z,AGC,-0.984862479118506
