AA,Codon,Mean
A,GCG,2.158116463788346
A,GCC,1.21090533673763
C,TGC,2.22964830115636
D,GAC,2.83093652326266
E,GAG,2.20529697244167
F,TTC,0.999475588039557
G,GGG,0.3470993768454328
G,GGC,2.09651407105923
H,CAC,2.86687978545825
I,ATC,1.77188710405827
K,AAG,2.08063887404601
L,CTG,1.406436086177829
L,CTC,1.8795498127599608
L,TTG,2.14088072059949
N,AAC,2.35832459934553
P,CCG,1.501735113033654
P,CCC,1.30146409796079
Q,CAG,2.74348451741536
R,AGG,1.174758794203401
R,CGG,0.8001041975418731
R,CGC,1.66943349219163
S,TCG,2.26580873477856
S,TCC,1.29801189080874
T,ACG,1.5710055958176632
T,ACC,1.61198844789664
V,GTG,1.1360210392475092
V,GTC,2.09054888807138
Y,TAC,2.80792864165306
Z,AGC,2.34768486878077
