AA,Codon,Mean
A,GCG,0.27342005347411
A,GCC,0.418469352776806
C,TGC,0.197138085182764
D,GAC,-0.97156377449433
E,GAG,-0.257884741458281
F,TTC,-0.470382888092597
G,GGG,0.6942307719786998
G,GGC,0.672607469069958
H,CAC,-1.04256811209122
I,ATC,-0.742073507563273
K,AAG,-0.185183050513626
L,CTG,-0.45119892819722807
L,CTC,-0.316216253741579
L,TTG,-1.39227691112359
N,AAC,-1.56965089083513
P,CCG,1.970083476666605
P,CCC,1.47491009848913
Q,CAG,-0.485000450826685
R,AGG,2.1392594553033497
R,CGG,0.49455748113790987
R,CGC,1.21843480751117
S,TCG,0.46337432450055993
S,TCC,0.027895228729116
T,ACG,1.075732139126456
T,ACC,-0.30961080134958
V,GTG,-1.9172547605764787
V,GTC,-0.367828301351766
Y,TAC,-1.74717340031465
Z,AGC,-0.506436606886983
