AA,Codon,Mean
A,GCG,1.476961256688833
A,GCC,0.626758279776573
C,TGC,1.52633159556389
D,GAC,1.40391048897107
E,GAG,0.946902606153488
F,TTC,0.757582722083728
G,GGG,0.615716081766288
G,GGC,1.26839887808959
H,CAC,1.55339709353447
I,ATC,1.09526882084211
K,AAG,0.730919399611155
L,CTC,1.192303774422404
L,TTG,0.459674602433046
N,AAC,1.2744473512729
P,CCG,0.8651074855766857
P,CCC,0.54019284915328
Q,CAG,1.06533564044237
R,AGG,0.8962520428717169
R,CGG,1.104567076206332
R,CGC,1.01390689429839
S,TCG,1.008711647768815
S,TCC,0.462592595301072
T,ACG,0.9604777396415511
T,ACC,0.695297454929352
V,GTG,0.24356022258301596
V,GTC,1.36974836647511
Y,TAC,1.53319742306074
Z,AGC,1.46022733786106
