AA,Codon,Mean
A,GCG,0.275597753798962
A,GCC,0.133298052810133
C,TGC,0.572930266189575
D,GAC,0.0361488844557976
E,GAG,0.615750776517391
F,TTC,-0.185946795193354
G,GGG,0.10970199203292502
G,GGC,0.673436400036017
H,CAC,-0.111852911872168
I,ATC,0.0462501579601318
K,AAG,-0.20768901831011
L,CTC,0.37789067107588
L,TTG,0.0644932336735229
N,AAC,-0.168427166334788
P,CCG,0.9944417358487849
P,CCC,0.46791709438165
Q,CAG,0.714989783044656
R,AGG,0.7276186954451107
R,CGG,-0.060369547931349965
R,CGC,0.99712071214517
S,TCG,0.280543711819251
S,TCC,0.110123445167144
T,ACG,0.300183125793934
T,ACC,0.0547038939384123
V,GTG,0.13819334027171104
V,GTC,0.0602504290121297
Y,TAC,-0.169764842833082
Z,AGC,0.236310010500749
