AA,Codon,Mean
A,GCG,1.427670786182086
A,GCC,0.450287430892388
C,TGC,0.198779677372177
D,GAC,0.433568610439698
E,GAG,0.459417735878626
F,TTC,0.016445977906713
G,GGG,0.9605504516084991
G,GGC,0.244411463128527
H,CAC,0.628891807683309
I,ATC,0.283798157641292
K,AAG,0.0933907431942721
L,CTC,0.33496125464042004
L,TTG,-0.507359619635344
N,AAC,0.488828038277229
P,CCG,0.714320470747849
P,CCC,0.416979931124051
Q,CAG,0.119274329310656
R,AGG,0.5854372991124831
R,CGG,0.507249382446419
R,CGC,0.506068940256039
S,TCG,0.480301974497239
S,TCC,0.420726955753565
T,ACG,0.669272106971343
T,ACC,0.481940708200137
V,GTG,0.0667516752807419
V,GTC,0.434941450623671
Y,TAC,0.186158132015665
Z,AGC,0.267732042156657
