AA,Codon,Mean
A,GCG,0.24620652622382289
A,GCC,-0.0622042005335291
C,TGC,0.588207243728638
D,GAC,-0.390637973586718
E,GAG,-0.155626757266124
F,TTC,-0.638995610264937
G,GGG,0.8815339404423981
G,GGC,0.637815812679132
H,CAC,-0.662951949958007
I,ATC,-0.239061498801907
K,AAG,-0.75786739679575
L,CTC,-0.01772729887565
L,TTG,-0.290301635185877
N,AAC,-0.881960226182143
P,CCG,1.101121183969577
P,CCC,0.638755647611618
Q,CAG,0.228392603856325
R,AGG,1.2626467488259072
R,CGG,-0.23804795015653024
R,CGC,0.872195546134313
S,TCG,-0.341572097587586
S,TCC,-0.12621712149779
T,ACG,0.166594585148493
T,ACC,-0.277105277176698
V,GTG,-0.235065361158053
V,GTC,-0.198421319946647
Y,TAC,-0.790473233429591
Z,AGC,-0.0176929438886788
