AA,Codon,Mean
A,GCG,1.920127129096782
A,GCC,0.828167049944401
C,TGC,1.76370905531247
D,GAC,1.79523808287779
E,GAG,0.886375816766421
F,TTC,1.03381933251222
G,GGG,0.367424564952652
G,GGC,1.83401848875682
H,CAC,1.93073615686099
I,ATC,1.2442829019467
K,AAG,0.755576371184985
L,CTG,0.3063005807677859
L,CTC,1.083392697155476
L,TTG,0.791383157388369
N,AAC,1.62547175644239
P,CCG,1.74419156429966
P,CCC,0.357737664783001
Q,CAG,1.28188280213674
R,AGG,1.02011602970362
R,CGG,0.849840531241459
R,CGC,2.01803781703313
S,TCG,1.567822327035669
S,TCC,0.873675304917494
T,ACG,1.512252436355754
T,ACC,0.979673330982526
V,GTG,0.1389636380346588
V,GTC,0.935355172932148
Y,TAC,1.73338294006189
Z,AGC,1.74260432740847
