AA,Codon,Mean
A,GCG,0.24368022487958307
A,GCC,0.110175961284339
C,TGC,0.680067188839118
D,GAC,-0.0716519808118542
E,GAG,0.734880909446875
F,TTC,-0.403764149906238
G,GGG,-0.5145188042203599
G,GGC,0.605731658784548
H,CAC,-0.206659955824415
I,ATC,-0.0520429854682336
K,AAG,-0.236242032694817
L,CTG,0.786610984742641
L,CTC,1.1324291630693353
L,TTG,0.338152721863985
N,AAC,-0.318883767596881
P,CCG,1.038546822571754
P,CCC,0.518260602587461
Q,CAG,0.987643870468934
R,AGG,1.2404699709183078
R,CGG,0.004466337362929895
R,CGC,0.874090296463172
S,TCG,0.42408980575800004
S,TCC,0.0738952586295704
T,ACG,0.5910037993629751
T,ACC,0.0201745835371383
V,GTG,-0.24381121984720194
V,GTC,-0.044043296514079
Y,TAC,-0.329130876447757
Z,AGC,0.294265805145105
