AA,Codon,Mean
A,GCG,1.097799329000711
A,GCC,0.645911956608295
C,TGC,0.836559637614091
D,GAC,0.97335972426335
E,GAG,0.400847382062674
F,TTC,0.6053252420187
G,GGG,0.518668848336737
G,GGC,1.10994448476632
H,CAC,0.949262352804343
I,ATC,0.770364548289776
K,AAG,0.530771768426895
L,CTG,0.018717754367987005
L,CTC,0.573004441809654
L,TTG,0.345764377858241
N,AAC,0.842513062143326
P,CCG,0.914069352354606
P,CCC,0.832031714344025
Q,CAG,0.334956983071566
R,AGG,0.48961025260289004
R,CGG,0.293153628068906
R,CGC,0.972238377590974
S,TCG,0.901848365386327
S,TCC,0.776014783612887
T,ACG,1.041991303958496
T,ACC,0.686237965321541
V,GTG,0.20499282182299797
V,GTC,0.894935519897938
Y,TAC,0.690613168938955
Z,AGC,0.795235686488946
