AA,Codon,Mean
A,GCG,0.06520677938461306
A,GCC,0.0196007278499232
C,TGC,0.288897742496928
D,GAC,-0.33193052384456
E,GAG,0.0629126489840448
F,TTC,-0.620672121528784
G,GGG,-0.18073940386772014
G,GGC,0.482846748944124
H,CAC,-0.64337194625934
I,ATC,-0.312079145594438
K,AAG,-0.853971268832684
L,CTG,0.20889961751401503
L,CTC,0.5284513251860901
L,TTG,-0.849067663943768
N,AAC,-0.805059089422226
P,CCG,1.071228230983019
P,CCC,0.675465551237265
Q,CAG,0.362458054105441
R,AGG,0.8508928896185008
R,CGG,-0.7055191609382598
R,CGC,0.643173918286959
S,TCG,-0.06123306115865801
S,TCC,-0.118895767937601
T,ACG,0.14098882886966102
T,ACC,-0.154825729757547
V,GTG,-0.44372016594409996
V,GTC,-0.197569731014967
Y,TAC,-0.78118903884093
Z,AGC,-0.0804414945611109
