AA,Codon,Mean
A,GCG,-1.37523700050513
A,GCC,-1.73817410000165
C,TGC,-0.770881440301736
D,GAC,-2.24611559769313
E,GAG,-1.44839009886583
F,TTC,-0.482191960807641
G,GGG,-1.0232341090520198
G,GGC,-2.86743025973638
H,CAC,-1.18214146063328
I,ATC,-1.41632925162315
K,AAG,-0.513743786394596
L,CTG,-2.89414301374754
L,CTC,-1.5003110140005749
L,TTG,-2.18720631044706
N,AAC,-2.15258471926053
P,CCG,-2.198665196953214
P,CCC,-1.6067288731257101
Q,CAG,-2.24846648937861
R,AGG,0.6966857789043329
R,CGG,-1.721619210737451
R,CGC,-1.96048944106102
S,TCG,-2.976813745323815
S,TCC,-0.982212789289157
T,ACG,-1.25393546442191
T,ACC,-1.79839093534152
V,GTG,-3.42685158032576
V,GTC,-0.26260184336404
Y,TAC,-1.59718251565297
Z,AGC,-1.61362400008043
