AA,Codon,Mean
A,GCG,1.7919564219872202
A,GCC,1.45533143607775
C,TGC,0.87479326630036
D,GAC,1.54885882194042
E,GAG,0.951117133275668
F,TTC,0.100344439221546
G,GGG,2.0110937614003856
G,GGC,2.71316679115295
H,CAC,0.750751756310463
I,ATC,1.02504811578989
K,AAG,0.127596080643187
L,CTG,1.372395483533537
L,CTC,1.434418055732053
L,TTG,0.582955719210704
N,AAC,1.16773848796686
P,CCG,2.445748547072801
P,CCC,2.15345608658791
Q,CAG,1.71514991591771
R,AGG,1.0214532542522399
R,CGG,1.078633927683039
R,CGC,1.90819716401895
S,TCG,1.9128089983484542
S,TCC,0.920047009130319
T,ACG,1.37562805219492
T,ACC,1.20198943354289
V,GTG,0.812075583287079
V,GTC,0.561340617948771
Y,TAC,0.698520152481397
Z,AGC,1.14326396837234
