AA,Codon,Mean
A,GCG,1.496768615281582
A,GCC,1.06275321172873
C,TGC,1.29003240192731
D,GAC,1.56833945170244
E,GAG,0.783490443249544
F,TTC,0.600136260259151
G,GGG,0.693324182996149
G,GGC,1.63251942819754
H,CAC,1.68902130422592
I,ATC,0.932628760170937
K,AAG,0.721341876411438
L,CTG,0.378505996215343
L,CTC,1.066939394990603
L,TTG,0.706325798046589
N,AAC,1.42778713670572
P,CCG,1.319565540313721
P,CCC,1.06555198750893
Q,CAG,0.926567864219348
R,AGG,1.015514761159819
R,CGG,0.9150050760699775
R,CGC,1.74998994387786
S,TCG,1.078429199427367
S,TCC,0.801884403856595
T,ACG,1.342495419816176
T,ACC,1.04904861776034
V,GTG,0.7010120947138715
V,GTC,1.00735844360987
Y,TAC,1.40998869268099
Z,AGC,1.35297452153365
