AA,Codon,Mean
A,GCG,0.2989901161392501
A,GCC,0.083767346786956
C,TGC,0.505618225512902
D,GAC,-0.0630551876458029
E,GAG,0.609245865484079
F,TTC,-0.479993103402853
G,GGG,-0.26133653262456
G,GGC,0.553861061153809
H,CAC,-0.288680007900794
I,ATC,-0.149101558336616
K,AAG,-0.346424724928538
L,CTG,0.708464875791471
L,CTC,0.8378155833274129
L,TTG,0.249172005115946
N,AAC,-0.427441119541725
P,CCG,0.916917764407396
P,CCC,0.786568573455016
Q,CAG,0.806712863524755
R,AGG,0.9901585386049044
R,CGG,0.4622065639893198
R,CGC,0.769325713304679
S,TCG,0.5387460755467429
S,TCC,0.00148651863170598
T,ACG,0.551627854510147
T,ACC,-0.018518596713652
V,GTG,0.21848197588126095
V,GTC,-0.0705237931537131
Y,TAC,-0.477172563262781
Z,AGC,0.191647384308775
