AA,Codon,Mean
A,GCG,1.4986180430889111
A,GCC,0.891259461092949
C,TGC,0.715726837706566
D,GAC,1.32580261247158
E,GAG,0.442722269634406
F,TTC,0.394375179078182
G,GGG,0.593978909927607
G,GGC,1.15453740994136
H,CAC,1.47459919937452
I,ATC,0.586767436496417
K,AAG,0.559659076627096
L,CTG,-0.27720154518683704
L,CTC,0.521409542737405
L,TTG,-0.10830932392478
N,AAC,0.838599116059144
P,CCG,1.503178267970181
P,CCC,0.740396268423398
Q,CAG,0.418866914385557
R,AGG,0.860506951137379
R,CGG,0.640042133005227
R,CGC,0.948656631632646
S,TCG,1.235803195989132
S,TCC,0.861451826147238
T,ACG,0.857154662998517
T,ACC,1.02800238430897
V,GTG,-0.571794136869907
V,GTC,1.08842030349572
Y,TAC,0.927698193438848
Z,AGC,0.999189909994602
