AA,Codon,Mean
A,GCG,0.680411355662347
A,GCC,0.0866598273575306
C,TGC,0.961536948494116
D,GAC,-0.0827523769780993
E,GAG,0.654967266019185
F,TTC,-0.355634764891863
G,GGG,0.5906522060394299
G,GGC,0.854666344416142
H,CAC,-0.288053818136454
I,ATC,-0.0650969295640786
K,AAG,0.183812616854906
L,CTG,0.7865523223241169
L,CTC,0.484571215510368
L,TTG,0.0749398098332187
N,AAC,-0.371081663479408
P,CCG,1.259449461466074
P,CCC,1.65606102319558
Q,CAG,0.83670325760444
R,AGG,1.5181570687705817
R,CGG,0.07506862958272986
R,CGC,1.15053269669215
S,TCG,0.83706177985271
S,TCC,0.0730666771528622
T,ACG,0.773366310020292
T,ACC,-0.0676983898532887
V,GTG,-0.2777480802019401
V,GTC,-0.0680293400518596
Y,TAC,-0.414882539637884
Z,AGC,0.290686730620265
