AA,Codon,Mean
A,GCG,-0.55314717061917
A,GCC,-0.454793566699823
C,TGC,-0.959012822604179
D,GAC,-0.824347440640132
E,GAG,-0.50406170211037
F,TTC,-0.438535051908096
G,GGG,-0.20710361112921713
G,GGC,-0.976301271005472
H,CAC,-0.779497382092476
I,ATC,-0.49513481789429997
K,AAG,-0.508733397277196
L,CTG,-1.16306703500251
L,CTC,-0.42475094023638693
L,TTG,-0.971876445957025
N,AAC,-0.83695213984251
P,CCG,-0.623961131906509
P,CCC,-0.440692893085877
Q,CAG,-0.760782526731491
R,AGG,-0.05880415259997099
R,CGG,-0.6695280472345643
R,CGC,-1.16328187907537
S,TCG,-0.722149576468021
S,TCC,-0.31501079330643
T,ACG,-0.37417162525256503
T,ACC,-0.444357435137033
V,GTG,-1.100905461047093
V,GTC,-0.295541441465418
Y,TAC,-1.02199084799687
Z,AGC,-0.959412194216251
