AA,Codon,Mean
A,GCG,-0.011849791409571986
A,GCC,0.0382409200181564
C,TGC,0.1621754759565
D,GAC,-0.150688822802901
E,GAG,-0.0968375499993563
F,TTC,-0.22907486332953
G,GGG,0.18217787386178996
G,GGC,0.267215165791909
H,CAC,-0.233475120943785
I,ATC,-0.058833860300978
K,AAG,-0.295365890198946
L,CTG,0.029166274713475993
L,CTC,-0.043176545176903
L,TTG,-0.429806871849298
N,AAC,-0.336641306408246
P,CCG,0.8664072822088996
P,CCC,0.226563011608521
Q,CAG,0.00903855747770568
R,AGG,0.527836501095693
R,CGG,-0.5797080545345971
R,CGC,0.376271864557266
S,TCG,-0.06882625894347799
S,TCC,0.022780125729957
T,ACG,0.10669034311771397
T,ACC,-0.0223320326774536
V,GTG,-0.23404893572231097
V,GTC,-0.0261772323273122
Y,TAC,-0.293046530972918
Z,AGC,-0.0422615883805556
