AA,Codon,Mean
A,GCG,0.396805854636431
A,GCC,0.348448904925585
C,TGC,-0.323982340951761
D,GAC,0.11296996948868
E,GAG,0.230972428264221
F,TTC,0.250095218118032
G,GGG,0.2631553790514671
G,GGC,-0.259957751701275
H,CAC,0.157669703185558
I,ATC,0.328461701977253
K,AAG,0.190784332024058
L,CTG,-0.2942850168625512
L,CTC,0.37694235983242597
L,TTG,-0.322429352096717
N,AAC,-0.0046685955559918
P,CCG,0.274347631781797
P,CCC,0.359062441315254
Q,CAG,0.113456044909358
R,AGG,0.14307536280949895
R,CGG,0.197005432721227
R,CGC,-0.411218967201312
S,TCG,0.3166620408222322
S,TCC,0.434585934855541
T,ACG,0.497695834894975
T,ACC,0.323461796486378
V,GTG,-0.282100023957093
V,GTC,0.491267947886388
Y,TAC,-0.131919726538658
Z,AGC,-0.324013354086876
