AA,Codon,Mean
A,GCG,0.27652529101967804
A,GCC,0.069208274406443
C,TGC,0.108883892586827
D,GAC,-0.191207754467924
E,GAG,-0.103756840653221
F,TTC,-0.304490453561147
G,GGG,0.835666507734852
G,GGC,0.458562302684784
H,CAC,-0.512032575025161
I,ATC,-0.0958064693371455
K,AAG,-0.523957225732009
L,CTG,-0.41670178025762206
L,CTC,-0.025906894272821904
L,TTG,-0.599470201237996
N,AAC,-0.455621944642067
P,CCG,0.811156489063303
P,CCC,0.723992130279541
Q,CAG,0.273038162777821
R,AGG,0.925780775902669
R,CGG,-0.879949678075314
R,CGC,0.460177441549301
S,TCG,-0.247677197615306
S,TCC,-0.00203827076199381
T,ACG,0.12458150575955795
T,ACC,-0.0511536829397082
V,GTG,-0.963176735188564
V,GTC,-0.0641578313330809
Y,TAC,-0.484565706145763
Z,AGC,-0.0946735951212545
