AA,Codon,Mean
A,GCG,0.730342359335224
A,GCC,0.516780208428701
C,TGC,0.617228586367766
D,GAC,0.499124206183354
E,GAG,0.204661536626021
F,TTC,0.272962299742301
G,GGG,0.758363500876228
G,GGC,0.548175220763683
H,CAC,0.533297261194388
I,ATC,0.42345895259579
K,AAG,0.641291192758083
L,CTG,-0.4653216045061731
L,CTC,0.293436390038331
L,TTG,-0.760206184983253
N,AAC,0.271522152230144
P,CCG,0.423475717761616
P,CCC,0.610998009260496
Q,CAG,0.212725386045376
R,AGG,0.74155122311612
R,CGG,0.35510612166772304
R,CGC,0.460388553611437
S,TCG,0.2777014649596061
S,TCC,0.630665376520157
T,ACG,0.479471862614155
T,ACC,0.452851830476522
V,GTG,-1.1892465229397011
V,GTC,0.890460686838627
Y,TAC,0.191466593405604
Z,AGC,0.332606167755524
