AA,Codon,Mean
A,GCG,0.35362938417990986
A,GCC,0.0830724703587592
C,TGC,1.0227695879976
D,GAC,-0.00617736714916985
E,GAG,0.982167745383581
F,TTC,-0.234406067099174
G,GGG,-0.2561628168344501
G,GGC,0.93038922273318
H,CAC,-0.258029737977187
I,ATC,-0.018641609664182
K,AAG,0.111866465409597
L,CTG,0.8101935100925464
L,CTC,0.913078049361701
L,TTG,0.211709438562393
N,AAC,-0.458606697197755
P,CCG,1.149453089068333
P,CCC,1.4029554927667
Q,CAG,1.08484411718448
R,AGG,1.4636724969655268
R,CGG,0.7629244305292802
R,CGC,1.30890133772691
S,TCG,0.8910177342424781
S,TCC,0.114365658557415
T,ACG,0.55780431511005
T,ACC,-0.0222720068949672
V,GTG,-0.31229070867698017
V,GTC,0.0136871648871508
Y,TAC,-0.459350760022799
Z,AGC,0.353063647011916
