AA,Codon,Mean
A,GCG,0.9627465605846507
A,GCC,0.321211880962054
C,TGC,0.132844376006129
D,GAC,0.655703860986233
E,GAG,-0.212080247618755
F,TTC,-0.0657412730410074
G,GGG,-0.08038046916822603
G,GGC,0.471679954147339
H,CAC,0.862605854721864
I,ATC,-0.118582098605732
K,AAG,-0.235650929061572
L,CTG,-0.615620997122923
L,CTC,0.05249968448082598
L,TTG,-0.669655100154877
N,AAC,0.321915890910228
P,CCG,1.069065471756459
P,CCC,0.246053048981229
Q,CAG,-0.118905909840638
R,AGG,0.469574832805
R,CGG,0.1751064092443453
R,CGC,0.303930295430124
S,TCG,0.768468364804983
S,TCC,-0.057736337357449
T,ACG,0.7549807347455115
T,ACC,0.349491147190332
V,GTG,-0.9792107551932341
V,GTC,0.282736581530174
Y,TAC,0.42595187223951
Z,AGC,0.34875187767148
