AA,Codon,Mean
A,GCG,-0.6379895210742971
A,GCC,-0.710458790973822
C,TGC,-0.649103605556488
D,GAC,-1.03634575876395
E,GAG,-0.691152263760567
F,TTC,-0.228573297109207
G,GGG,-0.469516149497033
G,GGC,-1.06248490042686
H,CAC,-1.07077597636779
I,ATC,-0.724885719025135
K,AAG,-0.458407808472713
L,CTC,-0.7519039787463844
L,TTG,-1.04567775845925
N,AAC,-0.982228261041641
P,CCG,-0.904093630599974
P,CCC,-0.816457043290138
Q,CAG,-0.848178211077054
R,AGG,-0.06002887297074
R,CGG,-0.877958207935095
R,CGC,-0.810545176211993
S,TCG,-1.050530685144787
S,TCC,-0.571083023512363
T,ACG,-0.6196779484808401
T,ACC,-0.833182173816363
V,GTG,-0.823083273951217
V,GTC,-0.467477804617087
Y,TAC,-0.939408565076192
Z,AGC,-0.809215211033821
