AA,Codon,Mean
A,GCG,1.6635209478075281
A,GCC,0.775771464196841
C,TGC,0.580869030872981
D,GAC,0.759760614991188
E,GAG,0.615549431280295
F,TTC,0.110846724098921
G,GGG,1.122401830659309
G,GGC,1.20938462979794
H,CAC,0.560887932970127
I,ATC,0.622113788159688
K,AAG,-0.0184664273965877
L,CTC,0.596933777153492
L,TTG,-0.219296294504404
N,AAC,0.423815842888753
P,CCG,1.602452651502689
P,CCC,0.915065320662657
Q,CAG,0.753518140276273
R,AGG,1.109479072201255
R,CGG,0.5613899424120781
R,CGC,0.852455119625727
S,TCG,0.9126886674451332
S,TCC,0.695097334786256
T,ACG,1.13427753219406
T,ACC,0.770424063785871
V,GTG,-0.04491845718224807
V,GTC,0.837062769854069
Y,TAC,0.135903638484081
Z,AGC,0.54774146874547
