AA,Codon,Mean
A,GCG,0.36822745536565604
A,GCC,0.108904628288249
C,TGC,0.903200281274319
D,GAC,0.120556949007014
E,GAG,0.864019356703758
F,TTC,-0.345961836616198
G,GGG,-2.5801481405984816e-4
G,GGC,0.823291249998411
H,CAC,-0.152421024986108
I,ATC,-0.0470314989333351
K,AAG,0.310416078964869
L,CTG,1.009730144227494
L,CTC,0.682637364647786
L,TTG,0.575346850311756
N,AAC,-0.449699706709385
P,CCG,0.899950091101726
P,CCC,1.19383946809769
Q,CAG,1.01119007336299
R,AGG,1.280397474107644
R,CGG,0.49725722148418994
R,CGC,1.06669044730663
S,TCG,0.661991406039397
S,TCC,0.0995747381493449
T,ACG,0.745741986890635
T,ACC,-0.0742220846941074
V,GTG,0.1778188792626001
V,GTC,0.0220227852732672
Y,TAC,-0.376892121316989
Z,AGC,0.328892910962303
