AA,Codon,Mean
A,GCG,1.865101275906958
A,GCC,1.31407752784888
C,TGC,1.19385188974539
D,GAC,1.67233846276601
E,GAG,0.819804542307059
F,TTC,0.636283367908001
G,GGG,0.86531400582095
G,GGC,1.41486084295114
H,CAC,1.85086469705105
I,ATC,0.69397735256354
K,AAG,0.85347088599205
L,CTG,0.23986157938241903
L,CTC,0.581021983007589
L,TTG,0.408073145625989
N,AAC,1.54677762385209
P,CCG,1.917621423838535
P,CCC,0.990900957047939
Q,CAG,0.873273163425922
R,AGG,1.1220567576686518
R,CGG,0.9619044302140669
R,CGC,1.3465559415261
S,TCG,1.86780673725605
S,TCC,1.03973701003393
T,ACG,1.222726988726854
T,ACC,1.32368839836121
V,GTG,-0.22630163578987095
V,GTC,1.18268219607671
Y,TAC,1.52484005476634
Z,AGC,1.35088272608916
