AA,Codon,Mean
A,GCG,0.25738436028559997
A,GCC,-0.0453446484586845
C,TGC,0.200598114732901
D,GAC,-0.312342257998387
E,GAG,-0.459831666706006
F,TTC,-0.288951540067792
G,GGG,0.670638060029347
G,GGC,0.339461141093572
H,CAC,-0.583039347775777
I,ATC,-0.0846506658598781
K,AAG,-0.601840162217617
L,CTG,-0.521283978684745
L,CTC,-0.126628861159086
L,TTG,-0.782216685934861
N,AAC,-0.517482391389211
P,CCG,0.794127632679542
P,CCC,0.95167612388134
Q,CAG,-0.565883749779065
R,AGG,1.3074711267029568
R,CGG,-0.031601381532349926
R,CGC,0.542450554730495
S,TCG,-0.11596411395072892
S,TCC,-0.0998603713288903
T,ACG,0.259856902825833
T,ACC,-0.169856601035595
V,GTG,-0.45898483566244497
V,GTC,-0.089329030225426
Y,TAC,-0.550961171881358
Z,AGC,-0.089317163847511
