AA,Codon,Mean
A,GCG,1.02658663756287
A,GCC,0.520321172833443
C,TGC,0.461421938667695
D,GAC,0.473751938619216
E,GAG,-0.0257139798366554
F,TTC,0.0271547130585079
G,GGG,0.4844631906146321
G,GGC,0.562539914651712
H,CAC,0.254969872188568
I,ATC,0.0823883759421607
K,AAG,-0.263867732776205
L,CTG,-0.358259719577432
L,CTC,-5.443544685840296e-4
L,TTG,-0.588006230564912
N,AAC,-0.00407732233395699
P,CCG,1.001791111834844
P,CCC,0.355491734613975
Q,CAG,0.175561052473386
R,AGG,0.41102655778725905
R,CGG,0.42446130332921894
R,CGC,0.479687366493543
S,TCG,0.763559296671549
S,TCC,0.319379329299927
T,ACG,0.647646065871914
T,ACC,0.468842134644588
V,GTG,-0.682061703192691
V,GTC,0.41188646799922
Y,TAC,-0.0127059831804837
Z,AGC,0.392975274537007
