AA,Codon,Mean
A,GCG,1.698126574198409
A,GCC,1.35170661533674
C,TGC,0.848373838917414
D,GAC,1.49684482919375
E,GAG,0.542288363818328
F,TTC,0.732780889936288
G,GGG,0.9931938489139079
G,GGC,1.21735883874098
H,CAC,1.7603340770642
I,ATC,0.824670765415827
K,AAG,0.665096084284782
L,CTG,-0.0074993780016899825
L,CTC,0.542660520505904
L,TTG,0.23210960106949
N,AAC,1.45083674159845
P,CCG,1.6976687411944111
P,CCC,0.802894697018464
Q,CAG,0.590030620914698
R,AGG,0.85253308420976
R,CGG,1.0247246627027788
R,CGC,1.23844267752171
S,TCG,1.535383904484907
S,TCC,1.04747936388254
T,ACG,1.0253325381994238
T,ACC,1.48950995792548
V,GTG,-0.18214006318748005
V,GTC,1.38834126916726
Y,TAC,1.50677285373211
Z,AGC,1.20481162061691
