AA,Codon,Mean
A,GCG,1.6380012287353432
A,GCC,1.37600862511794
C,TGC,1.19163629695574
D,GAC,1.39693069601854
E,GAG,0.740045435277621
F,TTC,0.498635777364175
G,GGG,0.802275734165559
G,GGC,1.69840910025438
H,CAC,1.65063842368126
I,ATC,0.717963973518213
K,AAG,0.757853271408876
L,CTG,0.342139712615808
L,CTC,0.639553131886328
L,TTG,0.420643884418408
N,AAC,1.11116741098563
P,CCG,2.082667810018853
P,CCC,1.28290196975867
Q,CAG,0.863569251493613
R,AGG,1.4260138471265649
R,CGG,0.862453518357658
R,CGC,1.62353489552339
S,TCG,1.66788694636822
S,TCC,1.12531239370505
T,ACG,1.2051983264108481
T,ACC,1.48798992277781
V,GTG,-0.43840623087485797
V,GTC,1.26862794395288
Y,TAC,1.21463702359994
Z,AGC,1.38350810073217
