AA,Codon,Mean
A,GCG,0.46946413822173994
A,GCC,0.177291715699434
C,TGC,1.08431502685547
D,GAC,0.294168334173163
E,GAG,1.07134323635896
F,TTC,-0.3324126732409
G,GGG,0.04469221969445991
G,GGC,0.958943087800344
H,CAC,-0.0648094410032082
I,ATC,-0.0526441108549635
K,AAG,0.652144997553031
L,CTG,1.0333823735667396
L,CTC,0.7596759005526659
L,TTG,0.659145515525341
N,AAC,-0.306237959488233
P,CCG,1.076567384022474
P,CCC,1.15757821835279
Q,CAG,1.15873087055286
R,AGG,1.342072287339966
R,CGG,0.46330564899444004
R,CGC,0.930141951831182
S,TCG,0.872779101511836
S,TCC,0.182630966388683
T,ACG,0.796286529636381
T,ACC,-0.0803375707057615
V,GTG,0.25085391507943
V,GTC,0.0433496500872687
Y,TAC,-0.251273880845308
Z,AGC,0.451500989999374
