AA,Codon,Mean
A,GCG,0.17525885856350298
A,GCC,0.0791233923397958
C,TGC,0.520635405466954
D,GAC,-0.0806492518901825
E,GAG,0.389581772321463
F,TTC,-0.299473808236917
G,GGG,0.488305235000453
G,GGC,0.661360536019007
H,CAC,-0.3078945609351
I,ATC,-0.0465175388516237
K,AAG,-0.436741757239898
L,CTG,0.04943099076747898
L,CTC,0.1349774254152865
L,TTG,0.102786726300418
N,AAC,-0.359940171390772
P,CCG,0.8852154248331989
P,CCC,1.23125931801796
Q,CAG,0.446860451555252
R,AGG,1.0966448964635531
R,CGG,-0.58052445228498
R,CGC,0.995072568802039
S,TCG,-0.02078278123935101
S,TCC,-0.0264125468869383
T,ACG,0.09581362378199898
T,ACC,-0.0473083478706578
V,GTG,-0.459668911367655
V,GTC,-0.0533035040251911
Y,TAC,-0.30039945473671
Z,AGC,0.0772456277045111
