AA,Codon,Mean
A,GCG,1.021404929689566
A,GCC,0.0295259541474404
C,TGC,0.419213315546513
D,GAC,0.649904181563854
E,GAG,0.681422943520546
F,TTC,0.55620155403614
G,GGG,0.68694195795556
G,GGC,0.411360390843948
H,CAC,0.707874484495322
I,ATC,0.47878663340807
K,AAG,0.879965910641352
L,CTG,-0.46284749758243104
L,CTC,0.5277930703957898
L,TTG,-0.754435433427493
N,AAC,0.547548674468199
P,CCG,0.5874945491641761
P,CCC,0.0353858408474591
Q,CAG,0.433555267614126
R,AGG,1.037268687607845
R,CGG,0.5362305052162357
R,CGC,0.62692732244134
S,TCG,0.49561491607129504
S,TCC,0.0933414411991835
T,ACG,0.807409178960323
T,ACC,-0.0565513259629409
V,GTG,-0.6749385937486153
V,GTC,0.66188030749162
Y,TAC,0.53961547301809
Z,AGC,0.405795631041129
