AA,Codon,Mean
A,GCG,0.00935180621942
A,GCC,-0.155500132821997
C,TGC,-0.180652159325778
D,GAC,-0.223706075128913
E,GAG,-1.02298755395015
F,TTC,-0.458346445218722
G,GGG,1.558052546713751
G,GGC,0.214040352400144
H,CAC,-0.541829573243856
I,ATC,-0.14655452606529
K,AAG,-1.51366759369373
L,CTG,-1.4412419336984579
L,CTC,-0.09038742583592985
L,TTG,-1.09440912633737
N,AAC,-1.17321140895685
P,CCG,-0.3266491271416301
P,CCC,-0.362499489307404
Q,CAG,-1.35412556130886
R,AGG,1.6277675017515851
R,CGG,1.1101438863900497
R,CGC,1.06006634167035
S,TCG,-0.726374538779261
S,TCC,-0.114538925470908
T,ACG,0.10433021320502012
T,ACC,-0.26672782874008
V,GTG,-1.115796602189544
V,GTC,-0.111863837853074
Y,TAC,-1.13153329458237
Z,AGC,-0.570933355512222
