AA,Codon,Mean
A,GCG,-0.12972070348446652
A,GCC,-0.304551518338919
C,TGC,0.0606385267783538
D,GAC,-0.569341827118397
E,GAG,-0.171237972501417
F,TTC,0.0160032064770224
G,GGG,0.5426871261119841
G,GGC,-0.833138677167892
H,CAC,-0.13664997677207
I,ATC,-0.0952595640401045
K,AAG,-0.162005410887301
L,CTG,-1.4871456897974018
L,CTC,-0.69235715661496
L,TTG,-1.68603196492195
N,AAC,-0.756215356945992
P,CCG,-0.25734394149217155
P,CCC,-0.158337460360924
Q,CAG,-0.471328143016497
R,AGG,0.5126504434426631
R,CGG,-0.04599399997989295
R,CGC,-0.581638361827532
S,TCG,-0.7552721575232839
S,TCC,2.4281956252761e-4
T,ACG,-0.415232693433761
T,ACC,-0.480094085284074
V,GTG,-1.910898088518774
V,GTC,-0.365139639250437
Y,TAC,-0.817147920620441
Z,AGC,-0.16508355508695
