AA,Codon,Mean
A,GCG,0.7614296652496314
A,GCC,0.393998290165265
C,TGC,1.08962579605182
D,GAC,0.852317826036612
E,GAG,0.66071536804835
F,TTC,0.395296592104435
G,GGG,0.149567243648568
G,GGC,1.11062642108997
H,CAC,0.854460778359572
I,ATC,0.446246989651521
K,AAG,0.5103305844148
L,CTG,0.540305163866282
L,CTC,0.8222015122507197
L,TTG,0.624732333648205
N,AAC,0.611310332024097
P,CCG,0.7892681184949975
P,CCC,0.822398557194074
Q,CAG,0.89625806641976
R,AGG,0.639225213996818
R,CGG,0.5019814135233531
R,CGC,1.04591042765379
S,TCG,0.7431503606667119
S,TCC,0.439624908725421
T,ACG,0.4319961298212408
T,ACC,0.450397036669652
V,GTG,0.262454475981991
V,GTC,0.605002729249001
Y,TAC,0.71908230454127
Z,AGC,0.892696105051041
