AA,Codon,Mean
A,GCG,0.8532224322477999
A,GCC,0.535273588526249
C,TGC,0.19418284973527
D,GAC,0.12996312766845
E,GAG,-0.15707243868808
F,TTC,-0.74911991328001
G,GGG,0.7651684859951371
G,GGC,0.618273712831736
H,CAC,0.0160725559326406
I,ATC,-0.626629311899344
K,AAG,-0.287315068482359
L,CTG,-0.4472627531205613
L,CTC,-0.24261129032174694
L,TTG,-1.0790525306344
N,AAC,-0.491890948530038
P,CCG,1.140347369843721
P,CCC,0.822191701292992
Q,CAG,-0.163448166488856
R,AGG,1.31902145558993
R,CGG,0.37692933194836
R,CGC,0.508591823099057
S,TCG,0.493906121330957
S,TCC,0.0537649417247573
T,ACG,0.688815740309656
T,ACC,0.105142703910917
V,GTG,-1.1750519686797924
V,GTC,-0.141013474009434
Y,TAC,-0.460631197351217
Z,AGC,0.0603550302435238
