AA,Codon,Mean
A,GCG,1.3527353292226798
A,GCC,0.596450774029891
C,TGC,1.42465246169567
D,GAC,0.205158066966633
E,GAG,0.618685281741619
F,TTC,-1.23312233715852
G,GGG,1.18293682628473
G,GGC,1.84368144542376
H,CAC,-0.28249824133714
I,ATC,-0.695896242662271
K,AAG,0.231600365872184
L,CTG,0.442256652532021
L,CTC,0.5134577595551801
L,TTG,-0.930579916508993
N,AAC,-1.06900614982446
P,CCG,2.6470111613392797
P,CCC,2.42406143827438
Q,CAG,0.921980572068691
R,AGG,3.16358564483324
R,CGG,0.050225198936459936
R,CGC,1.81672932584286
S,TCG,1.1430902721265932
S,TCC,0.170463319051762
T,ACG,1.434588277796904
T,ACC,0.0606455101561385
V,GTG,-1.6636796858469702
V,GTC,-0.207619123479227
Y,TAC,-1.11859458384514
Z,AGC,0.464603886232773
