AA,Codon,Mean
A,GCG,0.16398084466059992
A,GCC,0.0385332617795716
C,TGC,0.28265102365911
D,GAC,-0.332870371071498
E,GAG,-0.414239930186669
F,TTC,-0.377784132450819
G,GGG,0.9218421171069141
G,GGC,0.425184880216916
H,CAC,-0.620136509052912
I,ATC,-0.111038282025357
K,AAG,-0.692260151334604
L,CTC,0.04346610675652807
L,TTG,-0.75051065975825
N,AAC,-0.703619720812639
P,CCG,1.019334421804548
P,CCC,0.364259987562895
Q,CAG,-0.351542337246736
R,AGG,1.252704720665018
R,CGG,-0.8208493347167898
R,CGC,0.707840979409218
S,TCG,-0.460348334135612
S,TCC,-0.0153786048741464
T,ACG,-0.11263977234363598
T,ACC,-0.146276391659677
V,GTG,-0.5277086983382699
V,GTC,-0.0714416521544258
Y,TAC,-0.589190272800128
Z,AGC,-0.0968703620853523
