AA,Codon,Mean
A,GCG,1.366478599143028
A,GCC,0.18848900128305
C,TGC,0.221895305154721
D,GAC,0.327166539156437
E,GAG,0.177851036374768
F,TTC,0.0482545395464947
G,GGG,0.8402058889458579
G,GGC,-0.017952537062495
H,CAC,0.506890634739399
I,ATC,0.186960565284888
K,AAG,-0.0304662657508846
L,CTC,0.19022231421868002
L,TTG,-0.780481249082088
N,AAC,0.326494339082638
P,CCG,0.5329569848491503
P,CCC,0.329288806806008
Q,CAG,0.0545812518250197
R,AGG,0.5118583558897171
R,CGG,0.5645279014752286
R,CGC,0.0936760050132871
S,TCG,0.284131898065905
S,TCC,0.233228600070874
T,ACG,0.542908765391509
T,ACC,0.220841405832767
V,GTG,-0.7671452237049741
V,GTC,0.424837722150485
Y,TAC,0.0244906206309833
Z,AGC,0.186570169778665
