AA,Codon,Mean
A,GCG,2.346623423961803
A,GCC,1.2605556627353
C,TGC,2.26723958501816
D,GAC,2.01053527501424
E,GAG,1.40209713733196
F,TTC,1.17088376984596
G,GGG,1.201210861094793
G,GGC,1.8988231894652
H,CAC,2.19710249233246
I,ATC,1.63672651015917
K,AAG,1.16873258604209
L,CTC,1.8279594783182167
L,TTG,0.978073854037126
N,AAC,1.78617676150004
P,CCG,2.154789977941909
P,CCC,1.27085046949387
Q,CAG,1.74045960935752
R,AGG,1.357762148720027
R,CGG,2.198208134305475
R,CGC,1.90043477950096
S,TCG,1.8661201454997078
S,TCC,1.04914463723501
T,ACG,1.912041571275389
T,ACC,1.40426261184216
V,GTG,0.788006436859568
V,GTC,1.91194107242425
Y,TAC,2.07252828648885
Z,AGC,2.10194312459628
