AA,Codon,Mean
A,GCG,0.19665968360503505
A,GCC,0.127261347793539
C,TGC,0.48253622063001
D,GAC,0.00702950502733958
E,GAG,0.684744586416086
F,TTC,-0.223141853539149
G,GGG,0.05812802389065397
G,GGC,0.634708801488082
H,CAC,-0.187838947243492
I,ATC,0.056916235011816
K,AAG,-0.21372241684099
L,CTC,0.35507210270414696
L,TTG,0.0955753079076608
N,AAC,-0.204791883181532
P,CCG,0.8754575503836081
P,CCC,0.440958006773392
Q,CAG,0.76061370776097
R,AGG,0.9279098958147065
R,CGG,-0.09120022023519003
R,CGC,0.836859121656418
S,TCG,0.31043445084492394
S,TCC,0.130550632776817
T,ACG,0.377940091840426
T,ACC,0.055903631555289
V,GTG,0.07339256716966602
V,GTC,0.055748635251944297
Y,TAC,-0.189876334950328
Z,AGC,0.228329213939607
