AA,Codon,Mean
A,GCG,0.30007055735389393
A,GCC,0.00696772275552474
C,TGC,0.232748947309454
D,GAC,-0.21756903176705
E,GAG,-0.170871838028232
F,TTC,-0.312971479676167
G,GGG,0.510174239544074
G,GGC,0.45053242983222
H,CAC,-0.342801447075605
I,ATC,-0.104680416934192
K,AAG,-0.361359316923221
L,CTG,-0.33365315148557223
L,CTC,0.014353569583097997
L,TTG,-0.333263374014695
N,AAC,-0.412530913792054
P,CCG,0.5904849399248755
P,CCC,0.233711417244871
Q,CAG,0.00876427117736772
R,AGG,0.5998290748198831
R,CGG,0.20571670010884602
R,CGC,0.450951290295521
S,TCG,-0.05101867307126501
S,TCC,-0.0309680400149897
T,ACG,0.05151835391521398
T,ACC,-0.101126262458662
V,GTG,-0.16904296944638103
V,GTC,-0.0766714541551967
Y,TAC,-0.400777907603979
Z,AGC,0.00354047048932716
