AA,Codon,Mean
A,GCG,1.0236129714414954
A,GCC,0.476180761865775
C,TGC,0.272607398229837
D,GAC,0.556323330024878
E,GAG,0.474905002407233
F,TTC,0.501522953309615
G,GGG,0.66998572110335
G,GGC,0.343420156772931
H,CAC,0.666531190490723
I,ATC,0.431287440510591
K,AAG,0.363443378545841
L,CTG,-0.07375098524490997
L,CTC,0.620335268110037
L,TTG,-0.271761886677146
N,AAC,0.337595538612207
P,CCG,0.8248959202638537
P,CCC,0.444349255432685
Q,CAG,0.310134310384591
R,AGG,0.45218216241597886
R,CGG,0.646146713888645
R,CGC,0.548740217717489
S,TCG,0.7339413243213528
S,TCC,0.42273324688077
T,ACG,0.7228743866033857
T,ACC,0.455419478573402
V,GTG,-0.12978434567054098
V,GTC,0.553981872832775
Y,TAC,0.286847013519208
Z,AGC,0.345136395482222
