AA,Codon,Mean
A,GCG,0.47206770065923503
A,GCC,0.231129503034552
C,TGC,-0.116276609854897
D,GAC,0.0432008152407904
E,GAG,0.222798356129726
F,TTC,0.150406580412388
G,GGG,0.4580506901336209
G,GGC,-0.123179881186783
H,CAC,0.171128764751554
I,ATC,0.212204964874188
K,AAG,0.365029689838489
L,CTG,-0.657221407257468
L,CTC,0.18320209846893998
L,TTG,-0.61030897004207
N,AAC,0.0980162797982494
P,CCG,0.253695952904473
P,CCC,0.188575995861491
Q,CAG,0.159758229354024
R,AGG,0.497241210252047
R,CGG,0.5434127837140761
R,CGC,-0.196074983240167
S,TCG,0.0769069359252089
S,TCC,0.326046931236982
T,ACG,0.26161961525728317
T,ACC,0.156273221016427
V,GTG,-0.45390343591636045
V,GTC,0.263009412950277
Y,TAC,-0.160885956257582
Z,AGC,-0.193056683003902
