AA,Codon,Mean
A,GCG,0.07163514052679101
A,GCC,-0.229811518674095
C,TGC,-0.366760949927568
D,GAC,-0.496187924883763
E,GAG,0.0115379573440204
F,TTC,-0.109205781370153
G,GGG,0.1670534833137518
G,GGC,-0.452904117991527
H,CAC,-0.3333960769852
I,ATC,-0.204790831812223
K,AAG,0.230143258546789
L,CTG,-1.228026850656668
L,CTC,-0.23260650602380406
L,TTG,-1.2426112407287
N,AAC,-0.421620293923219
P,CCG,-0.10334152220239198
P,CCC,-0.319136408340931
Q,CAG,-0.190410447629293
R,AGG,0.696132446350654
R,CGG,0.028353792686014984
R,CGC,-0.403263158321381
S,TCG,-0.64429037592709
S,TCC,-0.0944088573063413
T,ACG,-0.257426495758196
T,ACC,-0.294579455925028
V,GTG,-1.130126155400276
V,GTC,-0.0790715866810332
Y,TAC,-0.633485634819667
Z,AGC,-0.466752905801932
