AA,Codon,Mean
A,GCG,-0.003627750607331004
A,GCC,-0.0190435916897375
C,TGC,0.079308040549606093
D,GAC,-0.133215838599702
E,GAG,0.0273261160795887
F,TTC,-0.243801414563258
G,GGG,0.23813163838982598
G,GGC,0.279416184912125
H,CAC,-0.221673324433963
I,ATC,-0.0941217074940602
K,AAG,-0.257342302618424
L,CTG,0.3660498232300078
L,CTC,0.049200040703018005
L,TTG,-0.466070551170905
N,AAC,-0.332075726908445
P,CCG,0.7955070750430225
P,CCC,0.22504219734172
Q,CAG,0.0671505628531178
R,AGG,0.562163816619912
R,CGG,-0.5556005316098531
R,CGC,0.397384825706482
S,TCG,-0.185137486712137
S,TCC,-0.00358108739387224
T,ACG,0.101188862307866
T,ACC,-0.0501428719590108
V,GTG,-0.21444240817924398
V,GTC,-0.0451712430939078
Y,TAC,-0.329171515242259
Z,AGC,-0.0651295222907017
