AA,Codon,Mean
A,GCG,0.9491992657487591
A,GCC,-0.510413825829824
C,TGC,-0.0641533960930072
D,GAC,0.0540445021229486
E,GAG,0.0462182609289885
F,TTC,0.0209234481091994
G,GGG,-0.042214627309640984
G,GGC,-0.856909432804585
H,CAC,0.121166199219724
I,ATC,-0.215079641061028
K,AAG,0.0367258395848272
L,CTC,-0.08540425072511001
L,TTG,-1.13872640256087
N,AAC,0.0241134204145328
P,CCG,-0.341663479749859
P,CCC,-0.362880903738737
Q,CAG,-0.34269227227966
R,AGG,0.027975324650604927
R,CGG,-0.560156651433307
R,CGC,-0.65131960901022
S,TCG,-0.45587455127835297
S,TCC,-0.39823697938323
T,ACG,-0.278012863331784
T,ACC,-0.442782257580757
V,GTG,-1.7554711999416361
V,GTC,-0.0157839959255456
Y,TAC,-0.211350896939635
Z,AGC,-0.143647515289982
