AA,Codon,Mean
A,GCG,0.225944161780675
A,GCC,0.105471615739663
C,TGC,0.196643492719531
D,GAC,-0.219479119936625
E,GAG,-0.221730410108964
F,TTC,-0.257063649754723
G,GGG,0.746441688799854
G,GGC,0.471176811877886
H,CAC,-0.397962669561307
I,ATC,-0.00938251657349562
K,AAG,-0.485949671600262
L,CTC,0.13385443368156702
L,TTG,-0.411624315363169
N,AAC,-0.417688857100407
P,CCG,0.9267684147479635
P,CCC,0.289879336420695
Q,CAG,0.172447939695915
R,AGG,0.822334891220927
R,CGG,-0.49823236628771195
R,CGC,0.610785091384252
S,TCG,-0.22698347949782993
S,TCC,0.0688867133714259
T,ACG,0.030683846833307993
T,ACC,-0.0138358810753161
V,GTG,-0.327389896867673
V,GTC,-0.00761326420624033
Y,TAC,-0.463400480312109
Z,AGC,-0.055256585958538
