AA,Codon,Mean
A,GCG,-0.11961299888292903
A,GCC,-0.0323780656082556
C,TGC,-0.225022891954581
D,GAC,-0.0851531702908377
E,GAG,-0.218191785051425
F,TTC,-0.349464064021905
G,GGG,0.15614799420833603
G,GGC,0.0402305196547881
H,CAC,-0.310961254147689
I,ATC,-0.116313534649213
K,AAG,-0.401654687680801
L,CTG,-0.1266564413634842
L,CTC,-0.1502228299876631
L,TTG,-0.359388511319955
N,AAC,-0.291199490705132
P,CCG,-0.4047865511221806
P,CCC,-0.0536034539068739
Q,CAG,-0.330638324211041
R,AGG,-0.13167448432445494
R,CGG,-0.293285867706934
R,CGC,0.0361025924729183
S,TCG,-0.22193234977495568
S,TCC,-0.0382023777808296
T,ACG,-0.15165272636363872
T,ACC,-0.0595422733570139
V,GTG,-0.1360896867632862
V,GTC,-0.0203715929011727
Y,TAC,-0.242616698267063
Z,AGC,-0.177163118083278
