AA,Codon,Mean
A,GCG,0.5621968572657017
A,GCC,0.525217351047198
C,TGC,0.0287796680932723
D,GAC,0.312043895129363
E,GAG,-0.0233217199559819
F,TTC,0.269709550984701
G,GGG,0.536913238477707
G,GGC,-0.0818261218301952
H,CAC,0.417746549224853
I,ATC,0.429470243402322
K,AAG,0.103057133543988
L,CTG,-0.1915353397603624
L,CTC,0.328467724703997
L,TTG,-0.242924885289868
N,AAC,0.452910820871592
P,CCG,0.585154661306242
P,CCC,0.639883913640181
Q,CAG,0.00415316123320987
R,AGG,0.49615559188403746
R,CGG,0.490187338715792
R,CGC,-0.136897548329333
S,TCG,0.3583252533830699
S,TCC,0.657318616600831
T,ACG,0.458608687951167
T,ACC,0.468010097330809
V,GTG,-0.075842674483359
V,GTC,0.372110661413272
Y,TAC,0.315969947373867
Z,AGC,-0.107884894232949
