AA,Codon,Mean
A,GCG,0.14384976435104999
A,GCC,0.044920466059198
C,TGC,0.20200860764583
D,GAC,-0.164293450319767
E,GAG,-0.0801816606064638
F,TTC,-0.184429923701286
G,GGG,0.12733903613487896
G,GGC,0.21209618772467
H,CAC,-0.261032614482443
I,ATC,-0.0802518092979987
K,AAG,-0.308855581990878
L,CTG,0.538501405654351
L,CTC,-0.03600414406855895
L,TTG,-0.315332217987378
N,AAC,-0.278856451138854
P,CCG,0.582868313277761
P,CCC,0.291311516217391
Q,CAG,0.291373437256614
R,AGG,0.403758442691465
R,CGG,-0.5226233850717569
R,CGC,0.349676071298122
S,TCG,0.03336850617925302
S,TCC,-0.026408437405775
T,ACG,0.08411516615450398
T,ACC,-0.0610822855939468
V,GTG,-0.16474330351154098
V,GTC,-0.0418203320321937
Y,TAC,-0.252638654006521
Z,AGC,-0.0455997197616845
