AA,Codon,Mean
A,GCG,0.812893194480738
A,GCC,0.664722163355351
C,TGC,0.140182154627641
D,GAC,0.658468277700742
E,GAG,0.350391816260417
F,TTC,0.50613872628212
G,GGG,0.22463426220417101
G,GGC,0.295638516646624
H,CAC,0.758545524311066
I,ATC,0.65243629266421
K,AAG,0.0724698193438351
L,CTG,0.12458826121091904
L,CTC,0.746700993071563
L,TTG,0.04434436835628
N,AAC,0.445649534040689
P,CCG,0.643827633156875
P,CCC,0.747594569345315
Q,CAG,0.0397132440888983
R,AGG,-0.03863493614792801
R,CGG,0.18291216419910397
R,CGC,0.292485620933771
S,TCG,0.5870651083237183
S,TCC,0.625271660300096
T,ACG,0.781533675600588
T,ACC,0.603239255352815
V,GTG,0.14953444056510898
V,GTC,0.800603701853752
Y,TAC,0.366566148749987
Z,AGC,0.206772145219644
