AA,Codon,Mean
A,GCG,-0.185720232478778
A,GCC,8.23165746748411e-5
C,TGC,-0.0592106669779867
D,GAC,-0.109296007463336
E,GAG,-0.272447859203815
F,TTC,-0.248302657708526
G,GGG,0.485514561723173
G,GGC,0.191013898772995
H,CAC,-0.358933639880021
I,ATC,-0.0636811551508804
K,AAG,-0.70293745590051
L,CTG,-0.4745221787566944
L,CTC,0.022890403401354995
L,TTG,-0.742598361563683
N,AAC,-0.366339429606994
P,CCG,-0.031119100548824052
P,CCC,-0.0152588236303418
Q,CAG,-0.424487124959628
R,AGG,0.38991874214410804
R,CGG,0.5184020351019999
R,CGC,0.341138312399387
S,TCG,-0.31273106126263717
S,TCC,-0.0350054093467693
T,ACG,-0.16469355376164202
T,ACC,-0.0612757079303265
V,GTG,-0.25539419640551003
V,GTC,-0.040923773473377
Y,TAC,-0.432616698803504
Z,AGC,-0.165434955465297
