AA,Codon,Mean
A,GCG,0.172977670572698
A,GCC,-0.0385582215442943
C,TGC,-0.392284581840038
D,GAC,-0.342370747645696
E,GAG,-0.136414231525858
F,TTC,0.266688272598386
G,GGG,-0.129435051850478
G,GGC,-0.734852350008488
H,CAC,0.166297349395355
I,ATC,0.462072834654649
K,AAG,-0.333787503099442
L,CTG,-0.691646479638418
L,CTC,-0.357937922168771
L,TTG,-0.73065762938261
N,AAC,0.082335004465282
P,CCG,0.160966633972526
P,CCC,0.166119248951475
Q,CAG,-0.175135060295463
R,AGG,0.014505653735002011
R,CGG,-0.0038214666763900507
R,CGC,-0.884124081893762
S,TCG,-0.19674417273327738
S,TCC,0.351168221024672
T,ACG,0.02388571397761502
T,ACC,0.130770109875004
V,GTG,-0.7949385791905221
V,GTC,-0.247542995284994
Y,TAC,-0.200224125783642
Z,AGC,-0.300899942163626
