AA,Codon,Mean
A,GCG,1.519384187068541
A,GCC,0.932860518137614
C,TGC,0.665741382626692
D,GAC,0.993099755366643
E,GAG,0.671067311398188
F,TTC,0.602594541525841
G,GGG,0.5313015297343331
G,GGC,1.01738580305179
H,CAC,1.16144669136206
I,ATC,0.76018104164203
K,AAG,0.765963375631968
L,CTG,0.07401709180673
L,CTC,0.7057109873215381
L,TTG,0.30856184523503
N,AAC,0.894774982901414
P,CCG,1.3018501694778601
P,CCC,1.068446314164
Q,CAG,0.785730027238528
R,AGG,0.912779244017603
R,CGG,0.684187018315994
R,CGC,1.24527827939192
S,TCG,0.819548296821117
S,TCC,0.806595509469509
T,ACG,1.108644527094563
T,ACC,0.94221097821792
V,GTG,0.108912814097603
V,GTC,0.709120949339867
Y,TAC,0.727787139979998
Z,AGC,0.827797608621915
