AA,Codon,Mean
A,GCG,0.249365254720052
A,GCC,0.0398277577985078
C,TGC,0.551363899546862
D,GAC,-0.0897774945388238
E,GAG,0.40560348790288
F,TTC,-0.362921376824379
G,GGG,0.1808335982640601
G,GGC,0.415399792770545
H,CAC,-0.21735456956327
I,ATC,-0.10396488356938
K,AAG,-0.23949934587578
L,CTG,0.5353707330391434
L,CTC,0.5987248494883399
L,TTG,0.179408126904567
N,AAC,-0.309597408507268
P,CCG,0.771096020799876
P,CCC,0.742216005976995
Q,CAG,0.538022762848934
R,AGG,0.7543383998479674
R,CGG,0.42695427962937993
R,CGC,0.767803266910712
S,TCG,0.20428289668758703
S,TCC,-0.0225705895489237
T,ACG,0.261041238848369
T,ACC,-0.0539687197009722
V,GTG,0.11614844953616399
V,GTC,-0.0598432524964213
Y,TAC,-0.327315053840478
Z,AGC,0.0559954767821861
