AA,Codon,Mean
A,GCG,1.667433828151229
A,GCC,1.08620115347703
C,TGC,0.763087256753445
D,GAC,1.32069709670544
E,GAG,0.847640304493904
F,TTC,1.00908053753376
G,GGG,0.8120522913915075
G,GGC,1.10742626415888
H,CAC,1.42331314825217
I,ATC,1.08587686104774
K,AAG,0.976983110698064
L,CTG,0.41821556942860294
L,CTC,1.013046894643708
L,TTG,0.566988920823733
N,AAC,1.22217041165829
P,CCG,1.410958915041887
P,CCC,1.15899781451225
Q,CAG,0.921639635483424
R,AGG,0.884554794903593
R,CGG,1.0590603135002161
R,CGC,1.31126840905348
S,TCG,1.170714621263742
S,TCC,1.06248879304727
T,ACG,1.3229662390967212
T,ACC,1.12923708758354
V,GTG,0.475993741571903
V,GTC,1.04642637435595
Y,TAC,1.1515664555947
Z,AGC,0.960181694447994
