AA,Codon,Mean
A,GCG,0.389090432135264
A,GCC,0.18247520006001
C,TGC,0.751317535992463
D,GAC,-0.00327767762043501
E,GAG,0.642183769071102
F,TTC,-0.26993482025067
G,GGG,0.512098604261872
G,GGC,0.839598333513737
H,CAC,-0.200777674116691
I,ATC,-0.00873137947745687
K,AAG,-0.432535870601734
L,CTG,0.21209034648338898
L,CTC,0.2961235788676888
L,TTG,-0.0838466415857275
N,AAC,-0.223455798998475
P,CCG,1.1923994954243349
P,CCC,1.23825631822745
Q,CAG,0.828563424909115
R,AGG,1.034843889836471
R,CGG,0.5670941564401002
R,CGC,1.30181521977584
S,TCG,0.639291248925531
S,TCC,-0.0192529361869428
T,ACG,0.577448308916889
T,ACC,-0.0346530229470382
V,GTG,-0.020322960118452915
V,GTC,-0.0286636963973937
Y,TAC,-0.262765572375059
Z,AGC,0.309556568292777
