AA,Codon,Mean
A,GCG,0.689314704012871
A,GCC,0.300801832531889
C,TGC,-0.0423039316949746
D,GAC,0.312617834800482
E,GAG,0.0756574104323401
F,TTC,0.609649131568273
G,GGG,0.332114284098645
G,GGC,0.284621816655993
H,CAC,0.288969234504302
I,ATC,0.490478409355879
K,AAG,0.348635105238358
L,CTG,0.04288008533120102
L,CTC,0.40972079166770003
L,TTG,-0.269094886158903
N,AAC,0.139475586040318
P,CCG,0.572919714394708
P,CCC,0.411867354816198
Q,CAG,-0.223705360176166
R,AGG,0.3652566719571779
R,CGG,-0.05103040260168461
R,CGC,0.150115419033232
S,TCG,0.3258862276153488
S,TCC,0.573812799747785
T,ACG,0.4249134346851645
T,ACC,0.418455738286177
V,GTG,-0.786845612718165
V,GTC,0.844619553434849
Y,TAC,0.127972096697241
Z,AGC,0.024210653808551
