AA,Codon,Mean
A,GCG,1.0715333166162169
A,GCC,0.579628524311384
C,TGC,0.114322970300356
D,GAC,0.811720611039797
E,GAG,0.354453760427237
F,TTC,0.914039481226603
G,GGG,0.542343266836802
G,GGC,0.32219825557967
H,CAC,0.815425913759073
I,ATC,0.809733200089137
K,AAG,0.817369435830911
L,CTG,0.305758315016826
L,CTC,0.7073708807627359
L,TTG,0.068413780298084
N,AAC,0.699228825457891
P,CCG,0.6441203858296081
P,CCC,0.310465230161945
Q,CAG,0.107326527497513
R,AGG,0.2161336817185
R,CGG,0.525779864928127
R,CGC,0.269256270914276
S,TCG,0.7399440172905719
S,TCC,0.801554725392659
T,ACG,0.81841529892236
T,ACC,0.693509084264437
V,GTG,-0.11669324217736704
V,GTC,1.08567007111708
Y,TAC,0.628311357835929
Z,AGC,0.297596378475428
