AA,Codon,Mean
A,GCG,0.245160951042176
A,GCC,0.0959690103928248
C,TGC,0.46202050746878
D,GAC,-0.0274370897201952
E,GAG,0.22679969415466
F,TTC,-0.174388237490257
G,GGG,0.09066548799673801
G,GGC,0.5179233877937
H,CAC,-0.104018335184455
I,ATC,-0.0473631893900534
K,AAG,-0.12635004965663
L,CTG,0.23802562212348
L,CTC,0.295503778934479
L,TTG,-0.115486566187938
N,AAC,-0.199765147992969
P,CCG,0.630148957638939
P,CCC,0.360006908261776
Q,CAG,0.324887422758341
R,AGG,0.4993198916352339
R,CGG,-0.23749487268526992
R,CGC,0.485952006361882
S,TCG,0.09159260647296902
S,TCC,0.0533601487021893
T,ACG,0.12185079883933098
T,ACC,-0.0088972184981502
V,GTG,-0.074951970607043
V,GTC,0.00176875582677981
Y,TAC,-0.168938531845808
Z,AGC,0.131558394388854
