AA,Codon,Mean
A,GCG,0.836687481719256
A,GCC,0.603402801072597
C,TGC,0.160441971718272
D,GAC,1.0094997295022
E,GAG,0.595523393976688
F,TTC,0.570498936335246
G,GGG,0.7416550125535087
G,GGC,0.517919119431575
H,CAC,0.984015434594949
I,ATC,0.659012062410514
K,AAG,0.533711887689432
L,CTG,-0.0228846169352529
L,CTC,0.639528941108785
L,TTG,0.011163807116078
N,AAC,0.762645715379715
P,CCG,0.755618721206486
P,CCC,0.547676042360067
Q,CAG,0.558133645570278
R,AGG,0.4922725814104061
R,CGG,0.83513148115923
R,CGC,0.639569930569331
S,TCG,0.662875342869262
S,TCC,0.501300807724396
T,ACG,0.632633643464247
T,ACC,0.554399523893992
V,GTG,0.144215008549889
V,GTC,0.792354635671775
Y,TAC,0.632330767250061
Z,AGC,0.338720990393559
