AA,Codon,Mean
A,GCG,0.884293145590028
A,GCC,0.694927365581195
C,TGC,0.246114457767208
D,GAC,1.04931953632832
E,GAG,0.690076501627763
F,TTC,0.63138367549181
G,GGG,0.8172232556617821
G,GGC,0.427682172985872
H,CAC,1.03156374478738
I,ATC,0.679809406399727
K,AAG,0.592790508810679
L,CTG,0.05541101292173001
L,CTC,0.6397596481621309
L,TTG,0.126970768644412
N,AAC,0.822098282957077
P,CCG,0.759363817110409
P,CCC,0.589944734406471
Q,CAG,0.574449181783199
R,AGG,0.5238664909680671
R,CGG,0.863439401865006
R,CGC,0.556708946927388
S,TCG,0.7225572606523829
S,TCC,0.598708245182037
T,ACG,0.675888452058037
T,ACC,0.634808515322208
V,GTG,0.27952672822624497
V,GTC,0.832280309899648
Y,TAC,0.679585500558217
Z,AGC,0.332795937462648
