AA,Codon,Mean
A,GCG,0.632259327888485
A,GCC,0.220914286958178
C,TGC,0.926888760113716
D,GAC,0.149906692829728
E,GAG,0.585501876227061
F,TTC,-0.198693366485834
G,GGG,0.17956584505240003
G,GGC,1.29734697773457
H,CAC,0.070957339488777
I,ATC,0.132618171727657
K,AAG,-0.321294336382548
L,CTG,1.0872261206649214
L,CTC,1.33774565463364
L,TTG,0.109883394827942
N,AAC,-0.176687797838449
P,CCG,1.808354650847117
P,CCC,0.954373679558436
Q,CAG,0.800411808057626
R,AGG,1.126460549021763
R,CGG,0.52367610025406
R,CGC,2.01211397393544
S,TCG,0.554649731457237
S,TCC,0.219939552420378
T,ACG,0.72983128787279
T,ACC,0.0406288849749602
V,GTG,0.295821404981614
V,GTC,0.163318892906109
Y,TAC,-0.116728164019684
Z,AGC,0.466873322208722
