AA,Codon,Mean
A,GCG,-1.7951076984961902
A,GCC,-1.27725872275035
C,TGC,-1.32709008974234
D,GAC,-1.46866668071747
E,GAG,-2.05350290757815
F,TTC,-1.40565502003034
G,GGG,-1.5077363735834801
G,GGC,-2.11054023458163
H,CAC,-1.48134837465286
I,ATC,-1.70328355228106
K,AAG,-1.16369124063651
L,CTG,-3.0759669074813503
L,CTC,-3.1635024411122
L,TTG,-1.6159411914587
N,AAC,-1.26824188816547
P,CCG,-2.529899853806692
P,CCC,-2.28802805935542
Q,CAG,-1.86854705053171
R,AGG,-1.54448504594564
R,CGG,-2.274346440649034
R,CGC,-3.16648536399206
S,TCG,-2.1430588329120677
S,TCC,-1.32303325854937
T,ACG,-1.65187904377381
T,ACC,-0.768275499796867
V,GTG,-2.232072023288411
V,GTC,-2.0271926838239
Y,TAC,-1.89670353610516
Z,AGC,-1.08063086490234
