AA,Codon,Mean
A,GCG,0.11836145434975598
A,GCC,-0.0158108783563715
C,TGC,-0.0159168547279324
D,GAC,0.388823755643765
E,GAG,-0.294828831381599
F,TTC,0.127830451576412
G,GGG,-0.197261919248601
G,GGC,-0.192134660920997
H,CAC,0.351137518664201
I,ATC,0.0210599582309925
K,AAG,0.0682353781219572
L,CTG,-0.9735976434628171
L,CTC,-0.766888144113496
L,TTG,-0.126478291899959
N,AAC,0.477165877924363
P,CCG,-0.39751912381649
P,CCC,-0.520945827174187
Q,CAG,-0.31089301721255
R,AGG,-0.38955952298641017
R,CGG,-0.533313275053102
R,CGC,-0.7686883071661
S,TCG,-0.07897797037760396
S,TCC,0.0299774000889029
T,ACG,0.040010629256567065
T,ACC,0.255666522803903
V,GTG,-0.48162401989300996
V,GTC,-0.102919369980941
Y,TAC,0.175427082330485
Z,AGC,0.258238352963328
