AA,Codon,Mean
A,GCG,-1.0307781840622419
A,GCC,-0.593930512630939
C,TGC,-0.587142060256004
D,GAC,-1.1091205984513
E,GAG,-0.792720213027795
F,TTC,-1.1680236637036
G,GGG,-1.056467491307854
G,GGC,-0.473137572981914
H,CAC,-1.2899148702383
I,ATC,-1.11080523202419
K,AAG,-0.995851526880264
L,CTG,-1.0300386207640169
L,CTC,-1.0705532015721
L,TTG,-1.30111451888879
N,AAC,-1.3664860366265
P,CCG,-0.45848931466639103
P,CCC,-0.624679406829675
Q,CAG,-0.71766929466327
R,AGG,-0.13676897921947118
R,CGG,-1.34912717535297
R,CGC,-0.72973604199489
S,TCG,-1.206659153217077
S,TCC,-0.672610750965277
T,ACG,-0.9166835371871791
T,ACC,-0.758744186834494
V,GTG,-1.06752191533645
V,GTC,-0.9533845165809
Y,TAC,-1.43181162027518
Z,AGC,-0.824941362233957
