AA,Codon,Mean
A,GCG,1.4846794754266748
A,GCC,0.909720366124312
C,TGC,1.14213862661521
D,GAC,1.41547644440333
E,GAG,0.949167613184452
F,TTC,0.950942981187503
G,GGG,1.032304990661149
G,GGC,1.3080171447436
H,CAC,1.43777705562115
I,ATC,1.22593725639979
K,AAG,0.798794158601761
L,CTG,0.703998783311248
L,CTC,1.394366601431365
L,TTG,0.737358737913767
N,AAC,1.24025677112738
P,CCG,1.326797979266441
P,CCC,1.2795938236475
Q,CAG,0.942847022600969
R,AGG,0.701547350533798
R,CGG,0.903585204696658
R,CGC,1.57199279096127
S,TCG,1.402003388090931
S,TCC,1.01517748215596
T,ACG,1.416080925296745
T,ACC,0.929162417976061
V,GTG,0.7316463804165481
V,GTC,1.33630337726275
Y,TAC,1.15659847833316
Z,AGC,1.0860637180686
