AA,Codon,Mean
A,GCG,1.0350530171171637
A,GCC,0.515802980236212
C,TGC,0.38252774250706
D,GAC,0.443413181700309
E,GAG,-0.0011391500561158
F,TTC,0.0389621703132871
G,GGG,0.40269250847995297
G,GGC,0.470273100996017
H,CAC,0.234609933696191
I,ATC,0.0642112290053318
K,AAG,-0.193984605565667
L,CTG,-0.3524309134640975
L,CTC,-0.05585128988822302
L,TTG,-0.543044452309608
N,AAC,-0.011105634065468
P,CCG,0.896165294571718
P,CCC,0.170960235139976
Q,CAG,0.207797335126003
R,AGG,0.26891904431581504
R,CGG,0.35141405813129295
R,CGC,0.360009663234154
S,TCG,0.70541839406987
S,TCC,0.297587814001242
T,ACG,0.6103391867723987
T,ACC,0.463896604677041
V,GTG,-0.669740757190188
V,GTC,0.405816201213996
Y,TAC,-0.0169034204406608
Z,AGC,0.322289632414778
