AA,Codon,Mean
A,GCG,1.24163207131575
A,GCC,0.208574164206783
C,TGC,0.282947576960921
D,GAC,-0.033032873541815
E,GAG,-0.38587488977313
F,TTC,-0.306379232398669
G,GGG,0.7599459106465211
G,GGC,0.505158908281724
H,CAC,-0.39219135334293
I,ATC,-0.201074664187431
K,AAG,-0.57877209299008
L,CTG,-0.765671080462137
L,CTC,-0.48313206092348293
L,TTG,-1.05171994133393
N,AAC,-0.541009146849314
P,CCG,1.341388156845172
P,CCC,0.532605368214846
Q,CAG,-0.240493097330133
R,AGG,1.0299879096153606
R,CGG,0.23219761960904106
R,CGC,0.585607196505864
S,TCG,0.4412149834755012
S,TCC,-0.0486191534096608
T,ACG,0.7178842144608499
T,ACC,0.162347927169998
V,GTG,-1.041472960800926
V,GTC,0.0579936107668405
Y,TAC,-0.592275148338079
Z,AGC,0.107365480456936
