AA,Codon,Mean
A,GCG,0.16376916380723294
A,GCC,0.0650390115601321
C,TGC,0.320969929805398
D,GAC,-0.123707300225894
E,GAG,-0.344430836168925
F,TTC,-0.170216428784529
G,GGG,0.6067080425620041
G,GGC,0.413167565580209
H,CAC,-0.326858372563124
I,ATC,0.027171320516197
K,AAG,-0.522924176730712
L,CTG,-0.36134350258509507
L,CTC,0.08222213932275801
L,TTG,-0.620906051266193
N,AAC,-0.318293760277828
P,CCG,0.721195043144624
P,CCC,0.988061232678096
Q,CAG,-0.429976501290003
R,AGG,1.1411509814904526
R,CGG,0.10069722452162999
R,CGC,0.568669767034054
S,TCG,0.034107324389617055
S,TCC,0.0288685383505964
T,ACG,0.2516992331345881
T,ACC,-0.065885265463839
V,GTG,-0.32452569048007296
V,GTC,0.036074511071605
Y,TAC,-0.322887947616975
Z,AGC,0.0548779339946768
