AA,Codon,Mean
A,GCG,1.425417306561274
A,GCC,0.856701130167643
C,TGC,1.98724530051549
D,GAC,1.93390222316583
E,GAG,1.64213876802127
F,TTC,0.955415754902363
G,GGG,0.8733065459558124
G,GGC,1.61887491168181
H,CAC,2.05018206978639
I,ATC,1.33579628261725
K,AAG,1.31018907559713
L,CTC,1.773764663318794
L,TTG,1.5356813432773
N,AAC,1.78202285777728
P,CCG,1.4730672983821447
P,CCC,1.25116342428525
Q,CAG,1.86157348389626
R,AGG,1.258682611667615
R,CGG,1.612510866745494
R,CGC,1.92603203026454
S,TCG,1.885241890092691
S,TCC,0.93912022588253
T,ACG,1.342742336941759
T,ACC,0.880280119423071
V,GTG,1.157953386381269
V,GTC,1.50331862572034
Y,TAC,2.0942884455204
Z,AGC,1.79332706031005
