AA,Codon,Mean
A,GCG,1.0043888203155895
A,GCC,0.230937837130825
C,TGC,0.234333530714355
D,GAC,-0.0329034584425113
E,GAG,0.183556308962281
F,TTC,0.0438865133592826
G,GGG,0.36922448496818605
G,GGC,0.867204482070605
H,CAC,-0.312787483931581
I,ATC,0.0741157815249993
K,AAG,-0.343051790452997
L,CTC,0.19323594987393
L,TTG,-1.20032161682447
N,AAC,-0.428842591446638
P,CCG,1.072379799143473
P,CCC,0.384118604957064
Q,CAG,0.0512175916023417
R,AGG,1.005281868516404
R,CGG,0.515821939647198
R,CGC,0.654019681231181
S,TCG,0.10829393511849189
S,TCC,-0.0429796857576987
T,ACG,0.5466216940628366
T,ACC,-0.00897046998766649
V,GTG,-0.677302293378487
V,GTC,0.179975283268839
Y,TAC,-0.736363101196289
Z,AGC,0.0667181109350241
