AA,Codon,Mean
A,GCG,0.561673789494733
A,GCC,0.1875789317439
C,TGC,-0.0493680849596323
D,GAC,0.500265524121126
E,GAG,0.3599459235092
F,TTC,0.432529307427009
G,GGG,0.319749038125823
G,GGC,0.0194451304210648
H,CAC,0.599967661337058
I,ATC,0.385630800426006
K,AAG,0.506641975506147
L,CTG,-0.237516388488312
L,CTC,0.29456168518463804
L,TTG,0.0167531714265961
N,AAC,0.407405754637718
P,CCG,0.1062449641800064
P,CCC,0.0467421353835929
Q,CAG,0.230444924737016
R,AGG,0.18967421922684014
R,CGG,0.38134521928579757
R,CGC,0.114266808189058
S,TCG,0.285124765339618
S,TCC,0.313927751755714
T,ACG,0.3097126829072066
T,ACC,0.316699370040496
V,GTG,-0.0668454311193622
V,GTC,0.519375426820914
Y,TAC,0.39786202635169
Z,AGC,0.137510949116945
