AA,Codon,Mean
A,GCG,0.547218224751954
A,GCC,0.31396140332222
C,TGC,0.846600059143702
D,GAC,0.151237567918003
E,GAG,0.739389196630319
F,TTC,-0.115757497719427
G,GGG,0.15397241275707696
G,GGC,0.97916796797514
H,CAC,0.0339592116876066
I,ATC,0.154436527468761
K,AAG,-0.157320241441826
L,CTG,0.731958956219753
L,CTC,0.6995976186096671
L,TTG,-0.0226494477676927
N,AAC,-0.099460783063372
P,CCG,1.430046716103949
P,CCC,0.771300055150191
Q,CAG,0.896110226635138
R,AGG,0.9421598974285125
R,CGG,0.32147148372332013
R,CGC,1.22526123028596
S,TCG,0.5878040519038841
S,TCC,0.203215425335368
T,ACG,0.691378360102577
T,ACC,0.163882944182555
V,GTG,0.23537817012468998
V,GTC,0.127134877571464
Y,TAC,-0.101086673355848
Z,AGC,0.405668703242143
