AA,Codon,Mean
A,GCG,-0.15371550743381202
A,GCC,-0.582260612527529
C,TGC,-0.700114432080587
D,GAC,-0.377083476299047
E,GAG,-0.382100185388327
F,TTC,-0.317174670900901
G,GGG,-0.3966713075909291
G,GGC,-0.791003603986899
H,CAC,-0.18691602705121
I,ATC,-0.473043802281221
K,AAG,-0.143975655662517
L,CTG,-1.325090493571759
L,CTC,-0.5643227279390131
L,TTG,-0.736726291437944
N,AAC,-0.422573015163342
P,CCG,-0.7786612767030505
P,CCC,-0.926623148520788
Q,CAG,-0.616187709923585
R,AGG,-0.15249812432129994
R,CGG,-0.611379576694963
R,CGC,-0.82224690164725
S,TCG,-0.728430970711309
S,TCC,-0.382458783537149
T,ACG,-0.519294643518329
T,ACC,-0.417813498826822
V,GTG,-1.0390898294312205
V,GTC,-0.292560282803575
Y,TAC,-0.492784227921565
Z,AGC,-0.579734088478486
