AA,Codon,Mean
A,GCG,1.732419075381759
A,GCC,0.54145998344024
C,TGC,1.04255219717423
D,GAC,0.877648995967706
E,GAG,0.568504852644602
F,TTC,0.370932083602746
G,GGG,0.560722396673759
G,GGC,0.667316233694553
H,CAC,1.18537412453492
I,ATC,0.59615135709842
K,AAG,0.251068274409572
L,CTC,0.9164795541485179
L,TTG,0.00672246708226062
N,AAC,0.787199572344621
P,CCG,0.89671738419334
P,CCC,0.610128924993674
Q,CAG,0.545344423822562
R,AGG,0.46331722991467017
R,CGG,0.297224178842704
R,CGC,1.4014576783816
S,TCG,0.606032225290934
S,TCC,0.304118531044324
T,ACG,0.7397517647545316
T,ACC,0.448726188860337
V,GTG,-0.07669098319609899
V,GTC,0.954923665603002
Y,TAC,0.788545837656657
Z,AGC,1.06750730601152
