AA,Codon,Mean
A,GCG,0.334861153447627
A,GCC,0.15512686933279
C,TGC,0.774449469534556
D,GAC,0.032638460400266
E,GAG,0.645809474432468
F,TTC,-0.290685039291779
G,GGG,0.30586246769627
G,GGC,1.06003055708011
H,CAC,-0.250283145501216
I,ATC,-0.0328616105153536
K,AAG,0.0689505068634947
L,CTC,0.42394812232255996
L,TTG,0.284837007035812
N,AAC,-0.284932600180308
P,CCG,1.241493957841396
P,CCC,0.796620322712262
Q,CAG,0.859945243394375
R,AGG,1.019971609286467
R,CGG,0.16944545714060988
R,CGC,1.95366035231749
S,TCG,0.507985802246631
S,TCC,0.0387526322660968
T,ACG,0.337751865458486
T,ACC,0.0509327279124409
V,GTG,0.405202128632863
V,GTC,0.0309411231147436
Y,TAC,-0.259090595466892
Z,AGC,0.25073416399161
