AA,Codon,Mean
A,GCG,1.407334681403637
A,GCC,0.426086744417747
C,TGC,0.219709298600753
D,GAC,0.370092864584923
E,GAG,0.44247159408927
F,TTC,-0.0570598210446847
G,GGG,0.994291982444127
G,GGC,0.263123176007469
H,CAC,0.55424402328531
I,ATC,0.235063166965048
K,AAG,0.0130932960221869
L,CTC,0.29388657613992697
L,TTG,-0.567273067669074
N,AAC,0.380950517117977
P,CCG,0.6866780730396509
P,CCC,0.404695911339919
Q,CAG,0.0829464721093575
R,AGG,0.670915160810943
R,CGG,0.489912721453111
R,CGC,0.572204087020953
S,TCG,0.385121497315168
S,TCC,0.388460837566853
T,ACG,0.653420017462969
T,ACC,0.43247034171025
V,GTG,0.024726125230391693
V,GTC,0.399729687992732
Y,TAC,0.0846692243110388
Z,AGC,0.222181349758307
