AA,Codon,Mean
A,GCG,0.199491597525279
A,GCC,0.0169480982899494
C,TGC,0.374344894675414
D,GAC,-0.17141377064089
E,GAG,-0.0859716348412136
F,TTC,-0.335556943118572
G,GGG,0.5598364515960219
G,GGC,0.403086052097877
H,CAC,-0.348015404687325
I,ATC,-0.0892410497958461
K,AAG,-0.404163928153118
L,CTC,0.047539406481880986
L,TTG,-0.100584064501027
N,AAC,-0.457472657920917
P,CCG,0.8129683548500141
P,CCC,0.455107882628838
Q,CAG,0.224414512842894
R,AGG,0.7467568632553025
R,CGG,-0.14474165090720015
R,CGC,0.497868986864885
S,TCG,-0.09151713511745102
S,TCC,-0.0319717820738132
T,ACG,0.13482224601308496
T,ACC,-0.110548043171068
V,GTG,-0.098404242094358
V,GTC,-0.0706971475000183
Y,TAC,-0.398714641439915
Z,AGC,0.0540345965112016
