AA,Codon,Mean
A,GCG,1.603299402446551
A,GCC,0.252506263154745
C,TGC,0.771074131306012
D,GAC,-0.0869267043335984
E,GAG,0.292761033386985
F,TTC,-0.704587895385424
G,GGG,1.816691506854692
G,GGC,0.873284736442566
H,CAC,-0.136149570243061
I,ATC,-0.0673062702256565
K,AAG,-0.770011114823818
L,CTC,0.22300302418867002
L,TTG,-0.953436296824614
N,AAC,-0.518786299079657
P,CCG,1.617804523366686
P,CCC,0.992128895310561
Q,CAG,0.183934487900635
R,AGG,1.8982783882339789
R,CGG,0.3295917293389703
R,CGC,1.44955484011968
S,TCG,-0.05337470215757595
S,TCC,0.193826132935286
T,ACG,0.807873749544227
T,ACC,0.0819500697863599
V,GTG,-0.23916369734108395
V,GTC,0.120312140495578
Y,TAC,-0.731974122273922
Z,AGC,0.154369450762123
