AA,Codon,Mean
A,GCG,0.19523061069647107
A,GCC,0.101246318088969
C,TGC,0.610394375153383
D,GAC,-0.184191115312775
E,GAG,0.456383193236589
F,TTC,-0.365320714682341
G,GGG,0.5403705702622719
G,GGC,0.730910359160105
H,CAC,-0.404983234854539
I,ATC,-0.0172520390598239
K,AAG,-0.37085472573638
L,CTC,0.27282392361760205
L,TTG,-0.066962821449091
N,AAC,-0.498895480249325
P,CCG,1.126472870311141
P,CCC,0.647164253997803
Q,CAG,0.480934448200464
R,AGG,0.982783881376187
R,CGG,-0.39936651988029004
R,CGC,1.19437519797484
S,TCG,0.010218628648916983
S,TCC,-0.00971828238188902
T,ACG,0.16263233160575197
T,ACC,-0.0319328276999916
V,GTG,-0.16839378288984297
V,GTC,0.0154035836292601
Y,TAC,-0.467379047695796
Z,AGC,0.0675429445476582
