AA,Codon,Mean
A,GCG,0.435119967416922
A,GCC,-0.680205071643988
C,TGC,-0.195330542006592
D,GAC,-0.188459431916475
E,GAG,-0.144035608103375
F,TTC,0.223388458926479
G,GGG,0.082560478373369
G,GGC,-0.966282084123294
H,CAC,-0.162914810088277
I,ATC,-0.365342537977298
K,AAG,0.0221854985904042
L,CTC,-0.24353032602270397
L,TTG,-1.54167032911777
N,AAC,-0.246254067162673
P,CCG,-0.5435713758851091
P,CCC,-0.473645919919014
Q,CAG,-0.63704943117698
R,AGG,0.500393422400952
R,CGG,-0.10778578349351897
R,CGC,-0.799625749341647
S,TCG,-0.8440860541353621
S,TCC,-0.175590549325943
T,ACG,-0.018744898477693006
T,ACC,-0.700848619476954
V,GTG,-0.7217680858790859
V,GTC,-0.300974215213458
Y,TAC,-0.384996470310291
Z,AGC,-0.184977795065443
