AA,Codon,Mean
A,GCG,1.2272593192795922
A,GCC,-0.0564014094943802
C,TGC,0.119821715967916
D,GAC,0.358642472314835
E,GAG,0.269097878648837
F,TTC,0.27667632505695
G,GGG,0.719425146867335
G,GGC,-0.26362101850609
H,CAC,0.431082835016648
I,ATC,0.0304388227830098
K,AAG,0.288621705295642
L,CTC,0.182285304854314
L,TTG,-0.825607818309466
N,AAC,0.259540208373467
P,CCG,0.338194363341728
P,CCC,0.0422765206194672
Q,CAG,0.0364668653664522
R,AGG,0.6811009131133551
R,CGG,0.46883746863702996
R,CGC,-0.0684200778611552
S,TCG,0.0477469177171586
S,TCC,0.230332980381449
T,ACG,0.5252737191061416
T,ACC,-0.0697955349134902
V,GTG,-0.170082744432489
V,GTC,0.134383832469583
Y,TAC,0.0957795243663093
Z,AGC,0.16134595413357
