AA,Codon,Mean
A,GCG,1.0143343070417599
A,GCC,0.180869686931372
C,TGC,0.343191531306505
D,GAC,0.318994479346275
E,GAG,-0.141918738571803
F,TTC,-0.100628615391254
G,GGG,0.3938852927339578
G,GGC,0.508162238790592
H,CAC,0.285807062749068
I,ATC,-0.196492119691769
K,AAG,-0.324817090551058
L,CTC,-0.33565215455542
L,TTG,-0.675873289740086
N,AAC,0.0756862771429122
P,CCG,0.380011459959547
P,CCC,0.135137576343616
Q,CAG,0.0307443153778137
R,AGG,0.07675844475030902
R,CGG,-0.025677769478162027
R,CGC,0.114749934415768
S,TCG,0.10128719070355097
S,TCC,0.264097534524401
T,ACG,0.413015897533375
T,ACC,0.229048842197657
V,GTG,-0.5841121793677411
V,GTC,0.340921599247058
Y,TAC,-0.00561609705567177
Z,AGC,0.384345704946915
