AA,Codon,Mean
A,GCG,-0.01984589789708402
A,GCC,0.0172083868896589
C,TGC,0.143148585309585
D,GAC,-0.425943733336528
E,GAG,-0.395297686286767
F,TTC,-0.426854853850603
G,GGG,0.7413102201620779
G,GGC,0.317166633762916
H,CAC,-0.836363086632887
I,ATC,-0.115836046162248
K,AAG,-0.811489951062202
L,CTC,0.03868221010367101
L,TTG,-0.709431131045024
N,AAC,-0.695703654380639
P,CCG,0.8987080076942839
P,CCC,0.550471504348516
Q,CAG,-0.518902509210507
R,AGG,1.0904308465103312
R,CGG,-1.30453899277051
R,CGC,0.443382949107885
S,TCG,-0.449405390914282
S,TCC,-0.0131158187240986
T,ACG,0.07508789379596703
T,ACC,-0.132991249575714
V,GTG,-0.625761309138934
V,GTC,-0.108451258182029
Y,TAC,-0.646203930302461
Z,AGC,-0.241132921890418
