AA,Codon,Mean
A,GCG,1.551048597331841
A,GCC,0.67977840739886
C,TGC,0.536591988352935
D,GAC,0.733112352156639
E,GAG,0.462759367750088
F,TTC,0.220439690040549
G,GGG,0.76634241648515
G,GGC,0.942531524133682
H,CAC,0.788991868726412
I,ATC,0.325644486200809
K,AAG,0.133339773262044
L,CTC,0.269977880162994
L,TTG,-0.183214010368288
N,AAC,0.524142160346111
P,CCG,0.985780790859461
P,CCC,0.635781929532687
Q,CAG,0.650235581799348
R,AGG,0.42043139935235097
R,CGG,0.5295006466809765
R,CGC,0.459229404648145
S,TCG,0.740158130182822
S,TCC,0.658825605905056
T,ACG,0.926959965884685
T,ACC,0.65034635087649
V,GTG,-0.2661682979243531
V,GTC,0.693888487923145
Y,TAC,0.435377618054549
Z,AGC,0.702253309337298
