AA,Codon,Mean
A,GCG,0.791088982633253
A,GCC,-0.369233435662587
C,TGC,-0.410465412376324
D,GAC,-0.07786518984586
E,GAG,0.078603756934156
F,TTC,0.0406032542704403
G,GGG,0.11221618792613303
G,GGC,-0.928677287964026
H,CAC,-0.0616846251034411
I,ATC,-0.165268753945827
K,AAG,0.15338269913892
L,CTC,-0.2003191622813322
L,TTG,-1.36514349014759
N,AAC,-0.118851361539463
P,CCG,-0.41658415645534813
P,CCC,-0.43854012731115
Q,CAG,-0.393090337403615
R,AGG,0.09408975841800404
R,CGG,-0.30541456780433696
R,CGC,-0.762481232686838
S,TCG,-0.2883433759436738
S,TCC,-0.226283427249392
T,ACG,-0.004693562412261987
T,ACC,-0.319204615473747
V,GTG,-1.64570657355388
V,GTC,0.0544700459163636
Y,TAC,-0.421187493534883
Z,AGC,-0.561974141136805
