AA,Codon,Mean
A,GCG,0.16568514923253996
A,GCC,-1.20595917413235
C,TGC,-0.663533977925777
D,GAC,-0.816794416399797
E,GAG,-0.389527911754449
F,TTC,-0.162270422326525
G,GGG,-0.316169868508973
G,GGC,-1.84587973687649
H,CAC,-0.856357566173871
I,ATC,-0.586577638510863
K,AAG,-0.240169718394677
L,CTC,-0.622485755490263
L,TTG,-2.46185722670555
N,AAC,-0.894624821333091
P,CCG,-1.4418237093386077
P,CCC,-1.22936808737119
Q,CAG,-1.29246193416119
R,AGG,-0.07610829902038582
R,CGG,-1.137991435660919
R,CGC,-1.27689144875209
S,TCG,-1.3833383513003599
S,TCC,-0.938392917191982
T,ACG,-0.8656787251909619
T,ACC,-1.1732330873251
V,GTG,-2.71204684884548
V,GTC,-0.354751894420385
Y,TAC,-1.08667364342213
Z,AGC,-1.1250679236412
