AA,Codon,Mean
A,GCG,0.27403693572282495
A,GCC,0.274238304985563
C,TGC,0.317696698242426
D,GAC,-0.0716347126724819
E,GAG,-0.247768271751205
F,TTC,-0.241358403288325
G,GGG,0.8393315956254771
G,GGC,0.735432201707363
H,CAC,-0.213392833041151
I,ATC,0.0453860209108641
K,AAG,-0.455151330723365
L,CTC,0.2720771803498271
L,TTG,-0.145509010883172
N,AAC,-0.247608285135031
P,CCG,1.2711847228874775
P,CCC,0.495751955411832
Q,CAG,0.333376396207015
R,AGG,0.9373920080403491
R,CGG,-0.13270636662641988
R,CGC,0.746339561522007
S,TCG,0.023583489382267064
S,TCC,0.199000468032559
T,ACG,0.23573332850138295
T,ACC,0.123403007082641
V,GTG,-0.168887986073891
V,GTC,0.0571719093075643
Y,TAC,-0.261480516723792
Z,AGC,0.15856451398929
