AA,Codon,Mean
A,GCG,1.6414842672248697
A,GCC,0.601316920626163
C,TGC,1.69549839184284
D,GAC,0.863963368248939
E,GAG,0.952972338541349
F,TTC,-0.0343354583342938
G,GGG,0.6516160607099601
G,GGC,2.52424452776909
H,CAC,0.626683103803794
I,ATC,0.102396284548442
K,AAG,-0.184139645461241
L,CTG,0.33251297321320017
L,CTC,1.1707637240489301
L,TTG,-0.408135206496716
N,AAC,0.140624611178537
P,CCG,2.448216345453258
P,CCC,1.88023733666738
Q,CAG,1.7704357584397
R,AGG,2.4449563048635374
R,CGG,-0.8188485335588499
R,CGC,2.35660810865561
S,TCG,1.4108505675391843
S,TCC,0.47149107708931
T,ACG,1.341216035960119
T,ACC,0.60969845354557
V,GTG,-2.593775504793725
V,GTC,0.391526623646418
Y,TAC,-0.558163434906801
Z,AGC,1.59958904296557
