AA,Codon,Mean
A,GCG,1.3056629215657711
A,GCC,0.581071746877829
C,TGC,0.987771762581666
D,GAC,0.963628766111533
E,GAG,0.598575520857175
F,TTC,0.214879988874992
G,GGG,0.41504159369568
G,GGC,1.59584376521111
H,CAC,1.03844988993009
I,ATC,0.293438683299224
K,AAG,0.412751541348298
L,CTG,0.13276549316247999
L,CTC,0.81800432352225
L,TTG,-0.234209349132578
N,AAC,0.670762576512496
P,CCG,1.252772016574939
P,CCC,0.653466880734762
Q,CAG,0.88150275178353
R,AGG,1.092539706460633
R,CGG,0.15867523971597297
R,CGC,1.25661823515892
S,TCG,0.958157534988722
S,TCC,0.523231306234995
T,ACG,0.920656433096528
T,ACC,0.582318232838313
V,GTG,-1.043123770521084
V,GTC,0.526029229036967
Y,TAC,-0.135078325678408
Z,AGC,1.3817533838431
