AA,Codon,Mean
A,GCG,0.22541841862400397
A,GCC,0.0579266028200587
C,TGC,0.364142938782771
D,GAC,-0.0571892829899987
E,GAG,0.287457942901055
F,TTC,-0.169151979791125
G,GGG,0.322873255379995
G,GGC,0.383177442872524
H,CAC,-0.275242597577969
I,ATC,-0.0245567198715483
K,AAG,-0.35224326205651
L,CTG,-0.011093887513876022
L,CTC,0.22379142551024706
L,TTG,0.00929218630625064
N,AAC,-0.302705479375521
P,CCG,0.8010511569718519
P,CCC,0.985675064309438
Q,CAG,0.609357810048262
R,AGG,1.146512555111448
R,CGG,-0.9945197353204049
R,CGC,1.02242874893347
S,TCG,0.291913778923949
S,TCC,-0.0158218142602307
T,ACG,0.25653739490111704
T,ACC,-0.0499313926627239
V,GTG,-1.130224603001275
V,GTC,0.0154547697419436
Y,TAC,-0.207284572020173
Z,AGC,-0.0644629858942702
