AA,Codon,Mean
A,GCG,0.30232116283865834
A,GCC,0.480192571181059
C,TGC,0.314764575413863
D,GAC,0.35705602012078
E,GAG,0.347628412292401
F,TTC,0.718709830268224
G,GGG,0.804453959439198
G,GGC,-0.0590793713704372
H,CAC,0.904511573370298
I,ATC,0.389058334889015
K,AAG,0.491234849192699
L,CTG,-0.2410181686113662
L,CTC,0.44129167884190906
L,TTG,-0.142976613204678
N,AAC,0.567231963034471
P,CCG,0.10662455880244501
P,CCC,0.737140292664369
Q,CAG,0.0576305140624744
R,AGG,0.685034422441116
R,CGG,0.2941469826420121
R,CGC,-0.11088190599978
S,TCG,-0.046662014525146504
S,TCC,0.642211033713818
T,ACG,0.2504585949228187
T,ACC,0.582101827307542
V,GTG,-0.3199856620541197
V,GTC,0.241472630899151
Y,TAC,0.689328364090125
Z,AGC,0.290597797939181
