AA,Codon,Mean
A,GCG,-0.006325611472129011
A,GCC,0.0637398057080805
C,TGC,-0.221479419667522
D,GAC,-0.01162697320548
E,GAG,-0.253789922644695
F,TTC,-0.350728684870402
G,GGG,0.46834556307991404
G,GGC,0.18347836458683
H,CAC,-0.190082098917166
I,ATC,-0.0367206607972582
K,AAG,-0.484407117015123
L,CTG,-0.209357261614502
L,CTC,0.003970029864709013
L,TTG,-0.384736933328708
N,AAC,-0.230186501347025
P,CCG,0.020971386871735942
P,CCC,0.0192632446584538
Q,CAG,-0.309302224687735
R,AGG,0.429813806529845
R,CGG,0.17447533766825996
R,CGC,0.260073638201753
S,TCG,-0.186320130308469
S,TCC,-0.0426245278730989
T,ACG,-0.030467737656831972
T,ACC,-0.0188492550969817
V,GTG,-0.04603490337530797
V,GTC,0.00472686458136883
Y,TAC,-0.264175833520293
Z,AGC,-0.155151817171276
