AA,Codon,Mean
A,GCG,0.519243243441979
A,GCC,0.759177920277913
C,TGC,0.449397461879253
D,GAC,0.698373692393303
E,GAG,0.599005004938444
F,TTC,0.922720347038905
G,GGG,0.853405172214905
G,GGC,0.15387221271346
H,CAC,1.08730422400633
I,ATC,0.610872865509987
K,AAG,0.554202113642295
L,CTG,-0.022678019592165977
L,CTC,0.7044295466899919
L,TTG,0.0722161884156366
N,AAC,0.900714202773571
P,CCG,0.30647545004976
P,CCC,1.00920803067684
Q,CAG,0.305924483950933
R,AGG,0.6928049070765729
R,CGG,0.494406412963071
R,CGC,0.0792739198913177
S,TCG,0.3173031585675668
S,TCC,0.894301424678167
T,ACG,0.48573069861431906
T,ACC,0.831812755044301
V,GTG,-0.129380912020803
V,GTC,0.52547598807017
Y,TAC,0.945702148779233
Z,AGC,0.481474025702476
