AA,Codon,Mean
A,GCG,-0.3749008622510655
A,GCC,-0.419412746955951
C,TGC,-0.240076809611917
D,GAC,-0.546799062033494
E,GAG,-0.481318970775604
F,TTC,-0.326567447137833
G,GGG,-0.2483526396490632
G,GGC,-0.366091233634949
H,CAC,-0.507829944948355
I,ATC,-0.443796192808946
K,AAG,-0.451090212957064
L,CTG,-0.4961899383250186
L,CTC,-0.4285119579751192
L,TTG,-0.526618304610252
N,AAC,-0.565815137374401
P,CCG,-0.3037166174879914
P,CCC,-0.233342410859466
Q,CAG,-0.573955320040385
R,AGG,0.0809416640905038
R,CGG,-0.5534022786686821
R,CGC,-0.33370802586476
S,TCG,-0.661359896855553
S,TCC,-0.350441909021139
T,ACG,-0.363881887906527
T,ACC,-0.446453012875716
V,GTG,-0.5391724209929958
V,GTC,-0.364875135525068
Y,TAC,-0.528020872078339
Z,AGC,-0.415980197316408
