AA,Codon,Mean
A,GCG,1.10757531895439
A,GCC,0.995937950305144
C,TGC,0.402415901007255
D,GAC,0.931680811329683
E,GAG,0.43914012358586
F,TTC,0.579954425338904
G,GGG,1.1635175755540499
G,GGC,0.817148549056053
H,CAC,0.861764890972773
I,ATC,0.805078396900495
K,AAG,0.400349154321353
L,CTG,0.11153995458682309
L,CTC,0.903962624588609
L,TTG,-0.204016085767746
N,AAC,0.646111209817727
P,CCG,1.159315120168027
P,CCC,1.17942225794792
Q,CAG,0.44827658187151
R,AGG,1.1588842298070552
R,CGG,1.045361894887685
R,CGC,0.621124605345726
S,TCG,1.0117692491072632
S,TCC,0.915168095652262
T,ACG,1.1345735862412034
T,ACC,0.87898081663847
V,GTG,-0.08975492597818302
V,GTC,0.959351723941167
Y,TAC,0.562373595897357
Z,AGC,0.443868596021334
