AA,Codon,Mean
A,GCG,0.11517427382866596
A,GCC,0.0447563703065117
C,TGC,0.169332497834166
D,GAC,-0.202204646415512
E,GAG,0.420127618511518
F,TTC,-0.458798972519239
G,GGG,-0.1204897553761839
G,GGC,0.260366414275765
H,CAC,-0.435586090904474
I,ATC,-0.19218819600443
K,AAG,-0.41739203598698
L,CTG,0.3884310420858367
L,CTC,0.34045015821481706
L,TTG,0.124768287201722
N,AAC,-0.600259786558151
P,CCG,0.66457948367397
P,CCC,0.567064707010984
Q,CAG,0.461755290462573
R,AGG,0.6467131724773233
R,CGG,0.2781042442878001
R,CGC,0.346578401807944
S,TCG,0.283057372311751
S,TCC,-0.0218277423896206
T,ACG,0.285913156108061
T,ACC,-0.0831952993099888
V,GTG,-0.015857803257306013
V,GTC,-0.0866459865863125
Y,TAC,-0.647679486211141
Z,AGC,-0.107973690781494
