AA,Codon,Mean
A,GCG,1.4864029193997381
A,GCC,0.983551693586508
C,TGC,1.23824926803112
D,GAC,1.50866166030566
E,GAG,0.751843554989497
F,TTC,0.660588521679242
G,GGG,0.693087942424417
G,GGC,1.5263173973004
H,CAC,1.63865137812297
I,ATC,0.928507064270973
K,AAG,0.745028242929777
L,CTG,0.451895435178279
L,CTC,1.167787019586558
L,TTG,0.63696055898269
N,AAC,1.45609913167953
P,CCG,1.262045507216454
P,CCC,1.06585451209545
Q,CAG,0.920576961946487
R,AGG,1.0028206621110438
R,CGG,0.9177889924856261
R,CGC,1.68026994834741
S,TCG,1.088590542175373
S,TCC,0.785406345657508
T,ACG,1.356937402141094
T,ACC,0.989620941066742
V,GTG,0.736955649363994
V,GTC,1.00603997644981
Y,TAC,1.4184734499534
Z,AGC,1.3806740739584
