AA,Codon,Mean
A,GCG,1.8252940401037532
A,GCC,1.22655522791545
C,TGC,1.96815463129679
D,GAC,2.00043669124444
E,GAG,1.15947461412748
F,TTC,0.503288675111532
G,GGG,0.4586443912664999
G,GGC,2.31522158756256
H,CAC,2.12048520658811
I,ATC,1.02797834061782
K,AAG,0.864092197668552
L,CTG,0.853005736013252
L,CTC,1.7479342901666999
L,TTG,1.02408510214885
N,AAC,1.82405759029388
P,CCG,1.8285865485310602
P,CCC,1.39450982025464
Q,CAG,1.56257005443573
R,AGG,1.608418279915052
R,CGG,1.1435184815088901
R,CGC,2.60979504941305
S,TCG,1.514347610493501
S,TCC,0.885593628100554
T,ACG,1.781285875292619
T,ACC,1.29598383863767
V,GTG,1.061789134414989
V,GTC,1.04509426122506
Y,TAC,1.7808010713021
Z,AGC,2.01629063425064
