AA,Codon,Mean
A,GCG,1.2567754523634909
A,GCC,-0.229038652108113
C,TGC,-0.00295141956101302
D,GAC,0.210334846170743
E,GAG,0.0917005749848982
F,TTC,0.0344209981577374
G,GGG,0.22460128165582802
G,GGC,-0.429921479250987
H,CAC,0.278886372169852
I,ATC,-0.102988853017489
K,AAG,0.0780975455261767
L,CTC,-0.049337924092014984
L,TTG,-0.922533599809806
N,AAC,0.185889036541184
P,CCG,0.04984327591707299
P,CCC,-0.106693548238774
Q,CAG,-0.277060485168298
R,AGG,0.12510720880627596
R,CGG,-0.325500636098782
R,CGC,-0.31719119404753
S,TCG,-0.0770375195152588
S,TCC,-0.123361232337356
T,ACG,0.05623107520782477
T,ACC,-0.160046923703452
V,GTG,-1.243255008216698
V,GTC,0.116345808359981
Y,TAC,-0.0934342134654522
Z,AGC,0.0666982141188035
