AA,Codon,Mean
A,GCG,0.11399494125843102
A,GCC,0.0505056113516291
C,TGC,0.182979830407103
D,GAC,-0.259595213626822
E,GAG,-0.243631000872453
F,TTC,-0.271935549260179
G,GGG,0.634918398218353
G,GGC,0.333100332272053
H,CAC,-0.454380311789115
I,ATC,-0.0473071949165314
K,AAG,-0.500994608674447
L,CTC,0.08845107644399003
L,TTG,-0.467979156905413
N,AAC,-0.466760289510091
P,CCG,0.719399410511926
P,CCC,0.208886637863517
Q,CAG,0.115082041546702
R,AGG,0.743426701587439
R,CGG,-0.7022032146771789
R,CGC,0.425439235073328
S,TCG,-0.366229792750875
S,TCC,-0.00309214034319341
T,ACG,-0.038595220160484
T,ACC,-0.0922426980902751
V,GTG,-0.48026939252317
V,GTC,-0.0393933897634347
Y,TAC,-0.474018258810043
Z,AGC,-0.117516895886262
