AA,Codon,Mean
A,GCG,0.5791205741802903
A,GCC,-0.311024388770262
C,TGC,-0.210378229251504
D,GAC,-0.624489476799965
E,GAG,0.0999089173448583
F,TTC,-0.980712323455016
G,GGG,1.3494146613279998
G,GGC,0.338977848651012
H,CAC,-0.873334628538291
I,ATC,-0.503234818035364
K,AAG,-0.53768969827493
L,CTG,-0.10526437444289594
L,CTC,-0.649387659432491
L,TTG,-0.804821376911799
N,AAC,-0.953271412352721
P,CCG,0.1678343023776998
P,CCC,-0.568709071111679
Q,CAG,0.339873476564884
R,AGG,1.412516960271201
R,CGG,0.9251665195623999
R,CGC,0.523886045300961
S,TCG,-0.08804474260806594
S,TCC,-0.569808708675702
T,ACG,0.5265895210742999
T,ACC,-0.60786935911576
V,GTG,0.3121575409889231
V,GTC,-0.779360270329316
Y,TAC,-1.02677317599058
Z,AGC,-0.547839552013079
