AA,Codon,Mean
A,GCG,0.34332717992166706
A,GCC,0.974197910094261
C,TGC,0.370638905364275
D,GAC,0.793673399150372
E,GAG,0.332293473060926
F,TTC,1.15661621400515
G,GGG,0.13257373577754006
G,GGC,-0.204702902014057
H,CAC,1.14607077289422
I,ATC,0.905706788825989
K,AAG,0.462566377204657
L,CTG,-0.455554012444002
L,CTC,0.692263478704295
L,TTG,0.00692350804577789
N,AAC,0.914578269581
P,CCG,0.781862000577858
P,CCC,1.27571005018552
Q,CAG,-0.107537432619681
R,AGG,0.1712608186086002
R,CGG,0.1751769249677697
R,CGC,-0.289124353568753
S,TCG,0.5551733822785839
S,TCC,1.28910606416861
T,ACG,0.11174550956686391
T,ACC,1.11634120489756
V,GTG,-0.37951575131308374
V,GTC,1.07501516288916
Y,TAC,1.10070689799786
Z,AGC,0.458868944605192
