AA,Codon,Mean
A,GCG,1.500926279278597
A,GCC,0.785528133781751
C,TGC,0.871114631040891
D,GAC,0.9169550431331
E,GAG,0.527939644642671
F,TTC,0.479456587123871
G,GGG,0.7711924259960651
G,GGC,0.956887482392788
H,CAC,1.00027803954681
I,ATC,0.428390708186229
K,AAG,0.811312690552076
L,CTC,0.5611680216709698
L,TTG,-0.233353873438636
N,AAC,0.968673826042811
P,CCG,1.281295549154281
P,CCC,0.54918134303689
Q,CAG,1.24320451501211
R,AGG,1.07196168928941
R,CGG,1.542937536508843
R,CGC,0.990993705197175
S,TCG,0.949755215046803
S,TCC,0.506896192961931
T,ACG,1.068874316511055
T,ACC,0.588139954610666
V,GTG,-0.2872457112049065
V,GTC,0.622390507332484
Y,TAC,0.653440913407008
Z,AGC,1.03554538984299
