AA,Codon,Mean
A,GCG,0.20854526060620904
A,GCC,0.0844554143642386
C,TGC,0.428173983834187
D,GAC,-0.0398664027000467
E,GAG,0.40695930527846
F,TTC,-0.126271091454724
G,GGG,0.301513754214843
G,GGC,0.52649571125706
H,CAC,-0.163334509976705
I,ATC,0.00572130966736214
K,AAG,0.203089472954472
L,CTC,0.10737924874524296
L,TTG,0.073249722960343
N,AAC,-0.16665474511385
P,CCG,0.742898530075947
P,CCC,0.340038295972347
Q,CAG,0.502418785949548
R,AGG,0.7367987233360609
R,CGG,0.34707409302394
R,CGC,0.741129693996906
S,TCG,0.4424027387085673
S,TCC,0.0393327552067737
T,ACG,0.446430991037687
T,ACC,-0.0205346157657797
V,GTG,0.35285816877683
V,GTC,0.0134603472467454
Y,TAC,-0.19579057314992
Z,AGC,0.137415044620633
