AA,Codon,Mean
A,GCG,0.139762899931272
A,GCC,0.0503566436037421
C,TGC,0.298892160222928
D,GAC,-0.167170577870806
E,GAG,0.0109513251175283
F,TTC,-0.255704346614083
G,GGG,0.040122767225901024
G,GGC,0.357371856939793
H,CAC,-0.30925021131436
I,ATC,-0.13289005950292
K,AAG,-0.303313755931457
L,CTG,0.15621590722203302
L,CTC,0.11844879304766703
L,TTG,-0.470991124119361
N,AAC,-0.401498921545347
P,CCG,0.729234297049045
P,CCC,0.213458058995008
Q,CAG,0.115731821664174
R,AGG,0.477658752315793
R,CGG,-0.716418774918716
R,CGC,0.373737749240796
S,TCG,-0.16431880841155902
S,TCC,-0.0343919990128527
T,ACG,-0.026158483066161975
T,ACC,-0.0747377209536731
V,GTG,-0.34815356559256694
V,GTC,-0.0808176865711808
Y,TAC,-0.348294492034117
Z,AGC,-0.0446979800278321
