AA,Codon,Mean
A,GCG,0.4441236379645916
A,GCC,0.202752242310842
C,TGC,-0.0857972427725792
D,GAC,0.298861792939901
E,GAG,-0.00973656647542659
F,TTC,0.122278895191848
G,GGG,0.30966940928421194
G,GGC,0.0983084228048722
H,CAC,0.343882418010632
I,ATC,0.14940214703083
K,AAG,-0.0531931060088177
L,CTG,-0.5759396625141304
L,CTC,0.134318029655019
L,TTG,-0.427733284477393
N,AAC,0.140191622535388
P,CCG,0.2597858896242453
P,CCC,0.207728430287043
Q,CAG,-0.191658115533988
R,AGG,0.16262688468694309
R,CGG,0.35952895576686295
R,CGC,0.131806487181783
S,TCG,0.1521462804726015
S,TCC,0.312150031967958
T,ACG,0.3370751788822316
T,ACC,0.227615127237638
V,GTG,-0.3520637820264341
V,GTC,0.249239307136337
Y,TAC,-0.121417745179435
Z,AGC,-0.0199008179763133
