AA,Codon,Mean
A,GCG,2.1485115885699901e-4
A,GCC,-0.019840140307943
C,TGC,0.0773757124863565
D,GAC,-0.152562439810236
E,GAG,0.0246014165492728
F,TTC,-0.21127468470037
G,GGG,0.202315601156155
G,GGC,0.235679147289197
H,CAC,-0.239529055757324
I,ATC,-0.094592288809518
K,AAG,-0.250169257293145
L,CTG,0.2911746892218792
L,CTC,0.020520175848404987
L,TTG,-0.442834030338128
N,AAC,-0.319332429693143
P,CCG,0.7411962061412636
P,CCC,0.214785714710752
Q,CAG,0.0167341607992392
R,AGG,0.5390679061149556
R,CGG,-0.582353200753531
R,CGC,0.347167154741287
S,TCG,-0.184317040850718
S,TCC,-4.1649657406569e-4
T,ACG,0.06443650507926896
T,ACC,-0.0477487438411762
V,GTG,-0.271797193303705
V,GTC,-0.043856769492353
Y,TAC,-0.320223125259082
Z,AGC,-0.0947401400397221
