AA,Codon,Mean
A,GCG,0.366751590717335
A,GCC,-0.0211433576914496
C,TGC,-0.159576567604641
D,GAC,-0.162340138825277
E,GAG,0.306850875562429
F,TTC,-0.0405405053848216
G,GGG,0.4441280084734162
G,GGC,-0.197968317050735
H,CAC,0.0189572632513822
I,ATC,-0.0985810056686401
K,AAG,0.371664460684856
L,CTG,-0.9473293912721173
L,CTC,0.061847675899665
L,TTG,-1.20269506993294
N,AAC,-0.256910395125548
P,CCG,0.015446596602599005
P,CCC,-0.108778342866649
Q,CAG,0.00392253798420647
R,AGG,0.814997487729788
R,CGG,0.02648082501537759
R,CGC,-0.198822461893161
S,TCG,-0.3195454897185166
S,TCC,0.0562813860550746
T,ACG,0.012802891006072015
T,ACC,-0.170506485959888
V,GTG,-0.838889684851965
V,GTC,0.153162668769558
Y,TAC,-0.430599847622712
Z,AGC,-0.274830575652917
