AA,Codon,Mean
A,GCG,0.550967914338907
A,GCC,0.322825763668617
C,TGC,-0.0845819120450566
D,GAC,0.227819361315171
E,GAG,0.372725028157234
F,TTC,0.164096691036224
G,GGG,0.5566656619906424
G,GGC,0.0676310462561746
H,CAC,0.390667617775997
I,ATC,0.215975289823612
K,AAG,0.388605320394039
L,CTG,-0.5816209486921631
L,CTC,0.30353679482738205
L,TTG,-0.677712300308545
N,AAC,0.198350221233567
P,CCG,0.281818035430958
P,CCC,0.240452948592107
Q,CAG,0.269184958522519
R,AGG,0.482800317211946
R,CGG,0.56414918251584
R,CGC,-0.111660313057899
S,TCG,0.1982074428175524
S,TCC,0.349491975780328
T,ACG,0.376532493530711
T,ACC,0.190897095200419
V,GTG,-0.385103805233538
V,GTC,0.336648578466972
Y,TAC,-0.0519886650220181
Z,AGC,-0.0837289728917181
