AA,Codon,Mean
A,GCG,-0.21611690916220305
A,GCC,-0.0908295633370678
C,TGC,0.0694827646779517
D,GAC,-0.490257863491774
E,GAG,0.0089163325567835
F,TTC,-0.699450891053677
G,GGG,-0.34617067080338804
G,GGC,0.138071161367496
H,CAC,-0.559940638480584
I,ATC,-0.440382611240943
K,AAG,-0.523963385474682
L,CTG,-0.33000551124364197
L,CTC,-0.45347200407981897
L,TTG,-0.310369434994459
N,AAC,-0.722035893515746
P,CCG,0.35873233807461974
P,CCC,-0.0335994603585335
Q,CAG,0.125396986152728
R,AGG,0.44825695249649367
R,CGG,-0.516856349372859
R,CGC,0.231659296286106
S,TCG,-0.44310567705084913
S,TCC,-0.245455623940627
T,ACG,-0.3921686822157196
T,ACC,-0.306930749495824
V,GTG,-0.544655545953413
V,GTC,-0.386590050884088
Y,TAC,-0.665623101258278
Z,AGC,-0.366928991715113
