AA,Codon,Mean
A,GCG,1.59831566042701
A,GCC,0.640981077349186
C,TGC,1.04888899304867
D,GAC,1.27510901575089
E,GAG,0.914284479836623
F,TTC,0.965779926725229
G,GGG,0.9015690195125572
G,GGC,1.10253373661041
H,CAC,1.39368718263308
I,ATC,1.07203295703729
K,AAG,0.765616338090102
L,CTG,0.674136298682297
L,CTC,1.1149122213462968
L,TTG,0.494671124098698
N,AAC,1.27934031661352
P,CCG,1.264456044814489
P,CCC,0.920149354171753
Q,CAG,0.921140781748295
R,AGG,0.925467957133058
R,CGG,1.121776234226364
R,CGC,1.25904114324252
S,TCG,1.177174818952878
S,TCC,0.833931675648689
T,ACG,1.340232263663416
T,ACC,0.87936038441658
V,GTG,0.5964346326846283
V,GTC,1.03053473660946
Y,TAC,1.24177379460335
Z,AGC,1.06660593523582
