AA,Codon,Mean
A,GCG,0.07156851087411198
A,GCC,0.120556701439619
C,TGC,0.550474172983567
D,GAC,-0.0991337222908934
E,GAG,0.52978895414869
F,TTC,-0.255332448095083
G,GGG,0.47828972329695996
G,GGC,0.666619201914469
H,CAC,-0.325063958915075
I,ATC,-0.0409908427154024
K,AAG,-0.283953074977795
L,CTC,0.14402968020041795
L,TTG,-0.0642099781170487
N,AAC,-0.342414227322737
P,CCG,0.771793688545625
P,CCC,0.76391006471316
Q,CAG,0.604329117576281
R,AGG,0.798705688728889
R,CGG,-0.4820407229502899
R,CGC,0.929744133373102
S,TCG,0.15632633126179396
S,TCC,0.106111892038584
T,ACG,0.20200054395993605
T,ACC,0.00414984165587657
V,GTG,0.01146626836061504
V,GTC,0.00156712472947789
Y,TAC,-0.341619790269931
Z,AGC,0.12200231826057
