AA,Codon,Mean
A,GCG,1.6510361371954239
A,GCC,0.651493252535661
C,TGC,0.775235779150327
D,GAC,0.939419255181154
E,GAG,0.562856778065364
F,TTC,0.435332597208023
G,GGG,0.466464982411265
G,GGC,0.840171465742588
H,CAC,0.820246948289871
I,ATC,0.61048240985473
K,AAG,0.591762823820114
L,CTC,0.7195907263266076
L,TTG,0.0325081792201536
N,AAC,0.809573215691249
P,CCG,0.8723849727721269
P,CCC,0.522602202542623
Q,CAG,0.574958517400424
R,AGG,0.726299050229785
R,CGG,0.4444334200252567
R,CGC,0.995289472075303
S,TCG,0.88566149276942
S,TCC,0.65372099634409
T,ACG,0.769007108532886
T,ACC,0.53628100019296
V,GTG,0.0823399542505798
V,GTC,0.97232423820893
Y,TAC,0.592491768888632
Z,AGC,0.81897511428992
