AA,Codon,Mean
A,GCG,0.8072371358712502
A,GCC,0.423693510989348
C,TGC,0.799901215525468
D,GAC,0.0443615757255505
E,GAG,0.750600736184915
F,TTC,-0.0841520565177004
G,GGG,1.06488883445263
G,GGC,0.902081829134623
H,CAC,-0.114187166373432
I,ATC,0.212092498699824
K,AAG,0.0626414226310949
L,CTC,0.520119035814205
L,TTG,-0.0983035132790605
N,AAC,-0.140603341302772
P,CCG,1.5790529520491718
P,CCC,1.41127117253939
Q,CAG,0.813889288512866
R,AGG,1.485124696542815
R,CGG,1.0318533670186998
R,CGC,1.33954957925479
S,TCG,0.5763906677762679
S,TCC,0.317537449489037
T,ACG,0.7904537747939402
T,ACC,0.219717699738344
V,GTG,0.004994558962190032
V,GTC,0.27546940243740897
Y,TAC,-0.0676408226391921
Z,AGC,0.352674213459094
