AA,Codon,Mean
A,GCG,-0.891938918244841
A,GCC,-1.44531743609111
C,TGC,-1.64268814994494
D,GAC,-1.28053988856475
E,GAG,-1.4456149220705
F,TTC,-0.189338410918911
G,GGG,-1.192132580538593
G,GGC,-2.04885077725252
H,CAC,-1.23617433304787
I,ATC,-0.713453377377987
K,AAG,-1.2227442073822
L,CTC,-1.447871617158254
L,TTG,-1.99087620355288
N,AAC,-1.03923227490187
P,CCG,-1.4697718234005237
P,CCC,-1.37450839212735
Q,CAG,-1.79049151924451
R,AGG,-0.44622759249210997
R,CGG,-1.779124341766039
R,CGC,-2.42157389065425
S,TCG,-1.401951252460481
S,TCC,-1.20262082178593
T,ACG,-1.180161327664057
T,ACC,-1.36476434942087
V,GTG,-1.949571854193883
V,GTC,-1.15811929893494
Y,TAC,-1.40843732727369
Z,AGC,-1.60637915724913
