AA,Codon,Mean
A,GCG,0.26285590284069404
A,GCC,-0.2676896443367
C,TGC,-0.74382064391772
D,GAC,-0.0798589345186949
E,GAG,-0.231276798654596
F,TTC,0.448504471286138
G,GGG,-0.146637662637234
G,GGC,-0.89755399573644
H,CAC,-0.0265412824989246
I,ATC,0.184436644887924
K,AAG,-0.0130504224339044
L,CTC,-0.19201224077542606
L,TTG,-0.860934065965811
N,AAC,-0.0383146833218634
P,CCG,-0.2377769827450315
P,CCC,-0.0852727410762423
Q,CAG,-0.5214601050059
R,AGG,0.04692813753287006
R,CGG,-0.560976934484646
R,CGC,-1.09285228186448
S,TCG,-0.03852914945284602
S,TCC,-0.0558888682428127
T,ACG,-0.040587304039796046
T,ACC,-0.206341304630041
V,GTG,-0.929759774913391
V,GTC,0.0209708912243608
Y,TAC,-0.281255184785525
Z,AGC,-0.655012988964717
