AA,Codon,Mean
A,GCG,0.11704638887246499
A,GCC,0.0158386122201851
C,TGC,0.584578388208151
D,GAC,-0.153978613696992
E,GAG,0.242342399260402
F,TTC,-0.405515531867743
G,GGG,0.06293059003352997
G,GGC,0.483728311123451
H,CAC,-0.319232263445854
I,ATC,-0.169701386968295
K,AAG,-0.299917241154114
L,CTG,0.4323725961056844
L,CTC,0.6545339699029891
L,TTG,0.112506100692352
N,AAC,-0.410288680964708
P,CCG,0.959750577894847
P,CCC,0.923416710249583
Q,CAG,0.502886380585035
R,AGG,0.783428536066858
R,CGG,-0.15831353840033002
R,CGC,0.629303211996953
S,TCG,0.028177983689308017
S,TCC,-0.0566182333946228
T,ACG,0.08132307857672405
T,ACC,-0.0928045451670885
V,GTG,-0.10966696042815804
V,GTC,-0.104282596637309
Y,TAC,-0.406999003656705
Z,AGC,-0.0378274099824523
