AA,Codon,Mean
A,GCG,1.857700080611309
A,GCC,1.2382448617061
C,TGC,1.04440253221194
D,GAC,1.50647755022844
E,GAG,0.955290930422147
F,TTC,1.10839729962349
G,GGG,0.7771618154724449
G,GGC,1.57846282175382
H,CAC,1.60945539981524
I,ATC,1.26690743293762
K,AAG,1.07403656256994
L,CTG,0.599238408931096
L,CTC,1.23774888726075
L,TTG,0.62211442630291
N,AAC,1.38416479241848
P,CCG,1.671816267402965
P,CCC,1.33603302004337
Q,CAG,1.07311878484885
R,AGG,0.935212527525423
R,CGG,1.0382582580520912
R,CGC,1.76945087091923
S,TCG,1.340534888468182
S,TCC,1.15900922162533
T,ACG,1.482387498405575
T,ACC,1.25849995947679
V,GTG,0.5174701550106211
V,GTC,1.31337009084225
Y,TAC,1.23079243775209
Z,AGC,1.17524635302226
