AA,Codon,Mean
A,GCG,0.5684993128856031
A,GCC,0.0471180748172104
C,TGC,1.21809221278826
D,GAC,-0.122173137542605
E,GAG,1.07983545026779
F,TTC,-0.571410040835539
G,GGG,0.33258055373828
G,GGC,0.710453177448114
H,CAC,-0.289408699907859
I,ATC,-0.212430642879009
K,AAG,-0.268962419255575
L,CTG,0.9521406532764451
L,CTC,1.3097937026441089
L,TTG,0.32314746918877
N,AAC,-0.415672835236788
P,CCG,1.398225338232517
P,CCC,1.29205191044013
Q,CAG,1.57446189856529
R,AGG,1.5344553917477068
R,CGG,0.06670973604519981
R,CGC,1.13869197653929
S,TCG,0.977629073741043
S,TCC,-0.0349714068838706
T,ACG,1.1136935634215661
T,ACC,-0.0939441350559394
V,GTG,0.736923381916679
V,GTC,-0.130761495090028
Y,TAC,-0.424501125828425
Z,AGC,0.288329946967959
