AA,Codon,Mean
A,GCG,1.946734049592411
A,GCC,1.44611074255308
C,TGC,1.07127128396432
D,GAC,2.08377898767789
E,GAG,0.875738991689682
F,TTC,1.29786819198926
G,GGG,0.738057796865702
G,GGC,1.58628856194019
H,CAC,2.08165607876778
I,ATC,1.58003136935234
K,AAG,1.24972995381355
L,CTG,0.5600615654190381
L,CTC,1.1228060388654477
L,TTG,1.1749482186079
N,AAC,2.0444102792422
P,CCG,1.926730922182404
P,CCC,1.22952299601237
Q,CAG,1.01238430906932
R,AGG,0.906781239978472
R,CGG,1.513773905765853
R,CGC,1.63329826642672
S,TCG,1.643087457601229
S,TCC,1.49033684089184
T,ACG,1.525814233231545
T,ACC,1.58120802543163
V,GTG,0.8056984896728766
V,GTC,1.50857253491879
Y,TAC,1.7974494017362601
Z,AGC,1.43030087955793
