AA,Codon,Mean
A,GCG,1.9179267188270839
A,GCC,0.452787984395027
C,TGC,1.09447635585864
D,GAC,1.8194475771904
E,GAG,1.27145315930843
F,TTC,1.38940103325049
G,GGG,1.563509058455626
G,GGC,0.611627190796534
H,CAC,1.33395234994094
I,ATC,1.53265599614779
K,AAG,1.17845445954005
L,CTC,1.789131307204569
L,TTG,0.376259859772523
N,AAC,1.80059610137145
P,CCG,1.1196330900756328
P,CCC,0.89369076111714
Q,CAG,0.769408479444186
R,AGG,0.9291085724304101
R,CGG,-0.006432675698400003
R,CGC,1.03011760165294
S,TCG,1.006106700536361
S,TCC,0.735356960018476
T,ACG,0.736694111650189
T,ACC,0.833849686539173
V,GTG,-0.8869902132396186
V,GTC,1.47332551137606
Y,TAC,1.17699836388429
Z,AGC,0.986967922619979
