AA,Codon,Mean
A,GCG,-0.486613238342603
A,GCC,-0.197763048867385
C,TGC,-0.458348943599065
D,GAC,-1.43272511188189
E,GAG,-1.2316320013841
F,TTC,-1.16230561953386
G,GGG,0.151823344683647
G,GGC,0.046422948042954
H,CAC,-1.36242770013014
I,ATC,-1.00698513910373
K,AAG,-1.37069112504323
L,CTC,-1.058418991893527
L,TTG,-1.4306792712609
N,AAC,-1.69027141930262
P,CCG,0.489372047455112
P,CCC,-0.171292807681859
Q,CAG,-0.375452441289028
R,AGG,0.9070441990335739
R,CGG,-0.587305360778172
R,CGC,-0.300721969640255
S,TCG,-0.918202554891666
S,TCC,-0.32899989276727
T,ACG,-0.301866644544402
T,ACC,-0.614492114488284
V,GTG,-0.601100962640345
V,GTC,-0.820522256652514
Y,TAC,-1.50793679096699
Z,AGC,-0.998551429458459
