AA,Codon,Mean
A,GCG,1.738216257397331
A,GCC,0.282242919819554
C,TGC,0.627501110903422
D,GAC,1.82093655896187
E,GAG,1.42042502628962
F,TTC,1.45203542335033
G,GGG,0.763248078915601
G,GGC,-0.0168588347409749
H,CAC,1.58774333326817
I,ATC,1.30707689184348
K,AAG,1.51924521706104
L,CTC,1.492480653263626
L,TTG,0.639835979449749
N,AAC,1.97870029652913
P,CCG,0.26784049599609416
P,CCC,0.477337919588884
Q,CAG,0.561733943996827
R,AGG,-0.0017327884356179712
R,CGG,0.507666815257069
R,CGC,0.387804113155603
S,TCG,1.10071263178587
S,TCC,0.561518903332949
T,ACG,0.6999035029123231
T,ACC,0.70596163071394
V,GTG,-0.6312775788570439
V,GTC,1.23877862466176
Y,TAC,1.356705671978
Z,AGC,0.875307343888283
