AA,Codon,Mean
A,GCG,1.04825449878375
A,GCC,0.0236385228126387
C,TGC,1.02968084040085
D,GAC,0.0549621146257967
E,GAG,1.02730814254681
F,TTC,-0.562942112779617
G,GGG,0.7453286280155202
G,GGC,1.08412903958956
H,CAC,-0.197027709632119
I,ATC,-0.102940768099328
K,AAG,-0.406257600196203
L,CTG,1.3228521603481278
L,CTC,1.8380242775162037
L,TTG,0.383828511085113
N,AAC,-0.304272446757555
P,CCG,1.381235725642245
P,CCC,1.8634843824625
Q,CAG,1.4774723689874
R,AGG,2.10405686235031
R,CGG,2.1369661534309397
R,CGC,1.73125073384444
S,TCG,1.111949788212776
S,TCC,-0.0618519223242998
T,ACG,1.3935324876785309
T,ACC,-0.0675169714565078
V,GTG,1.32593160737356
V,GTC,-0.024988566026641
Y,TAC,-0.347759774933259
Z,AGC,0.36510790742437
