AA,Codon,Mean
A,GCG,0.822518658051888
A,GCC,0.253586543305715
C,TGC,-0.387855413784583
D,GAC,0.180761865030726
E,GAG,-0.102517329700788
F,TTC,0.521516019258896
G,GGG,0.0010192504405980296
G,GGC,-0.148958836274842
H,CAC,0.100481914524237
I,ATC,0.247376296644409
K,AAG,0.308809061423937
L,CTG,-1.297050940352681
L,CTC,-0.09597139631708501
L,TTG,-1.01652051440477
N,AAC,-0.100414437647661
P,CCG,0.612774001105626
P,CCC,0.0758770215836994
Q,CAG,-0.414666895971696
R,AGG,0.62283413200378
R,CGG,-0.6251510708361829
R,CGC,0.00893057132457428
S,TCG,0.5428421803225696
S,TCC,0.371515056459109
T,ACG,0.8716306769917406
T,ACC,0.1447570201238
V,GTG,-0.938746021342278
V,GTC,0.694068621595701
Y,TAC,-0.222684309983253
Z,AGC,-0.488497554264466
