AA,Codon,Mean
A,GCG,0.27447087812821
A,GCC,-0.351619865431388
C,TGC,-0.196989080677927
D,GAC,-0.00674222630821865
E,GAG,-0.599677715921402
F,TTC,-0.669593513687452
G,GGG,0.15538216383457104
G,GGC,-0.646521636823813
H,CAC,-0.318522845235467
I,ATC,-0.736059978703658
K,AAG,-0.975753859158357
L,CTG,-1.0779228588635719
L,CTC,-0.8628429192993989
L,TTG,-1.46197365825971
N,AAC,-0.667823587997754
P,CCG,0.24615103297233598
P,CCC,-0.678032454518477
Q,CAG,-0.318605181843042
R,AGG,-0.04130857450167014
R,CGG,-0.18315484318335906
R,CGC,-0.906680052153269
S,TCG,0.25073175472418496
S,TCC,-0.379792462571462
T,ACG,-0.01616581282218299
T,ACC,-0.0337107481608023
V,GTG,-1.636630363170306
V,GTC,-0.195535914701223
Y,TAC,-0.558369835795959
Z,AGC,-0.429653163927794
