AA,Codon,Mean
A,GCG,0.14102551731566598
A,GCC,-0.817586836838722
C,TGC,-0.202625060803195
D,GAC,-0.702480782711506
E,GAG,-1.555742283686
F,TTC,-1.10876676720778
G,GGG,0.7008645220252339
G,GGC,-0.819711302081744
H,CAC,-1.23918578943412
I,ATC,-1.20033455002308
K,AAG,-1.85355655760765
L,CTG,-1.842847172530489
L,CTC,-1.581822407686461
L,TTG,-2.2947515296936
N,AAC,-1.52487373700142
P,CCG,0.48363395017683497
P,CCC,-0.444450465047359
Q,CAG,-1.38880321478844
R,AGG,0.685061406851812
R,CGG,-0.07270280890862102
R,CGC,-0.856658760563533
S,TCG,-0.427038293898106
S,TCC,-0.966165121269226
T,ACG,-0.20709881401062502
T,ACC,-0.490281016137203
V,GTG,-2.77101838111878
V,GTC,-0.55328169328173
Y,TAC,-1.25465420772235
Z,AGC,-0.713851180537542
