AA,Codon,Mean
A,GCG,0.848426289614039
A,GCC,0.352096753758192
C,TGC,0.431657357750336
D,GAC,-0.0496145533067485
E,GAG,-0.250199773875872
F,TTC,-0.152398638754586
G,GGG,1.16007746643226
G,GGC,0.855731936224302
H,CAC,-0.167790497973561
I,ATC,0.23952574086686
K,AAG,-0.549609326251348
L,CTG,-0.44857229852676994
L,CTC,0.42974854248166106
L,TTG,-0.917202261193593
N,AAC,-0.350033773436149
P,CCG,1.2643269008159639
P,CCC,1.53580216457844
Q,CAG,-0.466992554076513
R,AGG,1.5272590822065082
R,CGG,0.66178866375288
R,CGC,1.1215837749362
S,TCG,0.30302264908552
S,TCC,0.274612006859978
T,ACG,0.6648741107384409
T,ACC,0.0713654362093657
V,GTG,-0.32756921899318003
V,GTC,0.143908774967988
Y,TAC,-0.393143343186379
Z,AGC,0.349352811638514
