AA,Codon,Mean
A,GCG,1.865555186943217
A,GCC,0.917045210059484
C,TGC,0.539521510098378
D,GAC,1.01894664796591
E,GAG,0.613659434982141
F,TTC,0.538259303708871
G,GGG,0.8248214378227791
G,GGC,0.84288229247729
H,CAC,1.13675535470645
I,ATC,0.779863132313887
K,AAG,0.346532741194963
L,CTC,0.8705408241897801
L,TTG,0.139176748735706
N,AAC,0.806033326983452
P,CCG,1.2896620471798395
P,CCC,0.881861593925953
Q,CAG,0.505178734250863
R,AGG,0.651811963764827
R,CGG,0.887152190787593
R,CGC,0.871161759678523
S,TCG,1.134025023274123
S,TCC,0.988898266776403
T,ACG,1.106526936924457
T,ACC,0.910372804101308
V,GTG,0.21349302685459498
V,GTC,0.998631202010314
Y,TAC,0.793968679189682
Z,AGC,0.628880248117447
