AA,Codon,Mean
A,GCG,0.19550200185577105
A,GCC,0.0747871342246731
C,TGC,0.336490520848831
D,GAC,-0.0885035792435209
E,GAG,0.0814330975922445
F,TTC,-0.292231559429566
G,GGG,0.57318750478426606
G,GGC,0.365835805908839
H,CAC,-0.315978994182746
I,ATC,-0.112107754410803
K,AAG,-0.353095265823603
L,CTC,0.0014425696750479666
L,TTG,-0.167061415372292
N,AAC,-0.307811902821064
P,CCG,0.639870918688178
P,CCC,0.412725362205505
Q,CAG,0.282059243456523
R,AGG,0.48840860340732567
R,CGG,-0.31841086859703016
R,CGC,0.577458497303724
S,TCG,0.207420489149293
S,TCC,-0.0135555748151654
T,ACG,0.270773449750741
T,ACC,-0.1028166315039
V,GTG,-0.05465105819106103
V,GTC,-0.0493012878552079
Y,TAC,-0.334833260170619
Z,AGC,-0.01669014832073
