AA,Codon,Mean
A,GCG,1.843532235790292
A,GCC,0.989823638192813
C,TGC,0.79603413935105
D,GAC,1.0461742120266
E,GAG,0.658042253359159
F,TTC,0.396486585142215
G,GGG,1.1357259562449808
G,GGC,1.35477356921037
H,CAC,1.03559792312781
I,ATC,0.801440873463949
K,AAG,0.227173555097977
L,CTC,1.00740896974603
L,TTG,0.0389900297931841
N,AAC,0.684547058641911
P,CCG,1.76518259889757
P,CCC,1.1156633978049
Q,CAG,0.6317915249904
R,AGG,1.0103827063778992
R,CGG,0.7276016317347641
R,CGC,1.31567978460789
S,TCG,1.2351064969759191
S,TCC,1.01720819330215
T,ACG,1.2436868918377528
T,ACC,0.992194735999902
V,GTG,0.19015374866326606
V,GTC,1.05224342208306
Y,TAC,0.634861252550284
Z,AGC,0.863563939305147
