AA,Codon,Mean
A,GCG,-0.381517952789863
A,GCC,0.0282755710387913
C,TGC,0.28407674301366
D,GAC,-0.486978327341874
E,GAG,-0.448900010077159
F,TTC,-0.296979929840565
G,GGG,0.310806160823504
G,GGC,0.402628666267792
H,CAC,-0.792831537608306
I,ATC,-0.115523146391412
K,AAG,-0.670083396172524
L,CTC,0.08475862700541803
L,TTG,-1.02898284895023
N,AAC,-0.920231903251012
P,CCG,0.8440989819571371
P,CCC,0.207284555060665
Q,CAG,-0.359635616318385
R,AGG,1.15928086843888
R,CGG,-0.9338140039523449
R,CGC,0.572973540580273
S,TCG,-0.820686566478015
S,TCC,-0.0365999355032419
T,ACG,-0.371450921340784
T,ACC,-0.186668635606766
V,GTG,-1.100878759644926
V,GTC,-0.0393289303148786
Y,TAC,-0.818308767131964
Z,AGC,-0.182465554154913
