AA,Codon,Mean
A,GCG,0.7359386905352301
A,GCC,-0.492869781945149
C,TGC,-0.6292269851168
D,GAC,-0.357543304572503
E,GAG,-0.243341206485033
F,TTC,-0.414135879091422
G,GGG,0.006072822586695059
G,GGC,-0.906638966782888
H,CAC,-0.26165272021095
I,ATC,-0.385200778134664
K,AAG,-0.0189907877841256
L,CTC,-0.391487187379598
L,TTG,-1.44319435087045
N,AAC,-0.248056716161966
P,CCG,-0.33100823717415295
P,CCC,-0.253920503154397
Q,CAG,-0.323181998455524
R,AGG,0.137489399464925
R,CGG,-0.048201776651544015
R,CGC,-0.948043760466576
S,TCG,-0.40040005541543106
S,TCC,-0.159783365978797
T,ACG,0.013694300331672016
T,ACC,-0.437524995541573
V,GTG,-1.59811983902057
V,GTC,0.0129712129018353
Y,TAC,-0.65699599874417
Z,AGC,-0.454172919179996
