AA,Codon,Mean
A,GCG,1.9519724484086012
A,GCC,1.03499673863649
C,TGC,3.46531688505809
D,GAC,2.35105110227267
E,GAG,3.14109253349304
F,TTC,8.4553280958003e-4
G,GGG,0.01861040923595003
G,GGC,2.86288150556882
H,CAC,2.0712576963822
I,ATC,0.965033721486727
K,AAG,1.58579837132295
L,CTG,0.46916295106411
L,CTC,2.169614773890375
L,TTG,1.95644941077232
N,AAC,0.926189248538017
P,CCG,2.766642256035409
P,CCC,2.17067469095389
Q,CAG,3.18558780417442
R,AGG,2.802544964299596
R,CGG,0.7496143685340901
R,CGC,3.88525021654765
S,TCG,3.1260217728378827
S,TCC,1.31800364405314
T,ACG,2.39884789136648
T,ACC,1.22855328371525
V,GTG,0.4120310102939597
V,GTC,1.37924517974059
Y,TAC,1.30673611887296
Z,AGC,2.9718011194547
