AA,Codon,Mean
A,GCG,1.061181053826213
A,GCC,0.992875757753849
C,TGC,-0.565413037395477
D,GAC,0.379287363494436
E,GAG,-0.621366358802716
F,TTC,0.669964771632353
G,GGG,0.813473155006766
G,GGC,0.391230697179834
H,CAC,0.403326070695122
I,ATC,0.468323627938827
K,AAG,0.0131414766148952
L,CTG,0.429856033224861
L,CTC,0.06786105843682999
L,TTG,-0.619412596342961
N,AAC,0.835822247580687
P,CCG,0.958979634879033
P,CCC,0.218896808835162
Q,CAG,-0.3045223492528
R,AGG,-0.0898804357449201
R,CGG,0.41349462689459393
R,CGC,-0.75405449347496
S,TCG,0.47687267317672494
S,TCC,0.175148204915971
T,ACG,0.809803835066661
T,ACC,0.379349837039908
V,GTG,-0.1520941023181333
V,GTC,0.623777164121469
Y,TAC,0.686990386533737
Z,AGC,-0.553063051199913
