AA,Codon,Mean
A,GCG,1.024181476203601
A,GCC,0.496159135019779
C,TGC,0.0608968659927273
D,GAC,0.382862031126022
E,GAG,0.409032959169149
F,TTC,0.843892919389407
G,GGG,0.406459854022166
G,GGC,0.279271360950669
H,CAC,0.329971491636833
I,ATC,0.605590528337161
K,AAG,0.805240093394121
L,CTG,-0.2250738994677901
L,CTC,0.8024707266688309
L,TTG,-0.774736885662874
N,AAC,0.189217666051785
P,CCG,0.848531497288743
P,CCC,0.556952403354645
Q,CAG,0.392179451996088
R,AGG,0.89042166359425
R,CGG,0.1498664998520568
R,CGC,0.13008585437766
S,TCG,0.8194924951372046
S,TCC,0.681188733816147
T,ACG,0.929175580251216
T,ACC,0.460511167389154
V,GTG,-0.6893785796634072
V,GTC,0.983889717753728
Y,TAC,0.0505994482446462
Z,AGC,0.159803913301726
