AA,Codon,Mean
A,GCG,0.36248533232609503
A,GCC,0.0781260600383083
C,TGC,0.524738588688771
D,GAC,-0.0154651938696031
E,GAG,0.723890273197492
F,TTC,-0.249337364072601
G,GGG,-0.4137873961905639
G,GGC,0.838572616442045
H,CAC,-0.220321671126286
I,ATC,-0.0634597801963488
K,AAG,0.330612650865316
L,CTG,0.341389712987344
L,CTC,1.311120586927732
L,TTG,-0.452927276676893
N,AAC,-0.356089299960931
P,CCG,0.891014340150357
P,CCC,1.18579659463565
Q,CAG,0.686100936090946
R,AGG,1.42418118759791
R,CGG,-1.49847318647702
R,CGC,1.08496345432202
S,TCG,-0.06363252978920897
S,TCC,-0.00617727096136432
T,ACG,0.30669409129818304
T,ACC,-0.0463615665404747
V,GTG,-0.49530398808718
V,GTC,0.0100896840495641
Y,TAC,-0.284280895882845
Z,AGC,0.210719238463044
