AA,Codon,Mean
A,GCG,1.343701981496785
A,GCC,1.23090996510188
C,TGC,0.406691093236208
D,GAC,1.20926180185477
E,GAG,0.387532400093476
F,TTC,0.419098109634717
G,GGG,0.66352649940153
G,GGC,0.64580419563055
H,CAC,1.14441814153194
I,ATC,0.591930226163069
K,AAG,0.41896859661936797
L,CTG,0.254891555768251
L,CTC,0.49823980999588907
L,TTG,-0.0138910357222604
N,AAC,0.929749902514617
P,CCG,1.2442150468186985
P,CCC,0.718922708125909
Q,CAG,0.462381034936508
R,AGG,0.783492625097433
R,CGG,0.709227717515826
R,CGC,0.787372880236308
S,TCG,1.050105450406671
S,TCC,0.828654766774178
T,ACG,1.110458052322269
T,ACC,0.985941016503175
V,GTG,0.15583743080894202
V,GTC,1.02447331840595
Y,TAC,0.929066630335649
Z,AGC,0.496317631449302
