AA,Codon,Mean
A,GCG,0.11816963287989302
A,GCC,0.0497481498366843
C,TGC,0.539307989398638
D,GAC,-0.0264298685552475
E,GAG,0.398798010351261
F,TTC,-0.187717141610384
G,GGG,0.07851606551408807
G,GGC,0.510742371853193
H,CAC,-0.0895322356661161
I,ATC,-0.0530946463849396
K,AAG,0.0548109408753614
L,CTG,0.416646607037385
L,CTC,0.23627397909164394
L,TTG,0.0358132665216923
N,AAC,-0.247899220013618
P,CCG,0.654198005570968
P,CCC,0.793341158866882
Q,CAG,0.41384017311732
R,AGG,0.9605732839018071
R,CGG,0.3566997503757401
R,CGC,0.500507844531536
S,TCG,0.206123639746507
S,TCC,0.0604308273368825
T,ACG,0.24850775382717494
T,ACC,-0.0292857225479869
V,GTG,-0.27338108225464797
V,GTC,-0.00670900989318561
Y,TAC,-0.214645512410005
Z,AGC,0.215561706769466
