AA,Codon,Mean
A,GCG,0.618752324497702
A,GCC,0.132675441046059
C,TGC,0.469899710665147
D,GAC,-0.231208552252253
E,GAG,0.465080263231198
F,TTC,-0.260352615815401
G,GGG,0.07521060304243998
G,GGC,0.765027962557475
H,CAC,-0.550139165556431
I,ATC,-0.0308900877530066
K,AAG,-0.82397770087719
L,CTC,0.21469387318293193
L,TTG,-0.414007485419512
N,AAC,-0.603425634201368
P,CCG,1.837637311206266
P,CCC,0.779016662315528
Q,CAG,0.468993601123492
R,AGG,1.216657916826009
R,CGG,0.6053956946452499
R,CGC,1.06247510568698
S,TCG,0.2321714607139429
S,TCC,0.106631735271215
T,ACG,0.609930267802876
T,ACC,-0.0466996630267551
V,GTG,-0.326880120925108
V,GTC,-0.0847607321215173
Y,TAC,-0.526653458066781
Z,AGC,0.002759677172612
