AA,Codon,Mean
A,GCG,0.6565069992532331
A,GCC,-0.0161551514175652
C,TGC,0.241748613806566
D,GAC,0.382648016462723
E,GAG,0.130354867770771
F,TTC,0.392318004999558
G,GGG,0.3865007951974869
G,GGC,-0.401383470418056
H,CAC,0.416440308626493
I,ATC,0.159300053560734
K,AAG,0.35334090077877
L,CTC,0.123656261092424
L,TTG,-0.454711471360922
N,AAC,0.246018929807345
P,CCG,-0.45435345064054
P,CCC,-0.103328963875771
Q,CAG,-0.181420439938704
R,AGG,0.297844599020484
R,CGG,-0.329086439335346
R,CGC,-0.176405825804174
S,TCG,-0.1842719218393813
S,TCC,-0.136600483113031
T,ACG,0.030721410804987
T,ACC,-0.0351419414370786
V,GTG,-0.5198587239146231
V,GTC,0.828193913817406
Y,TAC,0.160008261863887
Z,AGC,0.291531862937411
