AA,Codon,Mean
A,GCG,1.647784213101867
A,GCC,1.01987013260126
C,TGC,0.556377895061175
D,GAC,0.912883809451262
E,GAG,-0.103328126738469
F,TTC,-0.37978224106431
G,GGG,1.15054706892967
G,GGC,1.77870530910492
H,CAC,0.5103030497094
I,ATC,0.174005832566321
K,AAG,-0.501380330574512
L,CTG,0.9111613135690224
L,CTC,1.1996868038569901
L,TTG,-0.0633791626850628
N,AAC,0.495450420171022
P,CCG,1.6124760650277188
P,CCC,0.91716509830157
Q,CAG,0.251911907013257
R,AGG,0.68170345857441506
R,CGG,2.031080873224137
R,CGC,2.35169412069321
S,TCG,1.8503969423075532
S,TCC,0.925263476920128
T,ACG,1.7225459892590802
T,ACC,1.07309501599868
V,GTG,1.187468594833215
V,GTC,0.929195296430588
Y,TAC,0.620660367661715
Z,AGC,0.694759174935023
