AA,Codon,Mean
A,GCG,-1.8443018702964031
A,GCC,-1.79381616331736
C,TGC,-0.860220793815454
D,GAC,-1.99396780459086
E,GAG,-1.57475259878635
F,TTC,-0.289875518297156
G,GGG,1.320763915254733
G,GGC,-2.46728845802943
H,CAC,-1.52377160081069
I,ATC,-0.499591908824444
K,AAG,-1.80248130302429
L,CTG,-4.2797258121252
L,CTC,-2.300016839539015
L,TTG,-2.73252444036802
N,AAC,-2.9287264292717
P,CCG,-2.26027449767987
P,CCC,-1.83668322613239
Q,CAG,-2.63804522789319
R,AGG,1.370155540123583
R,CGG,-0.41528346852462006
R,CGC,-1.54316971679529
S,TCG,-3.7100786477565797
S,TCC,-1.33012649474939
T,ACG,-2.166451164350323
T,ACC,-2.26149765466054
V,GTG,-4.51454523413976
V,GTC,-1.73227554487387
Y,TAC,-3.12595170838038
Z,AGC,-1.71821647318999
