AA,Codon,Mean
A,GCG,-1.629601459636289
A,GCC,-1.37805153925419
C,TGC,-0.572272921456893
D,GAC,-1.56820742212137
E,GAG,-0.589172956768672
F,TTC,0.16926454966714
G,GGG,0.19125020687579997
G,GGC,-2.435509679238
H,CAC,-0.884842713860671
I,ATC,-0.334530039958159
K,AAG,-0.482851657307148
L,CTG,-2.9242682237943027
L,CTC,-1.957375211576621
L,TTG,-2.01543099082311
N,AAC,-1.82598776085377
P,CCG,-1.8565000417244002
P,CCC,-1.21468610776265
Q,CAG,-1.36610742226442
R,AGG,0.548480451911688
R,CGG,-1.381401779325802
R,CGC,-2.2197265040954
S,TCG,-2.826161019648119
S,TCC,-0.998810199403763
T,ACG,-1.9621514385581058
T,ACC,-1.73023605122566
V,GTG,-3.490517599610489
V,GTC,-1.39053915789127
Y,TAC,-1.98491586360931
Z,AGC,-1.18206813664436
