AA,Codon,Mean
A,GCG,1.299992627461749
A,GCC,0.580133893211683
C,TGC,0.933880913011233
D,GAC,0.969808342429002
E,GAG,0.600375854019324
F,TTC,0.226252060616016
G,GGG,0.46997352993041297
G,GGC,1.50330696031253
H,CAC,1.05576372144222
I,ATC,0.308754779009024
K,AAG,0.441311965690056
L,CTG,0.09270810902118987
L,CTC,0.8032371187766398
L,TTG,-0.216936671290795
N,AAC,0.703510209584236
P,CCG,1.216459339487553
P,CCC,0.651448011767864
Q,CAG,0.849234392535686
R,AGG,1.0985172154823961
R,CGG,0.1459572824378801
R,CGC,1.23572990025679
S,TCG,0.9468314848661419
S,TCC,0.52843829925259
T,ACG,0.9048638283123569
T,ACC,0.584490372916063
V,GTG,-0.9887292213082309
V,GTC,0.530207745273908
Y,TAC,-0.101212386213243
Z,AGC,1.32254301966031
