AA,Codon,Mean
A,GCG,0.3331382204135259
A,GCC,0.0651282795898616
C,TGC,0.639395426730315
D,GAC,-0.0930856548796097
E,GAG,0.391309083209435
F,TTC,-0.255651275098324
G,GGG,0.3200824420372601
G,GGC,0.767540117692947
H,CAC,-0.415766179953019
I,ATC,-0.0952606028839946
K,AAG,-0.560902335170905
L,CTG,0.09008166786034899
L,CTC,0.347808532512188
L,TTG,-0.0573366616929571
N,AAC,-0.493468986604611
P,CCG,1.197084142206113
P,CCC,1.36004782809416
Q,CAG,0.912344733937581
R,AGG,1.545809701641405
R,CGG,-1.30547301463286
R,CGC,1.4598896425724
S,TCG,0.43580053000450103
S,TCC,-0.0356124312600121
T,ACG,0.3973214282552381
T,ACC,-0.0454972990829498
V,GTG,-1.674982012679178
V,GTC,-0.0270845282827194
Y,TAC,-0.369809863589207
Z,AGC,0.0581042314525258
