AA,Codon,Mean
A,GCG,0.3729439235130959
A,GCC,0.0809039602433642
C,TGC,0.681443312378724
D,GAC,-0.0407071695460996
E,GAG,0.88775311627388
F,TTC,-0.35300912374258
G,GGG,0.5428100931247102
G,GGC,0.553609734668334
H,CAC,-0.300468467713396
I,ATC,-0.0672811129922668
K,AAG,0.343671628250678
L,CTG,0.685962961589297
L,CTC,0.379865157413482
L,TTG,0.42605875035127
N,AAC,-0.47890610104998
P,CCG,0.8408508140424891
P,CCC,0.989286661175887
Q,CAG,0.981335707092285
R,AGG,1.2724818101427255
R,CGG,0.4791977663040199
R,CGC,0.85422181473573
S,TCG,0.8249533327559629
S,TCC,0.0762796288410823
T,ACG,0.49934405783415103
T,ACC,-0.105175123955309
V,GTG,0.03807842072644996
V,GTC,-0.0193520350983409
Y,TAC,-0.453671098186572
Z,AGC,0.00221901841565338
