AA,Codon,Mean
A,GCG,1.5438908034933152
A,GCC,0.921839225729307
C,TGC,1.45906806755066
D,GAC,1.40683880469004
E,GAG,0.627077629756927
F,TTC,-0.115993859687448
G,GGG,0.29740167306263987
G,GGC,2.06303210199674
H,CAC,1.41796858860652
I,ATC,0.326421070231994
K,AAG,0.0521824865834826
L,CTG,0.07189008705615985
L,CTC,0.6884316518942502
L,TTG,-0.193804641902447
N,AAC,0.656438430623213
P,CCG,1.982648019790649
P,CCC,1.53134099187851
Q,CAG,0.477194056854645
R,AGG,1.6324865847415546
R,CGG,0.6338545160373099
R,CGC,1.77422311106523
S,TCG,1.506091329320268
S,TCC,0.502103218166033
T,ACG,1.162476222860811
T,ACC,0.907916389095783
V,GTG,-1.271953858335813
V,GTC,0.684562380921841
Y,TAC,0.680484082833926
Z,AGC,1.53948684708277
