AA,Codon,Mean
A,GCG,1.2389436003486312
A,GCC,0.737686265436808
C,TGC,0.621633233865102
D,GAC,1.2753848118941
E,GAG,-0.111489679655871
F,TTC,0.211949988823136
G,GGG,0.2205898690610106
G,GGC,1.24834937573274
H,CAC,1.44732820725441
I,ATC,0.292661585588257
K,AAG,-0.23081132371525
L,CTG,-0.47431625810066896
L,CTC,0.312274358967938
L,TTG,-0.608349713587761
N,AAC,1.01118915341298
P,CCG,1.285374633823832
P,CCC,0.646845924830437
Q,CAG,-0.342830136319001
R,AGG,0.5705821535110498
R,CGG,0.359974855082345
R,CGC,0.870208329689503
S,TCG,0.933816764228542
S,TCC,0.267539860309164
T,ACG,0.7550114702474712
T,ACC,0.71854663678805
V,GTG,-1.085550520060956
V,GTC,0.674370488262176
Y,TAC,0.983542079408964
Z,AGC,1.20982375204563
