AA,Codon,Mean
A,GCG,-0.7310953404108698
A,GCC,0.723961780448755
C,TGC,0.616254648141066
D,GAC,1.54751841611862
E,GAG,-0.927905071735382
F,TTC,1.80457360517979
G,GGG,-0.53266803045272
G,GGC,0.360642778617144
H,CAC,1.67890230453809
I,ATC,1.86110866185029
K,AAG,-0.225387957208355
L,CTC,1.8262543908099351
L,TTG,0.25787245687743
N,AAC,1.84408258362611
P,CCG,-1.143364294013386
P,CCC,0.532921629655361
Q,CAG,-0.368753175326188
R,AGG,-1.318457221462332
R,CGG,-0.030004164958000068
R,CGC,0.352284509193897
S,TCG,-0.554829514547188
S,TCC,1.09096139730612
T,ACG,-0.8441333470463701
T,ACC,0.846226932676633
V,GTG,-0.44242633547981597
V,GTC,1.83725184501807
Y,TAC,2.0355522444884
Z,AGC,1.11394763168494
