AA,Codon,Mean
A,GCG,2.7204014347076395
A,GCC,0.279096976044774
C,TGC,0.126492005852855
D,GAC,-0.49190974966685
E,GAG,2.09213978799184
F,TTC,-0.944813987286886
G,GGG,1.6545462803681699
G,GGC,0.655891210913658
H,CAC,-0.860046720071634
I,ATC,-1.09374801235199
K,AAG,1.22686781193415
L,CTC,-0.9138237314393121
L,TTG,-0.115954745415101
N,AAC,-1.1688659011205
P,CCG,3.704971626478927
P,CCC,0.205791465132435
Q,CAG,1.59066189862092
R,AGG,3.2025117554585103
R,CGG,1.64878117206891
R,CGC,1.19659481694698
S,TCG,1.9090778551101641
S,TCC,-0.308525759589672
T,ACG,2.7091750978072504
T,ACC,-0.0820162290464369
V,GTG,0.45738510122300013
V,GTC,-0.736167889531453
Y,TAC,-1.31841650935809
Z,AGC,-0.624488310424487
