AA,Codon,Mean
A,GCG,2.9939836733659195
A,GCC,0.18272011055698
C,TGC,-0.125261758221351
D,GAC,-0.484609237974882
E,GAG,2.33457125530243
F,TTC,-0.982265562081337
G,GGG,1.74569432679812
G,GGC,0.155393368014445
H,CAC,-0.929642988781134
I,ATC,-1.27363919374943
K,AAG,1.64570733200709
L,CTC,-1.211090845679243
L,TTG,0.202894895226757
N,AAC,-1.0876729130586
P,CCG,3.5577109312799293
P,CCC,0.104417182918879
Q,CAG,1.79039129460653
R,AGG,3.16899738856951
R,CGG,1.6287668374379498
R,CGC,0.465942015504837
S,TCG,2.3581352468828367
S,TCC,-0.420756070677439
T,ACG,2.93159006569386
T,ACC,-0.131084515526394
V,GTG,0.9040908782084798
V,GTC,-0.947224894928932
Y,TAC,-1.3424244693915
Z,AGC,-0.73078727868398
