AA,Codon,Mean
A,GCG,0.17084986515442502
A,GCC,0.0702072865858674
C,TGC,0.419315748077631
D,GAC,-0.105903857700527
E,GAG,0.295409898028771
F,TTC,-0.277825032092134
G,GGG,-0.12794817627668298
G,GGC,0.476084438010057
H,CAC,-0.162737838842471
I,ATC,-0.0825598716979225
K,AAG,-0.270066253209114
L,CTG,0.21037908070981498
L,CTC,0.249585282731056
L,TTG,-0.193234639300903
N,AAC,-0.315122195202112
P,CCG,0.804613096770645
P,CCC,0.296180441522598
Q,CAG,0.402840514951944
R,AGG,0.6052268689664093
R,CGG,-0.08636879177093992
R,CGC,0.582188443144163
S,TCG,0.07540843080083498
S,TCC,-0.00815623927275731
T,ACG,0.20317451385060997
T,ACC,-0.0432544717513025
V,GTG,-0.177730758448442
V,GTC,-0.0674301916951934
Y,TAC,-0.309129510476192
Z,AGC,0.0373049347611969
