AA,Codon,Mean
A,GCG,0.812326938694715
A,GCC,0.29895472009778
C,TGC,0.2768714511772
D,GAC,0.671103923734029
E,GAG,0.607241322819392
F,TTC,0.480220303940773
G,GGG,0.461304703912635
G,GGC,0.385461197201411
H,CAC,0.690712184095383
I,ATC,0.514693520724773
K,AAG,0.517355556418498
L,CTG,-0.028459421477714963
L,CTC,0.5874418774525281
L,TTG,0.063217805210501
N,AAC,0.551628571041425
P,CCG,0.5709878336995841
P,CCC,0.327230513209105
Q,CAG,0.486509193148216
R,AGG,0.407865979866191
R,CGG,0.479754700978597
R,CGC,0.499815120850007
S,TCG,0.589115298272669
S,TCC,0.442122547399998
T,ACG,0.6050780912548299
T,ACC,0.44693950210015
V,GTG,0.09950079498936801
V,GTC,0.607048511536916
Y,TAC,0.490497704192003
Z,AGC,0.395788483236233
