AA,Codon,Mean
A,GCG,0.888100194921096
A,GCC,-0.0933504272915423
C,TGC,-0.455518651068211
D,GAC,0.0607735935830822
E,GAG,-0.0412329030531148
F,TTC,0.0160388259958877
G,GGG,0.21275059820364003
G,GGC,-0.680185439586639
H,CAC,0.123270374836773
I,ATC,-0.033463086078704
K,AAG,0.0617617302123457
L,CTC,-0.084283828147252
L,TTG,-1.04260673243999
N,AAC,0.0421047590272113
P,CCG,-0.1211179798150357
P,CCC,-0.130839824425677
Q,CAG,-0.144286760653059
R,AGG,0.28400363332827905
R,CGG,0.0048607270757350385
R,CGC,-0.511545049132903
S,TCG,-0.0761300935496115
S,TCC,-0.0275737565004844
T,ACG,0.1345838190468438
T,ACC,-0.0916707590594888
V,GTG,-1.3441767717639599
V,GTC,0.0179991271144625
Y,TAC,-0.274317769391338
Z,AGC,-0.437667891514301
