AA,Codon,Mean
A,GCG,0.18367603961229395
A,GCC,0.0873055656741063
C,TGC,0.273371853582064
D,GAC,-0.166990936292211
E,GAG,-0.127884395184616
F,TTC,-0.235169531518221
G,GGG,0.677562239257495
G,GGC,0.479945033252239
H,CAC,-0.335777209937572
I,ATC,-0.0471900180066625
K,AAG,-0.345078562327226
L,CTC,0.14569185073177005
L,TTG,-0.293981836859385
N,AAC,-0.343353389209509
P,CCG,0.863998666359485
P,CCC,0.294663200910886
Q,CAG,0.214072802135348
R,AGG,0.6915318135033051
R,CGG,-0.3831278402407998
R,CGC,0.606142707145214
S,TCG,-0.15734270810484902
S,TCC,0.0375198333308722
T,ACG,0.08133785705367697
T,ACC,0.0168518862651195
V,GTG,-0.27069486174782104
V,GTC,-0.00651135866015208
Y,TAC,-0.356971611477931
Z,AGC,0.0847184821546078
