AA,Codon,Mean
A,GCG,0.22517819403807293
A,GCC,-1.06104601392746
C,TGC,-0.779807381927967
D,GAC,-0.836236978530884
E,GAG,-0.666158084901174
F,TTC,-0.365718184943994
G,GGG,-0.293528622293472
G,GGC,-1.70836548137665
H,CAC,-0.648457033340136
I,ATC,-0.673514282941818
K,AAG,-0.488468612271547
L,CTC,-0.6705926983670355
L,TTG,-2.19188404736519
N,AAC,-0.753773325490952
P,CCG,-1.232360006763543
P,CCC,-0.998465251922607
Q,CAG,-1.088084111468
R,AGG,-0.04885104936857998
R,CGG,-0.9187911149720311
R,CGC,-1.20487945737044
S,TCG,-1.28642470821937
S,TCC,-0.834787390625477
T,ACG,-0.8494011284559939
T,ACC,-1.03109278065364
V,GTG,-2.410937223498026
V,GTC,-0.572893018909295
Y,TAC,-0.975475597071648
Z,AGC,-1.10832548478444
