AA,Codon,Mean
A,GCG,0.4228988178652885
A,GCC,0.204508179570238
C,TGC,-0.117349277910839
D,GAC,0.357279704872767
E,GAG,0.0414302482880652
F,TTC,0.132240154985587
G,GGG,0.3670534366818393
G,GGC,0.097579022307694
H,CAC,0.41203207676212
I,ATC,0.140923621371388
K,AAG,-0.0512454508530597
L,CTG,-0.5989853627142809
L,CTC,0.16795528817077404
L,TTG,-0.41335258161823
N,AAC,0.188483775135875
P,CCG,0.251704645915578
P,CCC,0.205331638177236
Q,CAG,-0.184532212643822
R,AGG,0.12585958511432005
R,CGG,0.3884177211424651
R,CGC,0.112114624101172
S,TCG,0.17781792865643858
S,TCC,0.273751449763775
T,ACG,0.280273696813484
T,ACC,0.221197179437677
V,GTG,-0.3916845979061399
V,GTC,0.250912438737353
Y,TAC,-0.0542641080114991
Z,AGC,-0.0196243854560423
