AA,Codon,Mean
A,GCG,0.07662313079635302
A,GCC,0.0487717304605991
C,TGC,0.256899676501751
D,GAC,-0.164139430687825
E,GAG,0.0119896232099351
F,TTC,-0.25870924273928
G,GGG,-0.06421463804841099
G,GGC,0.325899308516582
H,CAC,-0.319050344349941
I,ATC,-0.154854919160406
K,AAG,-0.285239182281494
L,CTG,0.09607622524201898
L,CTC,0.03130969735383998
L,TTG,-0.488656989936034
N,AAC,-0.405507815027237
P,CCG,0.539880464070042
P,CCC,0.155092045577864
Q,CAG,0.0902831196581324
R,AGG,0.4110876774150859
R,CGG,-0.5953018108010271
R,CGC,0.319914268962542
S,TCG,-0.233817644926906
S,TCC,-0.0319101321252063
T,ACG,-0.06752922166387298
T,ACC,-0.0816133174608151
V,GTG,-0.335039468698204
V,GTC,-0.0910658155411482
Y,TAC,-0.354856014595429
Z,AGC,-0.0443827419980119
