AA,Codon,Mean
A,GCG,0.30161052007674705
A,GCC,0.127768524076541
C,TGC,0.946876553221544
D,GAC,0.158928113472462
E,GAG,0.767973476564884
F,TTC,-0.340240394465129
G,GGG,-0.09400494122504988
G,GGC,0.898259573523204
H,CAC,-0.105250062819694
I,ATC,-0.0812486359405021
K,AAG,0.457276291743914
L,CTG,0.9206270511626642
L,CTC,0.5632164021710551
L,TTG,0.543819194279114
N,AAC,-0.391820136857033
P,CCG,0.8166898586710301
P,CCC,0.974007729387283
Q,CAG,0.899059642910957
R,AGG,1.1923353085508
R,CGG,0.2110093831698101
R,CGC,0.885681282893817
S,TCG,0.560049284380675
S,TCC,0.119394564250608
T,ACG,0.5692907024741181
T,ACC,-0.060257653767243
V,GTG,-0.0037630998213999955
V,GTC,-0.0145895318202864
Y,TAC,-0.327673985616366
Z,AGC,0.412158696230253
