AA,Codon,Mean
A,GCG,1.778222457808259
A,GCC,1.41645242936611
C,TGC,1.04835238293807
D,GAC,1.58969751456579
E,GAG,0.916641957279046
F,TTC,0.749439869431655
G,GGG,1.105151359050472
G,GGC,1.39032248980204
H,CAC,1.76014674845537
I,ATC,0.93062212578853
K,AAG,0.909711757159233
L,CTG,0.262694631467263
L,CTC,0.7979258635838791
L,TTG,0.445704963431756
N,AAC,1.45536307711601
P,CCG,1.97207930285732
P,CCC,1.09664528036912
Q,CAG,0.934673074046771
R,AGG,1.1459239216208499
R,CGG,1.195954916299383
R,CGC,1.36097162969907
S,TCG,1.8282925473332419
S,TCC,1.14200246952375
T,ACG,1.317616846770048
T,ACC,1.46172319854895
V,GTG,0.0679930226445189
V,GTC,1.45760567513307
Y,TAC,1.49896700412432
Z,AGC,1.2622930426995
