AA,Codon,Mean
A,GCG,0.6413186327636191
A,GCC,0.0638600508743276
C,TGC,0.0696894831511789
D,GAC,0.0324606326710976
E,GAG,0.380814685247342
F,TTC,-0.300863093521198
G,GGG,0.6363779081900909
G,GGC,0.504906962368886
H,CAC,-0.275215546877186
I,ATC,-0.063048401483645
K,AAG,-0.495067289849122
L,CTG,0.20423369752963294
L,CTC,0.06738829015071149
L,TTG,-0.0749959580257535
N,AAC,-0.204104207112392
P,CCG,1.3039060500214519
P,CCC,0.337175285975138
Q,CAG,0.634676695819696
R,AGG,0.6774169341082258
R,CGG,1.822954529945057
R,CGC,0.903489630158742
S,TCG,0.683033390966057
S,TCC,0.140354854342341
T,ACG,0.523708173449835
T,ACC,-0.0018072915232573
V,GTG,0.03810831371943102
V,GTC,-0.0699396206421157
Y,TAC,-0.24570569267869
Z,AGC,0.151188203891615
