AA,Codon,Mean
A,GCG,0.9496339359027377
A,GCC,1.09435029145877
C,TGC,0.667912594421705
D,GAC,1.11420869491895
E,GAG,0.576680888545513
F,TTC,0.5249368227005
G,GGG,0.7521660459101209
G,GGC,0.579835232218107
H,CAC,1.54658038959503
I,ATC,0.826672238882383
K,AAG,0.878244650820891
L,CTG,0.14211898286392297
L,CTC,0.9337056704898679
L,TTG,0.271592037023107
N,AAC,0.867365236540635
P,CCG,0.3525577375932149
P,CCC,1.08211360855103
Q,CAG,0.283927509085337
R,AGG,0.7514850010951349
R,CGG,-0.5520617045084649
R,CGC,0.416615390370289
S,TCG,0.67573110798796
S,TCC,0.825232594410578
T,ACG,0.805705594879389
T,ACC,0.919501884551843
V,GTG,0.09312459047138696
V,GTC,1.30960378355185
Y,TAC,1.02987487597466
Z,AGC,0.496526914091905
