AA,Codon,Mean
A,GCG,0.8303980668758355
A,GCC,0.969607222823302
C,TGC,0.570380696813266
D,GAC,1.02236029637257
E,GAG,0.561379716992378
F,TTC,0.555764949051539
G,GGG,0.6524917773169769
G,GGC,0.331676561182737
H,CAC,1.42388509354591
I,ATC,0.70624682290554
K,AAG,0.972085985306899
L,CTG,0.1234375648689975
L,CTC,0.8299841709494549
L,TTG,0.310804876526197
N,AAC,0.831757969665527
P,CCG,0.2158651169336844
P,CCC,0.952625641938051
Q,CAG,0.151516908505062
R,AGG,0.564824265809856
R,CGG,-0.8526102917790429
R,CGC,0.166100779567162
S,TCG,0.6215325178662929
S,TCC,0.739418185448647
T,ACG,0.735968895454208
T,ACC,0.826480315593878
V,GTG,0.12254024135992
V,GTC,1.1913143436114
Y,TAC,1.04153981875579
Z,AGC,0.345182468972603
