AA,Codon,Mean
A,GCG,1.960399227836234
A,GCC,1.14951402938366
C,TGC,1.21842489019235
D,GAC,1.62043385465145
E,GAG,1.37183445636431
F,TTC,1.50068171349366
G,GGG,1.225558307325842
G,GGC,1.68438075783253
H,CAC,1.65064086187681
I,ATC,1.59542535413106
K,AAG,0.966620654114087
L,CTG,1.064479999546207
L,CTC,1.9434560550754372
L,TTG,0.843161585080624
N,AAC,1.24601848506133
P,CCG,1.865129595837987
P,CCC,1.55741203324
Q,CAG,1.30373456809521
R,AGG,1.2938479054290726
R,CGG,0.984429096607364
R,CGC,1.86484926852385
S,TCG,1.8263314151595011
S,TCC,1.39065893730323
T,ACG,1.6299505136201828
T,ACC,1.31707210436662
V,GTG,0.21644884893098992
V,GTC,1.85313500916163
Y,TAC,1.25043084762891
Z,AGC,1.41624702732563
