AA,Codon,Mean
A,GCG,0.07363204395770995
A,GCC,0.085397985808303
C,TGC,0.461203519360224
D,GAC,-0.0992472708349427
E,GAG,0.426976128689448
F,TTC,-0.313472566392024
G,GGG,0.13523072529633307
G,GGC,0.43049868684411
H,CAC,-0.299223365275065
I,ATC,-0.0760524279937148
K,AAG,-0.504805779117346
L,CTG,-0.16309433745145802
L,CTC,0.037266034092203096
L,TTG,-0.117893332587679
N,AAC,-0.347886290494601
P,CCG,0.700028834444782
P,CCC,0.675589396472772
Q,CAG,0.555866720394293
R,AGG,0.833850365574161
R,CGG,0.07539228448868007
R,CGC,0.6423779779315
S,TCG,0.36785265266696704
S,TCC,-0.0426794454750915
T,ACG,0.33206779703895306
T,ACC,-0.07757576899454
V,GTG,-0.474437317534283
V,GTC,-0.0630946694994966
Y,TAC,-0.367021727063258
Z,AGC,-0.00877261665946559
