AA,Codon,Mean
A,GCG,1.937805310849349
A,GCC,1.15943068567117
C,TGC,1.08760173803171
D,GAC,1.68255138912996
E,GAG,1.30807733537356
F,TTC,1.64791729104519
G,GGG,1.216941887193656
G,GGC,1.35018766905467
H,CAC,1.68708042677244
I,ATC,1.59667828067938
K,AAG,1.21918613184293
L,CTG,1.073557638551792
L,CTC,1.79143242556453
L,TTG,0.914375033819675
N,AAC,1.45856493666967
P,CCG,1.68046294922233
P,CCC,1.24672518788973
Q,CAG,1.14020607047876
R,AGG,0.897085215071833
R,CGG,1.184467244519293
R,CGC,1.48780616411368
S,TCG,1.760174709093568
S,TCC,1.32771192560196
T,ACG,1.582238455021386
T,ACC,1.32124970587095
V,GTG,0.6384492468516051
V,GTC,1.87842220130761
Y,TAC,1.47287863601049
Z,AGC,1.27749349589348
