AA,Codon,Mean
A,GCG,1.7497821645855849
A,GCC,0.948381507198016
C,TGC,1.11889714319706
D,GAC,1.74196002992789
E,GAG,1.22256504265467
F,TTC,1.4981775627772
G,GGG,0.9253349984833766
G,GGC,1.27037560013135
H,CAC,1.74237373813788
I,ATC,1.5713625955979
K,AAG,1.3780847015063
L,CTG,0.8373865928173051
L,CTC,1.374941790501277
L,TTG,0.563450989234447
N,AAC,1.57723661527634
P,CCG,1.3317734270493191
P,CCC,0.834551585900783
Q,CAG,0.996073232936859
R,AGG,0.870378877338762
R,CGG,1.06644003508836
R,CGC,1.55077846921285
S,TCG,1.51429290655454
S,TCC,0.97545583649079
T,ACG,1.4159157075524331
T,ACC,1.14395667470296
V,GTG,0.5424960846066449
V,GTC,1.85072250154813
Y,TAC,1.64565898479621
Z,AGC,1.25655477561951
