AA,Codon,Mean
A,GCG,0.30723887603581
A,GCC,0.371282157750924
C,TGC,0.565241987164815
D,GAC,0.0553731455007878
E,GAG,0.579428755350908
F,TTC,-0.30485568232139
G,GGG,0.401015464683372
G,GGC,0.567039223311345
H,CAC,-0.160193129271766
I,ATC,-0.0384384753537675
K,AAG,-0.237100164498885
L,CTG,0.1514422631222791
L,CTC,0.2951406703118728
L,TTG,0.542798773558935
N,AAC,-0.161583707545201
P,CCG,0.666044504343967
P,CCC,0.556168726460139
Q,CAG,0.677486368604501
R,AGG,0.79199350468715
R,CGG,0.3254753295977899
R,CGC,1.01219617414872
S,TCG,0.37693587475816404
S,TCC,0.00425006536426457
T,ACG,0.37066366585890503
T,ACC,-0.0183080857141113
V,GTG,0.034519118201733034
V,GTC,-0.00543097742522312
Y,TAC,-0.17894842933615
Z,AGC,0.266159833407402
