AA,Codon,Mean
A,GCG,1.887119753795866
A,GCC,1.21978389274279
C,TGC,1.50547197714647
D,GAC,1.7452713685592
E,GAG,1.69053991018136
F,TTC,1.02753236688773
G,GGG,1.1116499192714702
G,GGC,1.77693873800437
H,CAC,1.60614028479258
I,ATC,1.5504076586326
K,AAG,1.0355132975777
L,CTG,0.832298838659129
L,CTC,1.478208998039364
L,TTG,0.922317871002356
N,AAC,1.31815660241445
P,CCG,1.847556177250546
P,CCC,1.37396644396782
Q,CAG,1.5076125471433
R,AGG,1.615568422790617
R,CGG,0.90860165126324
R,CGC,2.05697243936062
S,TCG,1.643658262830969
S,TCC,1.01097299506267
T,ACG,1.7012338650344216
T,ACC,1.08934103821913
V,GTG,0.13359045753479015
V,GTC,1.80631560307344
Y,TAC,1.43038059197267
Z,AGC,1.38369923127492
