AA,Codon,Mean
A,GCG,-0.5221830161258272
A,GCC,-0.455243378990889
C,TGC,-0.391631725877523
D,GAC,-0.721450315912565
E,GAG,-0.574808382777373
F,TTC,-0.51161861593922
G,GGG,-0.5161729398980739
G,GGC,-0.349972891934713
H,CAC,-0.725231081215541
I,ATC,-0.726094836393992
K,AAG,-0.638742505053679
L,CTG,-0.601383480544388
L,CTC,-0.693595079377294
L,TTG,-0.804897348090013
N,AAC,-0.839842425704002
P,CCG,-0.41506931550403403
P,CCC,-0.527722152151664
Q,CAG,-0.723467880956332
R,AGG,-0.1584215393080145
R,CGG,-0.719450549245874
R,CGC,-0.412473141501347
S,TCG,-0.866156982713938
S,TCC,-0.414999127435684
T,ACG,-0.648914408401151
T,ACC,-0.515627009512981
V,GTG,-0.6811196778002786
V,GTC,-0.639919830584526
Y,TAC,-0.82802511765559506
Z,AGC,-0.505385895512501
