AA,Codon,Mean
A,GCG,0.985823822809259
A,GCC,0.565475598259767
C,TGC,0.241397089257836
D,GAC,0.857792514582475
E,GAG,0.647473181740443
F,TTC,0.569197651946545
G,GGG,0.818171622462078
G,GGC,0.622421260066827
H,CAC,0.735915595312913
I,ATC,0.739729540677865
K,AAG,0.503281279261907
L,CTG,0.05003958708047895
L,CTC,0.802082684409617
L,TTG,-0.150699476024508
N,AAC,0.764995449209213
P,CCG,1.0277734832094405
P,CCC,0.671570889878273
Q,CAG,0.677259691119194
R,AGG,0.5779463999052891
R,CGG,0.759341391639908
R,CGC,0.620841758469741
S,TCG,0.755272378763556
S,TCC,0.632137964006265
T,ACG,0.760215149508913
T,ACC,0.693878090206782
V,GTG,-0.005593796463807976
V,GTC,0.666271611233552
Y,TAC,0.468334990201394
Z,AGC,0.322624931887786
