AA,Codon,Mean
A,GCG,0.377378205089768
A,GCC,0.771776886514823
C,TGC,0.216977247699102
D,GAC,0.769703937180837
E,GAG,0.363825442792972
F,TTC,0.925574785176913
G,GGG,0.829448877118031
G,GGC,0.0611949277250717
H,CAC,0.960236544076602
I,ATC,0.753984060978889
K,AAG,0.495636151504517
L,CTG,-0.021024324493606972
L,CTC,0.812034152155369
L,TTG,0.128489124536018
N,AAC,1.01684138390621
P,CCG,0.30635082582658035
P,CCC,1.1634799012502
Q,CAG,0.275520946013927
R,AGG,0.6769179694917922
R,CGG,0.693466175871094
R,CGC,-0.217475708036621
S,TCG,0.431454059984535
S,TCC,1.16813802768389
T,ACG,0.358109299102426
T,ACC,0.917861395816008
V,GTG,-0.14017724337999982
V,GTC,0.532045969245831
Y,TAC,0.722719174293677
Z,AGC,0.437144638462861
