AA,Codon,Mean
A,GCG,-0.085197881553571
A,GCC,-0.144069618420303
C,TGC,-0.316433282587926
D,GAC,-0.277694009356697
E,GAG,-0.315102046195666
F,TTC,-0.340744505663713
G,GGG,0.351726860789458
G,GGC,0.0501646638113384
H,CAC,-0.38510105000337
I,ATC,-0.253119095859925
K,AAG,-0.446887648948034
L,CTG,-0.2502395626561441
L,CTC,-0.236456917112073
L,TTG,-0.461341079235077
N,AAC,-0.475779079514742
P,CCG,-0.21087366449137498
P,CCC,-0.242991959799329
Q,CAG,-0.406579912998279
R,AGG,0.31847459179163007
R,CGG,-0.10430396375656104
R,CGC,0.0704046155164639
S,TCG,-0.3570571460074125
S,TCC,-0.23415316007038
T,ACG,-0.03095737617015898
T,ACC,-0.237673427188396
V,GTG,-0.13607687618831799
V,GTC,-0.213081255581975
Y,TAC,-0.434768128033479
Z,AGC,-0.32282046721975
