AA,Codon,Mean
A,GCG,0.20289035431146699
A,GCC,0.487740842082103
C,TGC,-0.210773346351584
D,GAC,0.432911581859986
E,GAG,-0.0759443714571496
F,TTC,0.495979212713242
G,GGG,1.3760915828945768
G,GGC,0.104400880987694
H,CAC,0.452973116985957
I,ATC,0.436119039575259
K,AAG,-0.164869280382494
L,CTG,-0.47412569497029
L,CTC,0.47396986780067296
L,TTG,-0.530069375538826
N,AAC,0.377603309637308
P,CCG,-0.005451902137697001
P,CCC,0.836509504803022
Q,CAG,-0.236504296792547
R,AGG,1.0673035201261893
R,CGG,0.5780900814532863
R,CGC,-0.151337937179208
S,TCG,-0.08905526178628201
S,TCC,0.863327019993464
T,ACG,0.20064898465673092
T,ACC,0.653685803361734
V,GTG,-0.41679885220925095
V,GTC,0.212170440542698
Y,TAC,0.149815213396152
Z,AGC,0.17231597857674
