AA,Codon,Mean
A,GCG,1.8281965136051221
A,GCC,0.680523250504335
C,TGC,0.824777155677478
D,GAC,0.931071116880576
E,GAG,0.454895841193199
F,TTC,0.298269829829534
G,GGG,0.584861111960809
G,GGC,0.724747560640176
H,CAC,1.18498560110728
I,ATC,0.482107308932145
K,AAG,0.255549878402551
L,CTC,0.6592916114732624
L,TTG,0.114508733704189
N,AAC,0.88022772351106
P,CCG,1.0185099570324019
P,CCC,0.631798621543249
Q,CAG,0.46909623559912
R,AGG,0.6098620532393499
R,CGG,0.48797115071095715
R,CGC,0.678971733355522
S,TCG,0.9333688268318769
S,TCC,0.635726715886593
T,ACG,0.974716735011715
T,ACC,0.65965095962286
V,GTG,0.1418119131156761
V,GTC,0.826940552250544
Y,TAC,0.787512082751592
Z,AGC,0.82876585599184
