AA,Codon,Mean
A,GCG,0.133773283441861
A,GCC,0.060859599673003
C,TGC,0.425267560001214
D,GAC,-0.0877873593859375
E,GAG,0.219842653379838
F,TTC,-0.239247929564118
G,GGG,0.5253696272790389
G,GGC,0.630454601371288
H,CAC,-0.355134918606281
I,ATC,-0.0412245017311846
K,AAG,-0.226889147386948
L,CTC,0.19042907738288295
L,TTG,-0.0533688207025329
N,AAC,-0.319792865904172
P,CCG,0.91028973399202
P,CCC,0.558030946105719
Q,CAG,0.335785045808554
R,AGG,0.753904445944229
R,CGG,-0.04158742051124009
R,CGC,1.2550844878753
S,TCG,0.14324872052470905
S,TCC,-0.0012572233806072
T,ACG,0.279823772482077
T,ACC,-0.0439687949697177
V,GTG,0.389759789824486
V,GTC,-0.0514322209005555
Y,TAC,-0.334484076269468
Z,AGC,0.138863306046526
