AA,Codon,Mean
A,GCG,0.07210083877245599
A,GCC,-0.00591005762179948
C,TGC,-0.011944113960668
D,GAC,-0.0874186990777651
E,GAG,-0.275321920835972
F,TTC,-0.137966854350269
G,GGG,0.554216115339597
G,GGC,0.143285118121902
H,CAC,-0.195757989251614
I,ATC,-0.0420972562888016
K,AAG,-0.430957585469882
L,CTG,-0.5755293205598991
L,CTC,-0.02383228417932899
L,TTG,-0.746158787914117
N,AAC,-0.216700098287066
P,CCG,0.552995296538373
P,CCC,0.0662951812323183
Q,CAG,-0.327742928860585
R,AGG,0.47913986318595664
R,CGG,0.3768329068819679
R,CGC,0.223687672696511
S,TCG,-0.11134303059279899
S,TCC,-0.0292003003320967
T,ACG,0.02557875299254997
T,ACC,-0.0762825614241262
V,GTG,-0.09883615891138697
V,GTC,-0.0227803625860717
Y,TAC,-0.277747700846195
Z,AGC,-0.131211734982332
