AA,Codon,Mean
A,GCG,0.5253843741893771
A,GCC,0.119226231461267
C,TGC,-0.302771341601014
D,GAC,-0.200181967594226
E,GAG,-0.308068946860234
F,TTC,0.283240962028503
G,GGG,1.331837117463348
G,GGC,-0.0990533768919607
H,CAC,-0.189191886150837
I,ATC,0.359000053848823
K,AAG,-0.935190658064683
L,CTG,-1.3582370035847031
L,CTC,-0.15629027739763302
L,TTG,-1.59942375944455
N,AAC,-0.354458865557114
P,CCG,0.577419252243638
P,CCC,0.410413746158282
Q,CAG,-0.637531391990185
R,AGG,1.17048716421326
R,CGG,0.68782337024411
R,CGC,-0.00684746962489467
S,TCG,-0.23158901502291407
S,TCC,0.322982331305742
T,ACG,0.292769667693973
T,ACC,0.229083356278141
V,GTG,-0.7159367462883399
V,GTC,0.0330915632401241
Y,TAC,-0.523945237435897
Z,AGC,-0.320781410942475
