AA,Codon,Mean
A,GCG,0.550039143956701
A,GCC,0.398647097305457
C,TGC,-0.0391428176418275
D,GAC,0.248085656434298
E,GAG,0.17399765149653
F,TTC,0.538295451569557
G,GGG,0.708239450053374
G,GGC,-0.0853405030868948
H,CAC,0.383831078875065
I,ATC,0.528625485253334
K,AAG,-0.133539432011545
L,CTG,-0.435511892289917
L,CTC,0.22880960675974682
L,TTG,-0.59924873765707
N,AAC,0.198320117804408
P,CCG,0.16643596154811519
P,CCC,0.64003276617527
Q,CAG,-0.0509072185347187
R,AGG,0.4222357307976734
R,CGG,0.438151309773698
R,CGC,-0.129521344599624
S,TCG,0.24005006193883388
S,TCC,0.598654037773609
T,ACG,0.37589305762896896
T,ACC,0.531332370771964
V,GTG,-0.4485490281139308
V,GTC,0.345092115573088
Y,TAC,0.166566846085588
Z,AGC,0.0409603333868404
