AA,Codon,Mean
A,GCG,0.4777894848515586
A,GCC,0.278421818150083
C,TGC,-0.0866843756488214
D,GAC,0.383539976815383
E,GAG,0.0348714661750322
F,TTC,0.173378189147512
G,GGG,0.3352687804248185
G,GGC,0.0979143413320184
H,CAC,0.443482817202806
I,ATC,0.233818886429071
K,AAG,0.00529836656471887
L,CTG,-0.536120305009621
L,CTC,0.14427640808224704
L,TTG,-0.398958820615212
N,AAC,0.202030462440848
P,CCG,0.2288873431275008
P,CCC,0.23507970127364
Q,CAG,-0.116989432787895
R,AGG,0.14246019770304508
R,CGG,0.41591988289127246
R,CGC,0.128622579663992
S,TCG,0.2020967554979024
S,TCC,0.369136559851964
T,ACG,0.3598078732281929
T,ACC,0.317217041828235
V,GTG,-0.2781411796547467
V,GTC,0.333479884759585
Y,TAC,-0.0540039339994391
Z,AGC,0.00321831868835529
