AA,Codon,Mean
A,GCG,0.32098907649318403
A,GCC,0.124631528938313
C,TGC,0.418854270621141
D,GAC,-0.0346040945816785
E,GAG,0.0938313597425818
F,TTC,-0.157790099832416
G,GGG,0.24120899704297405
G,GGC,0.506367589368423
H,CAC,-0.140036367877821
I,ATC,-0.0132975307201132
K,AAG,-0.19641865717272
L,CTG,0.37499520623286603
L,CTC,0.357456710157792
L,TTG,-0.324867017167807
N,AAC,-0.213794555980961
P,CCG,0.9875383278419579
P,CCC,0.437023977170388
Q,CAG,0.272379978597164
R,AGG,0.5462620489016174
R,CGG,-0.2674333979288699
R,CGC,0.642924237970511
S,TCG,0.087915547937155
S,TCC,0.0304622397430241
T,ACG,0.14389109010100404
T,ACC,0.0123739229059286
V,GTG,-0.19064472213586198
V,GTC,4.7093363809832e-4
Y,TAC,-0.179969580107927
Z,AGC,0.0681763979560385
