AA,Codon,Mean
A,GCG,-0.06226356334748319
A,GCC,-0.148248183032374
C,TGC,-0.413987875539064
D,GAC,-0.234611950621009
E,GAG,-0.354297714706262
F,TTC,-0.225485804331303
G,GGG,-0.2094946628766855
G,GGC,-0.330639503244559
H,CAC,-0.23772554007868
I,ATC,-0.36591642010808
K,AAG,-0.449347413100799
L,CTG,-1.200462044596672
L,CTC,-0.506408057331045
L,TTG,-0.87214221080939
N,AAC,-0.455897377896309
P,CCG,-0.3622699167874948
P,CCC,-0.399837560590108
Q,CAG,-0.770511899836858
R,AGG,-0.067028427112103
R,CGG,-0.372358984666069
R,CGC,-0.447994268089533
S,TCG,-0.5974140530765051
S,TCC,5.7135868050046e-4
T,ACG,-0.12055603772898602
T,ACC,-0.185050730003913
V,GTG,-0.8186630530426899
V,GTC,-0.154667666634917
Y,TAC,-0.673133786014716
Z,AGC,-0.357504053666194
