AA,Codon,Mean
A,GCG,-1.4551243994990948
A,GCC,-1.44868570268949
C,TGC,-1.25897488941352
D,GAC,-1.76782194018364
E,GAG,-1.61202710940838
F,TTC,-1.13766344741185
G,GGG,-1.359274565297353
G,GGC,-1.63633850098451
H,CAC,-1.63563134272099
I,ATC,-1.42029189622402
K,AAG,-1.4143575659434
L,CTG,-1.7546000471634187
L,CTC,-1.414273161799459
L,TTG,-1.66202025310198
N,AAC,-1.61679183909098
P,CCG,-1.6748806212465464
P,CCC,-1.45364606090387
Q,CAG,-1.64448036793073
R,AGG,-0.427329414283236
R,CGG,-1.3038795986870664
R,CGC,-1.60150178395907
S,TCG,-1.815827802681429
S,TCC,-1.16830562872887
T,ACG,-1.488574618808427
T,ACC,-1.3901400714318
V,GTG,-1.6413310051987569
V,GTC,-1.4582019743522
Y,TAC,-1.6149766455094
Z,AGC,-1.493917649285
