AA,Codon,Mean
A,GCG,0.8509627205774171
A,GCC,0.901720156904062
C,TGC,0.447076037724813
D,GAC,1.07987159868876
E,GAG,0.715375798062483
F,TTC,0.588346258648237
G,GGG,0.6515548312087871
G,GGC,0.769983247844378
H,CAC,0.984711706896623
I,ATC,0.876932282400131
K,AAG,0.241865017063419
L,CTG,0.6178750991364319
L,CTC,0.9145962981522121
L,TTG,0.197215525216858
N,AAC,0.75632135373354
P,CCG,1.186468544018268
P,CCC,1.13806920460065
Q,CAG,0.361461863497893
R,AGG,0.407966324923436
R,CGG,-0.20552619742155098
R,CGC,0.613075441789627
S,TCG,0.775064988127356
S,TCC,0.814993602172534
T,ACG,0.9011304763923051
T,ACC,0.778346590216955
V,GTG,0.206027176602682
V,GTC,0.995076589111487
Y,TAC,0.664006143585841
Z,AGC,0.424331268310547
