AA,Codon,Mean
A,GCG,0.35449564315875304
A,GCC,0.125484640621146
C,TGC,-0.194275463951131
D,GAC,0.0528902337223912
E,GAG,0.0315391442863562
F,TTC,-0.287578182645639
G,GGG,1.1454983796278602
G,GGC,0.376196927736203
H,CAC,-0.146417217166722
I,ATC,-0.0255497789679972
K,AAG,-0.309672963104645
L,CTG,0.11220536210934307
L,CTC,0.029977413748701
L,TTG,-0.304722535552581
N,AAC,-0.192144287467003
P,CCG,0.187023379862309
P,CCC,-0.00697743759968491
Q,CAG,0.149270278651019
R,AGG,0.46413045845826084
R,CGG,0.94082840832472
R,CGC,0.240398150951664
S,TCG,0.218226571297645
S,TCC,-0.0454889185561022
T,ACG,0.3399312823573791
T,ACC,-0.0320945461240903
V,GTG,0.28194457361896796
V,GTC,0.0103302307773618
Y,TAC,-0.100039080782483
Z,AGC,-0.187494302714368
