AA,Codon,Mean
A,GCG,-0.138088987706105
A,GCC,0.00504213208734678
C,TGC,-0.256810741511981
D,GAC,-0.406574272580942
E,GAG,0.13433453955551
F,TTC,-0.181898609724641
G,GGG,-0.182941147631407
G,GGC,-0.857651041992505
H,CAC,-0.0566330922387344
I,ATC,-0.138796796264748
K,AAG,0.342130673076709
L,CTG,-0.877521903323628
L,CTC,-0.2914797462462524
L,TTG,-0.420575644805034
N,AAC,-0.285374990786115
P,CCG,-0.45275381838878
P,CCC,0.554573684877157
Q,CAG,-0.60578292533954
R,AGG,0.353630503455798
R,CGG,-0.6299093511541669
R,CGC,-0.665026299206416
S,TCG,-0.394580944599336
S,TCC,0.645045696496964
T,ACG,-0.013198867523670055
T,ACC,0.315926680728793
V,GTG,-0.669921569997072
V,GTC,-0.393136489121119
Y,TAC,-0.612395242206256
Z,AGC,-0.372953655848901
