AA,Codon,Mean
A,GCG,0.2881879636486453
A,GCC,0.591424241463343
C,TGC,0.0332441628146223
D,GAC,0.266065071645379
E,GAG,0.498247551427285
F,TTC,0.451935148264964
G,GGG,0.164510736126191
G,GGC,-0.288059552358588
H,CAC,0.547935325733821
I,ATC,0.485874948519468
K,AAG,0.559327273052931
L,CTG,-0.37220679434988024
L,CTC,0.42849311797544376
L,TTG,0.00542537310032348
N,AAC,0.35735996804436
P,CCG,0.062372968811596104
P,CCC,1.13085731568336
Q,CAG,-0.00940421878884206
R,AGG,0.43571684043805015
R,CGG,-0.05911812826792395
R,CGC,-0.293117639415463
S,TCG,0.1739553962388162
S,TCC,1.0585676709651901
T,ACG,0.2930480438509731
T,ACC,0.779526687427362
V,GTG,-0.4383265118354931
V,GTC,0.400928622643153
Y,TAC,0.105762959145755
Z,AGC,-0.0132835304829109
