AA,Codon,Mean
A,GCG,1.8153268119084383
A,GCC,1.00842327635288
C,TGC,0.536993169498444
D,GAC,1.38879972120126
E,GAG,0.709842134483655
F,TTC,0.908002525830269
G,GGG,1.4818817897213876
G,GGC,1.14559013864199
H,CAC,1.22887381540934
I,ATC,1.15971609446208
K,AAG,0.40773115529418
L,CTG,0.8645804875532839
L,CTC,1.3734905148019432
L,TTG,0.361373177127043
N,AAC,0.987005841179689
P,CCG,1.576427263693017
P,CCC,1.4424954247872
Q,CAG,0.565329872723421
R,AGG,0.946254640807706
R,CGG,0.655928151894113
R,CGC,1.36007791125774
S,TCG,1.286870821216703
S,TCC,0.97093935401837
T,ACG,1.411775685698782
T,ACC,0.93402132888635
V,GTG,-0.172642752210302
V,GTC,1.24054302116235
Y,TAC,0.97993317498366
Z,AGC,0.776507068268458
