AA,Codon,Mean
A,GCG,-0.5756467450027042
A,GCC,-0.572408501954873
C,TGC,-0.497962081207832
D,GAC,-0.721744386688868
E,GAG,-0.741869978952408
F,TTC,-0.638114939296246
G,GGG,-0.3090870085489304
G,GGC,-0.536809457975626
H,CAC,-0.852639425893625
I,ATC,-0.692713900061448
K,AAG,-0.652328041124344
L,CTG,-0.5759530930509171
L,CTC,-0.585261879106362
L,TTG,-1.0469927260836
N,AAC,-0.813991592291991
P,CCG,-0.4601740262856082
P,CCC,-0.39910488795042
Q,CAG,-0.754857998462518
R,AGG,-0.2193000517512987
R,CGG,-0.801799413394928
R,CGC,-0.514812624702851
S,TCG,-0.847572997805476
S,TCC,-0.439360849461953
T,ACG,-0.6802233245299504
T,ACC,-0.502725497939189
V,GTG,-0.98523759076794
V,GTC,-0.433947982511918
Y,TAC,-0.886504375656446
Z,AGC,-0.593071412018935
