AA,Codon,Mean
A,GCG,0.320168022984267
A,GCC,0.359522858093182
C,TGC,0.49241121246616
D,GAC,-0.130159525205195
E,GAG,0.533649957909187
F,TTC,-0.413781411673625
G,GGG,0.3730847887516041
G,GGC,0.308720938940843
H,CAC,-0.387831188625097
I,ATC,-0.162338720044494
K,AAG,-0.265252264160911
L,CTG,-0.104082540650666
L,CTC,-0.012897450864314985
L,TTG,0.216967141145468
N,AAC,-0.403511287422975
P,CCG,0.7638667834475641
P,CCC,0.778883493570487
Q,CAG,0.54646038334767
R,AGG,1.1101828707496328
R,CGG,-0.41737765975792995
R,CGC,0.427485661476851
S,TCG,0.39725965987046596
S,TCC,-0.0741726036737363
T,ACG,0.48273609495163505
T,ACC,-0.0988329797734817
V,GTG,-0.19561327531735107
V,GTC,-0.158553894857566
Y,TAC,-0.371674776172638
Z,AGC,-0.10950959390675
