AA,Codon,Mean
A,GCG,1.702835047310592
A,GCC,0.628444678854942
C,TGC,1.36188661519686
D,GAC,1.90149972677231
E,GAG,1.06360769253174
F,TTC,1.1302957918644
G,GGG,0.815572602833311
G,GGC,1.75377117520968
H,CAC,1.87759571682612
I,ATC,1.30648392269611
K,AAG,1.17846669965585
L,CTG,0.67431878698667
L,CTC,1.187294740863642
L,TTG,0.273659363713861
N,AAC,1.54381657001972
P,CCG,1.396679046074549
P,CCC,0.744746197203795
Q,CAG,1.21048825279077
R,AGG,0.8095831628973329
R,CGG,1.3420265709757802
R,CGC,2.07453190307617
S,TCG,1.431154834075769
S,TCC,0.870996326398849
T,ACG,1.2600575398405391
T,ACC,1.00053997381926
V,GTG,0.26938369316061406
V,GTC,1.5694761982282
Y,TAC,1.39822728062471
Z,AGC,1.60897896887461
