AA,Codon,Mean
A,GCG,2.267827883315084
A,GCC,1.15750762886206
C,TGC,2.21739804008802
D,GAC,2.50127585401535
E,GAG,1.63410005106926
F,TTC,1.07121886920929
G,GGG,1.2120393516222612
G,GGC,2.87345826524099
H,CAC,2.50657370646795
I,ATC,1.69628294490973
K,AAG,1.15830232718786
L,CTG,0.6801016876697499
L,CTC,1.649501446676254
L,TTG,0.799300737130642
N,AAC,1.95711790759563
P,CCG,2.18005531244079
P,CCC,1.5673190483888
Q,CAG,2.03533264767329
R,AGG,1.590330648042755
R,CGG,1.357985424784822
R,CGC,3.07033122960726
S,TCG,2.008078415083888
S,TCC,1.16866688535213
T,ACG,1.724905277880038
T,ACC,1.45611553608576
V,GTG,0.27456546967030016
V,GTC,2.01099811202685
Y,TAC,1.87245491576989
Z,AGC,2.39733148028056
