AA,Codon,Mean
A,GCG,1.8107895666825264
A,GCC,0.74620616462628
C,TGC,0.386408991440137
D,GAC,0.838078624431292
E,GAG,0.605262880718708
F,TTC,0.0974842232761284
G,GGG,1.560943925591308
G,GGC,0.97688326946497
H,CAC,0.621868469027678
I,ATC,0.525000023575624
K,AAG,0.461996072961887
L,CTC,0.611074254188938
L,TTG,-0.152375323723629
N,AAC,0.771372240058581
P,CCG,1.82207879975041
P,CCC,0.988441050414244
Q,CAG,1.16512874294917
R,AGG,1.3229662806472486
R,CGG,0.6728513927102041
R,CGC,0.767576062850157
S,TCG,1.1579212258711449
S,TCC,0.702085016469161
T,ACG,1.472550400250162
T,ACC,0.70561318795681
V,GTG,-0.27753254375855296
V,GTC,0.605209184153875
Y,TAC,0.241383932802081
Z,AGC,0.333873246528705
