AA,Codon,Mean
A,GCG,-0.8243141918063179
A,GCC,-1.13714656655788
C,TGC,-0.483928690334161
D,GAC,-1.37379910784562
E,GAG,-1.07203380717436
F,TTC,-0.50321199666063
G,GGG,-0.89188360854884
G,GGC,-1.1154904705286
H,CAC,-1.1528880973657
I,ATC,-0.88344512346983
K,AAG,-1.06706394532919
L,CTC,-0.8156937559783459
L,TTG,-1.76987046950658
N,AAC,-1.45575838038921
P,CCG,-1.3035449614274108
P,CCC,-0.998622735706965
Q,CAG,-1.2128943374157
R,AGG,-0.10416247774759901
R,CGG,-1.325419240276019
R,CGC,-0.965616086443265
S,TCG,-1.723862197212376
S,TCC,-0.964646975477537
T,ACG,-1.2787096870460717
T,ACC,-1.24974069592953
V,GTG,-1.683504304383197
V,GTC,-0.934743179742495
Y,TAC,-1.12184815461636
Z,AGC,-0.87259195202589
