AA,Codon,Mean
A,GCG,0.23339608763953001
A,GCC,0.424393120265007
C,TGC,0.0914712718538319
D,GAC,0.431026547684272
E,GAG,0.281133425490061
F,TTC,0.507080304976304
G,GGG,0.6108510400806859
G,GGC,-0.0539946300462509
H,CAC,0.769731726574898
I,ATC,0.585640075719357
K,AAG,0.115465571798384
L,CTG,-0.13932214056452102
L,CTC,0.389953392855327
L,TTG,-0.0569894431090772
N,AAC,0.788759767639637
P,CCG,0.191822824823856
P,CCC,0.795073717967669
Q,CAG,0.173909611821175
R,AGG,0.251761284174522
R,CGG,0.11168557907740195
R,CGC,-0.086001295911024
S,TCG,0.181399661355217
S,TCC,0.554091354489326
T,ACG,0.177399785597126
T,ACC,0.625255726210276
V,GTG,-0.364165437417725
V,GTC,0.277998666163286
Y,TAC,0.527902856880426
Z,AGC,0.375454579345385
