AA,Codon,Mean
A,GCG,-0.310767035368085
A,GCC,-0.211977271525065
C,TGC,-0.436539015267293
D,GAC,-0.360000029138724
E,GAG,-0.461075700555245
F,TTC,-0.618798001972834
G,GGG,0.08855928732951501
G,GGC,-0.0320182991991673
H,CAC,-0.590087004351616
I,ATC,-0.407680831805865
K,AAG,-0.558482378323873
L,CTG,-0.41257935727691103
L,CTC,-0.372082093530893
L,TTG,-0.702357416892052
N,AAC,-0.611858737405141
P,CCG,-0.176873609633247
P,CCC,-0.286894857807954
Q,CAG,-0.537588059812784
R,AGG,0.17912522646983497
R,CGG,0.09669481010834391
R,CGC,-0.0141811796767278
S,TCG,-0.39652338714053237
S,TCC,-0.332535234961907
T,ACG,-0.18379570411046298
T,ACC,-0.305083809179068
V,GTG,-0.33875520166953405
V,GTC,-0.347026211843888
Y,TAC,-0.551004754998287
Z,AGC,-0.412893179887533
