AA,Codon,Mean
A,GCG,0.11434944212833997
A,GCC,0.0318537072598313
C,TGC,0.426990103514989
D,GAC,-0.167470788633823
E,GAG,0.236776640019814
F,TTC,-0.428263375580311
G,GGG,-0.10598859908978098
G,GGC,0.486105824484428
H,CAC,-0.244672080890338
I,ATC,-0.189598039894303
K,AAG,-0.507799286244313
L,CTG,0.367278540142377
L,CTC,0.2660453866740069
L,TTG,-0.451341952329874
N,AAC,-0.525033000876506
P,CCG,0.819950024255117
P,CCC,0.456208105818431
Q,CAG,0.364897997691234
R,AGG,0.6694281795900121
R,CGG,-0.6466516810894001
R,CGC,0.635275859363874
S,TCG,0.005161755774419019
S,TCC,-0.0455356203636775
T,ACG,0.14364251314401594
T,ACC,-0.118402394816776
V,GTG,-0.36372206621666703
V,GTC,-0.0923596810946862
Y,TAC,-0.503497946550449
Z,AGC,0.0172805359141046
