AA,Codon,Mean
A,GCG,0.74485961424013
A,GCC,0.451385178856055
C,TGC,0.0955443259290109
D,GAC,0.497008135259151
E,GAG,0.456459165378412
F,TTC,-0.0173512178262411
G,GGG,0.563331986999511
G,GGC,0.429538349789381
H,CAC,0.49181761799256
I,ATC,0.246658772644401
K,AAG,0.443256383007765
L,CTG,0.020496718815962045
L,CTC,0.46736369175712295
L,TTG,-0.269536264271537
N,AAC,0.207229354015986
P,CCG,0.380230512220164
P,CCC,0.515795867868264
Q,CAG,0.220993594793479
R,AGG,0.478685839458312
R,CGG,0.459514976305762
R,CGC,0.526054960668087
S,TCG,0.35235204187197033
S,TCC,0.522213124253353
T,ACG,0.500102282437185
T,ACC,0.400995451680819
V,GTG,-0.06498528208037199
V,GTC,0.523912178194523
Y,TAC,0.0575142452167968
Z,AGC,0.196876214835048
