AA,Codon,Mean
A,GCG,1.825800849751628
A,GCC,0.801097614343961
C,TGC,0.787895969963074
D,GAC,1.50957722772757
E,GAG,1.11318489855925
F,TTC,0.719236502174536
G,GGG,0.32790530670707474
G,GGC,1.07085664785306
H,CAC,1.49412640726566
I,ATC,1.18561899638971
K,AAG,1.1514435132424
L,CTC,1.5263358486867171
L,TTG,0.364498777010043
N,AAC,1.21989034430981
P,CCG,1.266539727058202
P,CCC,0.851896496697267
Q,CAG,1.34233961957296
R,AGG,0.9563228925297611
R,CGG,0.980586572422584
R,CGC,0.95084603959322
S,TCG,1.121129731580615
S,TCC,0.889601185552279
T,ACG,1.0569101420283271
T,ACC,0.923745201897621
V,GTG,0.30032551072140495
V,GTC,1.47899151423772
Y,TAC,1.1541959842205
Z,AGC,1.14205082526207
