AA,Codon,Mean
A,GCG,0.29628515861431703
A,GCC,0.055255873405685
C,TGC,0.389858089862267
D,GAC,-0.125330409644544
E,GAG,0.448066105888287
F,TTC,-0.26237607532839
G,GGG,0.31460176658431693
G,GGC,0.53702342296044
H,CAC,-0.34714912434419
I,ATC,-0.0717564024674396
K,AAG,-0.408963279932737
L,CTC,0.09598043456938246
L,TTG,0.0360139847856015
N,AAC,-0.354009361207485
P,CCG,0.985500587888558
P,CCC,0.625002511886756
Q,CAG,0.51402578051885
R,AGG,0.773724581198954
R,CGG,0.21474926517009996
R,CGC,0.741234963436921
S,TCG,0.256899524499973
S,TCC,-0.00351687462666905
T,ACG,0.35592417237361307
T,ACC,-0.0393621727284044
V,GTG,-0.07253387766480401
V,GTC,-0.0530040355396767
Y,TAC,-0.397899730962515
Z,AGC,0.0732931267355258
