AA,Codon,Mean
A,GCG,2.009125287306306
A,GCC,0.926320043981075
C,TGC,0.738170841920376
D,GAC,1.51248268351555
E,GAG,1.18078138679663
F,TTC,0.857923499703407
G,GGG,0.52033852241834
G,GGC,0.964459065008163
H,CAC,1.52248391727606
I,ATC,1.26296258956591
K,AAG,1.17070697792371
L,CTC,1.507124361038709
L,TTG,0.428587153816223
N,AAC,1.31378839423656
P,CCG,1.2952904595198778
P,CCC,0.904990177007516
Q,CAG,1.37509067885876
R,AGG,0.914227956020835
R,CGG,1.065576845900218
R,CGC,0.962539403764407
S,TCG,1.278937993911898
S,TCC,0.963617771132787
T,ACG,1.178203711274761
T,ACC,0.982132901366552
V,GTG,0.407650976489981
V,GTC,1.49945558759371
Y,TAC,1.23329614500999
Z,AGC,1.0034612244606
