AA,Codon,Mean
A,GCG,1.556852789537112
A,GCC,0.175286559904615
C,TGC,0.305288666104277
D,GAC,0.625664346369108
E,GAG,0.425961551596721
F,TTC,0.30473392084837
G,GGG,0.32455632029960946
G,GGC,0.0514974463633494
H,CAC,0.727560616052151
I,ATC,0.250449340980252
K,AAG,0.362220040355126
L,CTC,0.3076342688929289
L,TTG,-0.46453680138389303
N,AAC,0.573914256024361
P,CCG,0.388107007137934
P,CCC,0.213585569727421
Q,CAG,0.138530341996749
R,AGG,0.17293697281479803
R,CGG,0.024618528795241956
R,CGC,0.00233397445086274
S,TCG,0.427585548809404
S,TCC,0.192555097754796
T,ACG,0.5166330426582774
T,ACC,0.205635020985206
V,GTG,-0.864658941445748
V,GTC,0.439087916787465
Y,TAC,0.32795469503204
Z,AGC,0.371156249751647
