AA,Codon,Mean
A,GCG,0.20711414142052298
A,GCC,0.127108627410233
C,TGC,0.208571476662159
D,GAC,-0.199077017996709
E,GAG,-0.171716855104764
F,TTC,-0.232196374310056
G,GGG,0.7403007577518599
G,GGC,0.427347058745225
H,CAC,-0.412071079919736
I,ATC,0.00690333031320327
K,AAG,-0.424185043607155
L,CTC,0.17293423581123402
L,TTG,-0.39493971118331
N,AAC,-0.366244241772095
P,CCG,0.9354995973313849
P,CCC,0.349879950245221
Q,CAG,0.240706974761685
R,AGG,0.768384876680374
R,CGG,-0.707036878939465
R,CGC,0.575398803218206
S,TCG,-0.17431160334149992
S,TCC,0.10653987403512
T,ACG,0.004975766982634966
T,ACC,0.00223692956798591
V,GTG,-0.378213369033734
V,GTC,0.0223722273286451
Y,TAC,-0.404614041405916
Z,AGC,-0.0643853444365164
