AA,Codon,Mean
A,GCG,1.2478658280094461
A,GCC,-0.360470213109255
C,TGC,0.0522122960358955
D,GAC,0.185610640073816
E,GAG,-0.0564494692921639
F,TTC,-0.063902875604853
G,GGG,0.2419988579521536
G,GGC,-0.398401037224134
H,CAC,0.247599969730775
I,ATC,-0.189341827802857
K,AAG,-0.116648124159873
L,CTC,-0.03639117658734298
L,TTG,-1.03780824325879
N,AAC,-0.00407438946601411
P,CCG,-0.030447864759961973
P,CCC,-0.17833485438327
Q,CAG,-0.366376544006666
R,AGG,0.238230715408921
R,CGG,-0.40707114230593
R,CGC,-0.30219950615267
S,TCG,-0.331880258070429
S,TCC,-0.337899566529195
T,ACG,0.016637397608161006
T,ACC,-0.351070781777302
V,GTG,-1.368744235436124
V,GTC,0.0111903613700554
Y,TAC,-0.201097267191609
Z,AGC,0.0224276809310864
