AA,Codon,Mean
A,GCG,0.155965465016912
A,GCC,0.21987703880022
C,TGC,-0.215202876408402
D,GAC,-0.189491837354455
E,GAG,-0.546685992068052
F,TTC,0.386374917093913
G,GGG,0.6765886358727099
G,GGC,-0.214854429668576
H,CAC,0.0551353615153096
I,ATC,0.248086298598846
K,AAG,-0.0182419333719221
L,CTG,-0.533887633612752
L,CTC,0.27754736223419496
L,TTG,-0.844609457333883
N,AAC,-0.223077678529421
P,CCG,0.3282747186040976
P,CCC,0.256422300765341
Q,CAG,-0.52009571820298806
R,AGG,0.23409248031774998
R,CGG,0.434466669335026
R,CGC,-0.109504941103863
S,TCG,0.05964748680676531
S,TCC,0.0466714440629586
T,ACG,0.565980005441338
T,ACC,0.170605621506895
V,GTG,-0.856145244652033
V,GTC,0.396330061451594
Y,TAC,-0.0519319541096008
Z,AGC,-0.49444600541393
