AA,Codon,Mean
A,GCG,2.686335466118656
A,GCC,1.49300808039506
C,TGC,2.69253543604215
D,GAC,2.56184707075755
E,GAG,2.93529085706075
F,TTC,0.513329490383466
G,GGG,1.5007412727991702
G,GGC,3.23234809263547
H,CAC,1.49200754371484
I,ATC,1.35933175110022
K,AAG,1.47295910417239
L,CTG,1.764799743171534
L,CTC,1.701219964897628
L,TTG,2.75476939843496
N,AAC,1.95213596060276
P,CCG,3.126808564341066
P,CCC,2.54145888175964
Q,CAG,2.5750520087719
R,AGG,2.446816857933994
R,CGG,1.0528292123317704
R,CGC,3.10819633146922
S,TCG,2.913598461335892
S,TCC,1.80933150393963
T,ACG,2.51573098935087
T,ACC,1.47572451593081
V,GTG,2.1553707003156397
V,GTC,1.29773212457498
Y,TAC,1.3551804948171
Z,AGC,2.54946472535133
