AA,Codon,Mean
A,GCG,0.39000150767962016
A,GCC,-0.843434985506535
C,TGC,-0.770490177790324
D,GAC,-0.19313892138799
E,GAG,0.0519874882470816
F,TTC,0.207954622335235
G,GGG,-0.18966908227602908
G,GGC,-1.31901283721924
H,CAC,-0.250815394169092
I,ATC,-0.0927440465857585
K,AAG,0.182647968215247
L,CTC,-0.4372566537564
L,TTG,-1.20524639115334
N,AAC,-0.14443179970632
P,CCG,-1.391953986590563
P,CCC,-0.979787282836437
Q,CAG,-0.867991685167948
R,AGG,0.04005720250416289
R,CGG,-0.975826916444303
R,CGC,-1.92863509426912
S,TCG,-0.705215097068747
S,TCC,-0.479644840218623
T,ACG,-0.321498662245273
T,ACC,-0.76916975085338
V,GTG,-1.5665017626851832
V,GTC,0.12824504211545
Y,TAC,-0.396194385717312
Z,AGC,-0.554384785763423
