AA,Codon,Mean
A,GCG,-0.6933534021695498
A,GCC,-2.26192846102715
C,TGC,-1.45242352441947
D,GAC,-1.53862146409353
E,GAG,-0.964340682915847
F,TTC,-0.239086012383302
G,GGG,-1.1284701446930518
G,GGC,-2.56191925546328
H,CAC,-1.61916113727887
I,ATC,-0.856485151255131
K,AAG,-0.666907832948367
L,CTC,-1.3050465413451189
L,TTG,-2.82153256001472
N,AAC,-1.46571695285638
P,CCG,-2.857137798566746
P,CCC,-2.17996151827176
Q,CAG,-2.10274216880004
R,AGG,0.232641045878331
R,CGG,-2.232497856396434
R,CGC,-3.1711788640817
S,TCG,-2.3984997758011564
S,TCC,-1.67839177467823
T,ACG,-1.597572563606502
T,ACC,-2.1025097641468
V,GTG,-3.110531579419975
V,GTC,-0.648962770676613
Y,TAC,-1.67179969472885
Z,AGC,-1.33057930075328
