AA,Codon,Mean
A,GCG,0.12107497664292999
A,GCC,0.876020144967238
C,TGC,0.94632402771314
D,GAC,0.330821863677104
E,GAG,0.214018635595838
F,TTC,-0.254530392232537
G,GGG,1.2679476523756943
G,GGC,1.59652718277772
H,CAC,0.13789707548668
I,ATC,0.313405188085635
K,AAG,-0.52398115105629
L,CTC,0.8252853274663271
L,TTG,-0.0242555418550468
N,AAC,-0.0478398224275559
P,CCG,2.186561299741765
P,CCC,1.33639417339961
Q,CAG,1.27735008405844
R,AGG,1.450911874816815
R,CGG,0.5812369830926201
R,CGC,2.22012007427216
S,TCG,0.3974196223576879
S,TCC,0.698911334570249
T,ACG,0.566587858466304
T,ACC,0.621431259667873
V,GTG,0.24634368242026006
V,GTC,0.336801115532716
Y,TAC,-0.0250248875568206
Z,AGC,0.561462156869968
