AA,Codon,Mean
A,GCG,-0.47728320380847
A,GCC,-2.27268206577301
C,TGC,-1.07761508440574
D,GAC,-1.57168508770466
E,GAG,-0.823027516539892
F,TTC,-0.333131601928671
G,GGG,-0.8224977005402299
G,GGC,-3.24056270462672
H,CAC,-1.65692939244906
I,ATC,-1.08710671387911
K,AAG,-0.543543556821346
L,CTC,-1.0903193078001339
L,TTG,-3.43108557964961
N,AAC,-1.68393458933036
P,CCG,-2.6941785942889243
P,CCC,-2.24746333025297
Q,CAG,-2.33564009749095
R,AGG,-0.637269813056787
R,CGG,-2.1088207966193506
R,CGC,-1.85585139056842
S,TCG,-2.5127076861609967
S,TCC,-1.83980738875866
T,ACG,-1.7761648181954988
T,ACC,-2.0921929921627
V,GTG,-3.69153775208394
V,GTC,-0.79753622965018
Y,TAC,-1.74878642428716
Z,AGC,-1.82614611100356
