AA,Codon,Mean
A,GCG,1.1885601440747602
A,GCC,1.66667149182161
C,TGC,0.811093263665835
D,GAC,1.04316145570676
E,GAG,0.440802225065231
F,TTC,0.0581424406954524
G,GGG,1.4026827282587702
G,GGC,2.48408814258575
H,CAC,1.0283880737861
I,ATC,0.729559496251742
K,AAG,0.094765736570706
L,CTC,0.903946784617506
L,TTG,1.35304520026048
N,AAC,0.964809121084213
P,CCG,2.7864590466381522
P,CCC,1.81863335897923
Q,CAG,1.76209667199453
R,AGG,1.430715037743253
R,CGG,1.399040360093113
R,CGC,1.45884068617821
S,TCG,1.7197369768430821
S,TCC,1.38465911516349
T,ACG,1.5436324441194538
T,ACC,1.38080476911068
V,GTG,1.400704388825097
V,GTC,0.66534945811828
Y,TAC,0.763712487959862
Z,AGC,1.1195632715265
