AA,Codon,Mean
A,GCG,0.16375079012711902
A,GCC,0.291798228333394
C,TGC,0.522770683983962
D,GAC,0.00862419795398597
E,GAG,0.244176164354881
F,TTC,-0.221520010778308
G,GGG,0.757676590631404
G,GGC,0.810449455281099
H,CAC,-0.231706893342733
I,ATC,0.0657516401410103
K,AAG,-0.436279863433043
L,CTC,0.21428616191744804
L,TTG,-0.251327937873205
N,AAC,-0.253839299664895
P,CCG,0.9929125670619305
P,CCC,0.28918854778409
Q,CAG,0.531745441331466
R,AGG,1.09169578760465
R,CGG,-0.3417020718336201
R,CGC,0.952459377074242
S,TCG,0.010093623812994057
S,TCC,0.189967213300864
T,ACG,-0.02001314297119794
T,ACC,0.133184605095287
V,GTG,-0.24748681997855504
V,GTC,0.14862727313141
Y,TAC,-0.261385314721862
Z,AGC,0.282395353141427
