AA,Codon,Mean
A,GCG,0.5283837951858841
A,GCC,-0.806047625652949
C,TGC,-0.227759717298547
D,GAC,-0.401437817672888
E,GAG,-0.430540753169854
F,TTC,-0.100307364702721
G,GGG,0.054311979313691916
G,GGC,-0.934386544338862
H,CAC,-0.341476910793781
I,ATC,-0.264504264275233
K,AAG,-0.60997334763209
L,CTC,-0.23372271676162898
L,TTG,-1.21896478284995
N,AAC,-0.444319931974014
P,CCG,-0.696797577106953
P,CCC,-0.588485588077704
Q,CAG,-0.79267553473711
R,AGG,0.08408327102995197
R,CGG,-0.03347311209440196
R,CGC,-0.793346194752057
S,TCG,-0.6154209068637342
S,TCC,-0.505819994310538
T,ACG,-0.3013145924951612
T,ACC,-0.974805870433648
V,GTG,-1.499753126726547
V,GTC,-0.178274200189114
Y,TAC,-0.569450458884239
Z,AGC,-0.424068940565983
