AA,Codon,Mean
A,GCG,1.046282374016444
A,GCC,-0.281392737844586
C,TGC,0.257183219481508
D,GAC,0.286917556637526
E,GAG,0.144700345575809
F,TTC,0.18268937317431
G,GGG,0.4992236894477118
G,GGC,-0.0601127045764481
H,CAC,0.320896441831191
I,ATC,0.18061305030783
K,AAG,-0.172090887582302
L,CTC,0.2886213728127513
L,TTG,-0.591170928637187
N,AAC,0.177326732423902
P,CCG,0.08329439118504495
P,CCC,-0.0629202005025931
Q,CAG,0.00158220714756595
R,AGG,0.543493514373899
R,CGG,0.339145176152388
R,CGC,-0.0610875819003114
S,TCG,0.1043343562520721
S,TCC,-0.0634047909925381
T,ACG,0.24947245530734502
T,ACC,-0.393132008310159
V,GTG,-1.024500674247742
V,GTC,0.286147241477172
Y,TAC,0.0797332566765447
Z,AGC,0.173429765270154
