AA,Codon,Mean
A,GCG,1.54211112190485
A,GCC,0.850596428509553
C,TGC,0.450993706065416
D,GAC,1.05952118651867
E,GAG,0.75966413217783
F,TTC,0.785258755179246
G,GGG,0.8286600669374069
G,GGC,0.744424114481608
H,CAC,1.21020300839742
I,ATC,1.01286897499164
K,AAG,0.503542117019494
L,CTC,0.9696423860232
L,TTG,0.12936254119724
N,AAC,1.06662356648445
P,CCG,1.0182060935432709
P,CCC,0.822094423834483
Q,CAG,0.620675404342016
R,AGG,0.700020599762599
R,CGG,0.6973020026952019
R,CGC,0.822791878096263
S,TCG,0.730195833176374
S,TCC,0.917668511009216
T,ACG,0.85861081665059
T,ACC,0.889321126572291
V,GTG,0.378640761678418
V,GTC,1.08698265252908
Y,TAC,0.891547338052591
Z,AGC,0.655660135785739
