AA,Codon,Mean
A,GCG,0.05148892656366
A,GCC,0.0477735813548168
C,TGC,0.47526835556229
D,GAC,-0.121249099771678
E,GAG,0.384401175628106
F,TTC,-0.369857535076141
G,GGG,0.19640834954977004
G,GGC,0.520612149771055
H,CAC,-0.359050092766682
I,ATC,-0.118536816135049
K,AAG,-0.310899073402087
L,CTC,0.128714303656419
L,TTG,0.104349864083529
N,AAC,-0.374791430636247
P,CCG,0.804046660317977
P,CCC,0.695034403963884
Q,CAG,0.441340907386939
R,AGG,0.7107846184040888
R,CGG,-0.12975671320755988
R,CGC,0.777696430444717
S,TCG,0.013341612795989
S,TCC,-0.00819111313458828
T,ACG,0.22839061751365602
T,ACC,-0.113929600630204
V,GTG,-0.15591705569028902
V,GTC,-0.0678494893523554
Y,TAC,-0.409847995748123
Z,AGC,0.0529277583077239
