AA,Codon,Mean
A,GCG,0.01967576443354291
A,GCC,0.165339415956537
C,TGC,0.313439120072126
D,GAC,-0.145499653157095
E,GAG,-0.26641143284142
F,TTC,-0.315751884325345
G,GGG,0.9014030671954141
G,GGC,0.53805386073192
H,CAC,-0.273369164390365
I,ATC,0.0388825574052831
K,AAG,-0.498065974018971
L,CTC,0.199516154358784
L,TTG,-0.472116050483783
N,AAC,-0.321437530080477
P,CCG,1.4075982967113476
P,CCC,0.36460372552077
Q,CAG,-0.106903584047655
R,AGG,0.820018333803614
R,CGG,-0.09121344850857982
R,CGC,0.716099870999654
S,TCG,-0.147076974457503
S,TCC,0.121677818184098
T,ACG,0.15706134578784303
T,ACC,0.0496900127725055
V,GTG,-0.312842094355821
V,GTC,0.0232090273502274
Y,TAC,-0.308730668811997
Z,AGC,0.114574254604677
