AA,Codon,Mean
A,GCG,1.070833936397235
A,GCC,-0.0978236953447262
C,TGC,-0.304344972357154
D,GAC,-0.0835318289426466
E,GAG,-0.0497143296520536
F,TTC,-0.0824874793012937
G,GGG,0.186007868219415
G,GGC,-0.714745036300023
H,CAC,-0.0535573880768245
I,ATC,-0.177765111666918
K,AAG,-0.0292398816902091
L,CTC,-0.0605727780891002
L,TTG,-1.1899010848204301
N,AAC,-0.19200024895668
P,CCG,-0.4098774959400296
P,CCC,-0.135962758228183
Q,CAG,-0.364478595407804
R,AGG,0.20783485774795207
R,CGG,-0.16360939067999503
R,CGC,-0.287388574021061
S,TCG,-0.1806597634645563
S,TCC,-0.140312433582544
T,ACG,0.06854253098368701
T,ACC,-0.232393942694863
V,GTG,-1.333148445185026
V,GTC,0.0209441214374375
Y,TAC,-0.558870115141074
Z,AGC,-0.503628790551424
