AA,Codon,Mean
A,GCG,0.7025814588590751
A,GCC,-0.599306598865986
C,TGC,-0.27351617351075
D,GAC,-0.774960803441207
E,GAG,-0.497676385474205
F,TTC,-0.398507349495093
G,GGG,0.23632599566560553
G,GGC,-0.991382432174683
H,CAC,-0.851950907882055
I,ATC,-0.448457131103675
K,AAG,-0.538257232344151
L,CTC,-0.248731901479761
L,TTG,-2.17691137388547
N,AAC,-0.920335014311473
P,CCG,-0.61786203692158
P,CCC,-0.505516933474938
Q,CAG,-1.16334168201288
R,AGG,0.647518681217233
R,CGG,-0.9264345022042589
R,CGC,-0.174757170567662
S,TCG,-1.1076601363360878
S,TCC,-0.537070205400387
T,ACG,-0.537520547309518
T,ACC,-0.783026056273778
V,GTG,-2.2229523638010003
V,GTC,-0.240272649712364
Y,TAC,-1.31837161633968
Z,AGC,-0.836629166678588
