AA,Codon,Mean
A,GCG,0.540917577854796
A,GCC,0.0965600663011273
C,TGC,0.55059795332551
D,GAC,-0.0663701457175116
E,GAG,0.325942194084326
F,TTC,-0.377212907922268
G,GGG,0.8852274079362559
G,GGC,0.605607594211896
H,CAC,-0.363904207297166
I,ATC,-0.0332387631481203
K,AAG,-0.540700047500928
L,CTG,0.1315649432420729
L,CTC,0.28872609666188603
L,TTG,-0.2646165572534
N,AAC,-0.445223664305608
P,CCG,1.159175286179781
P,CCC,1.20834365242322
Q,CAG,0.783855484104157
R,AGG,1.6042171166777621
R,CGG,0.03965219403107989
R,CGC,0.92611401199102406
S,TCG,0.6385202806532351
S,TCC,0.0390447675847759
T,ACG,0.574022931289671
T,ACC,-0.0199979693669981
V,GTG,-1.2638994051535968
V,GTC,-0.0721276002084215
Y,TAC,-0.482484070728223
Z,AGC,0.065510071722356
