AA,Codon,Mean
A,GCG,1.4556039057162793
A,GCC,0.714456528913975
C,TGC,0.738905518213908
D,GAC,1.13355974822839
E,GAG,0.596375422008832
F,TTC,0.346174224684636
G,GGG,0.6983610712101069
G,GGC,1.30798419028918
H,CAC,1.19685727307002
I,ATC,0.374469746611516
K,AAG,0.592268033313751
L,CTG,0.08137855066457989
L,CTC,0.6085734069466561
L,TTG,-0.446318508760134
N,AAC,0.553556863689423
P,CCG,1.402791741744678
P,CCC,0.90348106482029
Q,CAG,0.542829810792208
R,AGG,1.2793492847974068
R,CGG,0.5795414612044625
R,CGC,1.44766474338373
S,TCG,1.209267591985067
S,TCC,0.518958532714844
T,ACG,1.007480231422186
T,ACC,0.621747076400121
V,GTG,-0.9963996684551231
V,GTC,0.999870836599668
Y,TAC,0.669169071427981
Z,AGC,0.976557501459122
