AA,Codon,Mean
A,GCG,0.24211207594871598
A,GCC,0.00689743638929061
C,TGC,0.626828468271097
D,GAC,-0.132389477237562
E,GAG,0.733336506326993
F,TTC,-0.524178699858983
G,GGG,-0.801082425439361
G,GGC,0.509162016002337
H,CAC,-0.199638213115931
I,ATC,-0.15603874258101
K,AAG,-0.288611901162068
L,CTG,0.5327227179113159
L,CTC,0.7762508890353669
L,TTG,0.316453383763631
N,AAC,-0.467112052589655
P,CCG,1.0591003783484298
P,CCC,0.656559546411037
Q,CAG,0.947805616855621
R,AGG,1.2656223780160722
R,CGG,0.027296690988550143
R,CGC,0.994067632023493
S,TCG,0.21010857820113493
S,TCC,-0.0239981516934931
T,ACG,0.41505340146223413
T,ACC,-0.0824595336628457
V,GTG,-0.33003163040081707
V,GTC,-0.148894460514188
Y,TAC,-0.449299677562714
Z,AGC,0.130676136857271
