AA,Codon,Mean
A,GCG,1.431472268833715
A,GCC,0.584304416386286
C,TGC,0.910706845720609
D,GAC,1.25770467050076
E,GAG,0.694133572852612
F,TTC,0.502080191425482
G,GGG,0.17210838632981001
G,GGC,1.02471534196138
H,CAC,1.27273615094821
I,ATC,0.598417471520106
K,AAG,0.600406314706802
L,CTG,0.21108238716920202
L,CTC,0.8129192252596229
L,TTG,0.239605200335383
N,AAC,1.04573657163779
P,CCG,1.414779905196031
P,CCC,0.351959255365531
Q,CAG,0.936286617406209
R,AGG,0.880855334872003
R,CGG,0.834425221505001
R,CGC,1.24092978672981
S,TCG,1.058341752914588
S,TCC,0.589086810088158
T,ACG,1.186386886620522
T,ACC,0.67914493008852
V,GTG,0.0031873908145352986
V,GTC,0.595157228954633
Y,TAC,1.10659471220175
Z,AGC,1.12230296653907
