AA,Codon,Mean
A,GCG,0.944470950189233
A,GCC,0.673037300340335
C,TGC,0.581894420754909
D,GAC,0.577251416496436
E,GAG,0.572828679911296
F,TTC,0.610087362996737
G,GGG,0.582839263775945
G,GGC,0.385604871584972
H,CAC,0.906702321441968
I,ATC,0.659578722294172
K,AAG,0.615335313590368
L,CTG,-0.027196833715163512
L,CTC,0.49946037098740537
L,TTG,0.114956008742005
N,AAC,0.683129314104716
P,CCG,0.74336590531071
P,CCC,0.779755612583955
Q,CAG,0.00608795695321457
R,AGG,0.31554408689737307
R,CGG,0.572103491838338
R,CGC,0.404521666777134
S,TCG,0.566768686261773
S,TCC,0.809708375036716
T,ACG,0.761628474889199
T,ACC,0.625245642109712
V,GTG,0.16089070855876964
V,GTC,0.55712635260423
Y,TAC,0.728481073884169
Z,AGC,0.450731404580673
