AA,Codon,Mean
A,GCG,0.27404990207354707
A,GCC,0.0369084493391216
C,TGC,0.254790440179904
D,GAC,-0.075126766747733
E,GAG,-0.331928994582097
F,TTC,-0.361479174474875
G,GGG,1.008492696758114
G,GGC,0.347568733859062
H,CAC,-0.458096454656124
I,ATC,-0.0499073274926593
K,AAG,-0.709138624846935
L,CTG,-0.3252676095883049
L,CTC,0.1053199981775911
L,TTG,-0.562666990407308
N,AAC,-0.342076704182227
P,CCG,0.762159110756716
P,CCC,0.0415254984324177
Q,CAG,0.39401611054341
R,AGG,1.109326593189439
R,CGG,0.4317656022310301
R,CGC,0.547195729649067
S,TCG,-0.20269765731493594
S,TCC,0.062459994931519
T,ACG,0.164452103896934
T,ACC,0.0100586825748018
V,GTG,-0.210326736899217
V,GTC,0.00170942895532737
Y,TAC,-0.301358046545585
Z,AGC,0.0122854451522129
