AA,Codon,Mean
A,GCG,0.578236816270153
A,GCC,0.0726614320802813
C,TGC,0.572697070145607
D,GAC,-0.169238141779105
E,GAG,0.335784208462636
F,TTC,0.0521665736919114
G,GGG,0.6445399189045029
G,GGC,-0.187515890547633
H,CAC,0.346883310119311
I,ATC,0.0754827394781013
K,AAG,0.783025021958351
L,CTG,-0.8418471933428155
L,CTC,-0.3422078620754041
L,TTG,0.0137523468283062
N,AAC,0.0333950596553837
P,CCG,0.2978621043835104
P,CCC,0.190564073040088
Q,CAG,-0.252185645393531
R,AGG,0.6204122514822703
R,CGG,0.581319607824092
R,CGC,-0.137950711887827
S,TCG,-0.09912318729956898
S,TCC,0.361106532869736
T,ACG,0.374530855006476
T,ACC,0.0133290498529474
V,GTG,-0.4430733767348413
V,GTC,-0.121758590578039
Y,TAC,0.0757117231436539
Z,AGC,0.174707091382146
