AA,Codon,Mean
A,GCG,0.7727914743344
A,GCC,-0.00328299551322932
C,TGC,0.783919858280818
D,GAC,-0.0145348554134442
E,GAG,0.712452438775698
F,TTC,-0.585573405985037
G,GGG,0.42695889828205
G,GGC,0.820211706821124
H,CAC,-0.256229003944
I,ATC,-0.14378161897907701
K,AAG,-0.455709830391407
L,CTG,0.7717574322350244
L,CTC,1.3279057763735458
L,TTG,0.317789715999365
N,AAC,-0.399986377372344
P,CCG,1.054228570483128
P,CCC,1.51944326638381
Q,CAG,0.988419650018215
R,AGG,1.83256767090559
R,CGG,0.9987605617682096
R,CGC,1.37111096878052
S,TCG,0.7912535150408709
S,TCC,-0.0909553014223774
T,ACG,1.280023742552603
T,ACC,-0.0923999554077784
V,GTG,0.8535068630496621
V,GTC,-0.0423011294198533
Y,TAC,-0.437062465904156
Z,AGC,0.176839218529065
