AA,Codon,Mean
A,GCG,1.255910892211397
A,GCC,0.502898006709417
C,TGC,0.0381036888440108
D,GAC,0.492312829728921
E,GAG,0.471425813905398
F,TTC,0.67516411601305
G,GGG,0.499285459699233
G,GGC,0.375723992304007
H,CAC,0.401740446096659
I,ATC,0.527955570964018
K,AAG,0.534626699487368
L,CTG,-0.4089726697365429
L,CTC,0.5798044393062609
L,TTG,-0.727085904510816
N,AAC,0.180617200260361
P,CCG,1.098683034039905
P,CCC,0.673116671442985
Q,CAG,0.377857332561413
R,AGG,1.1115489795843798
R,CGG,0.5085841133032497
R,CGC,0.544952655935288
S,TCG,1.043639875522256
S,TCC,0.653441367125511
T,ACG,1.176710034932693
T,ACC,0.375915759535631
V,GTG,-0.198511093789836
V,GTC,0.889592512452602
Y,TAC,0.0672248512368028
Z,AGC,-0.101626130808642
