AA,Codon,Mean
A,GCG,0.754398198251769
A,GCC,-0.144245011375844
C,TGC,-0.494174273387591
D,GAC,-0.296147564872106
E,GAG,-0.355379620234172
F,TTC,0.107744308964411
G,GGG,-0.14415241368611603
G,GGC,-0.343796941284339
H,CAC,-0.396719348520041
I,ATC,-0.257768713171283
K,AAG,-0.170355253158013
L,CTG,-1.538917533473173
L,CTC,-0.04550564225117398
L,TTG,-1.68629546693166
N,AAC,-0.642961130511761
P,CCG,0.642513787238796
P,CCC,0.00529114423390495
Q,CAG,-0.623315529541175
R,AGG,0.71108122238318
R,CGG,-0.619444533919292
R,CGC,0.058310674520319
S,TCG,0.42472619381378
S,TCC,-0.163682136038939
T,ACG,0.8819898307234824
T,ACC,-0.29650663455228
V,GTG,-1.222590562498569
V,GTC,0.349648073679209
Y,TAC,-0.789121705845992
Z,AGC,-0.831126427435875
