AA,Codon,Mean
A,GCG,0.13354881640176003
A,GCC,0.0686634481253723
C,TGC,0.322539304614067
D,GAC,-0.0472493274133652
E,GAG,0.133396279233197
F,TTC,-0.179148631759485
G,GGG,0.09628205450574501
G,GGC,0.358551894213756
H,CAC,-0.129130977827311
I,ATC,-0.0625910008912285
K,AAG,-0.118645379771789
L,CTG,0.196146813434362
L,CTC,0.210256631535291
L,TTG,-0.0983681015749772
N,AAC,-0.177486547184984
P,CCG,0.509680928198496
P,CCC,0.307153041805824
Q,CAG,0.222230279792349
R,AGG,0.4029964897854324
R,CGG,-0.3319470414559049
R,CGC,0.406930239591996
S,TCG,0.027592723381518997
S,TCC,0.0114392969824147
T,ACG,0.08360634871622002
T,ACC,-0.0346942496687795
V,GTG,-0.10635683647195499
V,GTC,-0.0115888572855233
Y,TAC,-0.166231046216687
Z,AGC,0.0523118702449525
