AA,Codon,Mean
A,GCG,0.857412761912744
A,GCC,0.576112810814381
C,TGC,0.15009470037967
D,GAC,0.851756278443336
E,GAG,0.437612217636903
F,TTC,0.459556588657697
G,GGG,0.6906169447902704
G,GGC,0.411545235659679
H,CAC,0.804157747034232
I,ATC,0.621481670951843
K,AAG,0.48435646995306
L,CTG,-0.23845323001742397
L,CTC,0.516437750724952
L,TTG,-0.110007338232299
N,AAC,0.75057419894139
P,CCG,0.6662285730053981
P,CCC,0.484248715251684
Q,CAG,0.360761063714822
R,AGG,0.5949011155247681
R,CGG,0.831607397773861
R,CGC,0.432900794186195
S,TCG,0.65447027112941
S,TCC,0.57315790763696
T,ACG,0.708494655782977
T,ACC,0.554946116288503
V,GTG,0.08324924647212001
V,GTC,0.702769909493128
Y,TAC,0.507333954356114
Z,AGC,0.334548301448425
