AA,Codon,Mean
A,GCG,1.116261974153914
A,GCC,0.570476337512334
C,TGC,0.532083782569567
D,GAC,0.845922667694092
E,GAG,0.71299068428278
F,TTC,0.520590854738156
G,GGG,0.645187037189805
G,GGC,1.11037664113045
H,CAC,0.663664544928074
I,ATC,0.848274067266782
K,AAG,0.298959604693453
L,CTG,0.16457310401598013
L,CTC,0.9838390632232009
L,TTG,-0.525876092181603
N,AAC,0.57902703337272
P,CCG,1.5746902900108464
P,CCC,0.611274445899328
Q,CAG,0.785324732808272
R,AGG,0.826591727872689
R,CGG,0.8203081351757019
R,CGC,1.14788550466696
S,TCG,0.6554300011912999
S,TCC,0.712667199150721
T,ACG,0.7259808279633531
T,ACC,0.717784938887755
V,GTG,-0.376089707239469
V,GTC,0.765483318301042
Y,TAC,0.325896261772513
Z,AGC,0.477104522325595
