AA,Codon,Mean
A,GCG,-0.562832041539749
A,GCC,-0.517289542041222
C,TGC,-0.535926638595263
D,GAC,-0.457256634138028
E,GAG,-0.500503454224269
F,TTC,-0.291399032005668
G,GGG,-0.4214759131848809
G,GGC,-0.818792283809185
H,CAC,-0.401906165309747
I,ATC,-0.652931609336535
K,AAG,-0.280771958306432
L,CTG,-0.6954951268762349
L,CTC,-0.7569542233315609
L,TTG,-0.253816485030452
N,AAC,-0.449965941580137
P,CCG,-0.969716724965691
P,CCC,-0.525462311498324
Q,CAG,-0.597298908933004
R,AGG,-0.66079416766564
R,CGG,-0.5929831097125999
R,CGC,-0.792570202235381
S,TCG,-0.537963845441739
S,TCC,-0.510398233238856
T,ACG,-0.518809788336356
T,ACC,-0.496468755515416
V,GTG,-0.280743651477495
V,GTC,-0.596584567928314
Y,TAC,-0.472607229173183
Z,AGC,-0.444683513792356
