AA,Codon,Mean
A,GCG,0.722044749359292
A,GCC,0.133982524588704
C,TGC,0.357629772186279
D,GAC,0.22491808797121
E,GAG,0.194856566992402
F,TTC,-0.0149047550363411
G,GGG,0.23110139150620013
G,GGC,1.14654197595119
H,CAC,-0.0126622839834731
I,ATC,0.175106346349915
K,AAG,-0.310128972655535
L,CTG,-0.2275450301408799
L,CTC,0.4998249311288201
L,TTG,-1.28707631293138
N,AAC,-0.188352768101295
P,CCG,1.492227195047343
P,CCC,0.177991953920325
Q,CAG,0.23376860789458
R,AGG,0.8848964131348742
R,CGG,0.26968504434427
R,CGC,1.07699600133499
S,TCG,-0.08958086742957605
S,TCC,0.34151815007329
T,ACG,0.20723439440330005
T,ACC,0.304008392504851
V,GTG,-1.0279222801227563
V,GTC,0.230852550605933
Y,TAC,-0.347857139702638
Z,AGC,0.132899430297812
