AA,Codon,Mean
A,GCG,-1.207758301154775
A,GCC,-1.71408975879351
C,TGC,-1.13240463436445
D,GAC,-1.69654081893762
E,GAG,-1.2573096028169
F,TTC,-0.949898056181272
G,GGG,-1.2928517886062438
G,GGC,-1.76567676582336
H,CAC,-1.5130083386898
I,ATC,-1.20843582971891
K,AAG,-1.09671004323959
L,CTC,-1.231982217488686
L,TTG,-2.11740189870199
N,AAC,-1.70820330732663
P,CCG,-1.8581421508056446
P,CCC,-1.49020626212756
Q,CAG,-1.6125698303779
R,AGG,-0.678711832644542
R,CGG,-1.650153036113579
R,CGC,-1.5414888364315
S,TCG,-2.071940873754024
S,TCC,-1.47484020123482
T,ACG,-1.692055393139523
T,ACC,-1.63187273433208
V,GTG,-1.90404224116619
V,GTC,-1.35310121117433
Y,TAC,-1.39567897870541
Z,AGC,-1.35391713687579
