AA,Codon,Mean
A,GCG,1.5516905368429945
A,GCC,0.886956920063496
C,TGC,0.639790230170886
D,GAC,0.882523483860493
E,GAG,0.703975911243757
F,TTC,0.484511024524768
G,GGG,1.2272155552476556
G,GGC,0.86046611341238
H,CAC,0.788416567134857
I,ATC,0.694617208814621
K,AAG,0.578830419647694
L,CTC,0.813667137720185
L,TTG,-0.188309401234488
N,AAC,0.769021000961463
P,CCG,1.613054366152484
P,CCC,0.996573416165511
Q,CAG,0.975049562601248
R,AGG,1.3017135222745788
R,CGG,0.7475948616825037
R,CGC,0.772836532485485
S,TCG,1.1112664910651722
S,TCC,1.05240164422989
T,ACG,1.2921273241341111
T,ACC,0.922098564736048
V,GTG,-0.04958800527254703
V,GTC,0.811861580300331
Y,TAC,0.432986880272627
Z,AGC,0.488160060312351
