AA,Codon,Mean
A,GCG,-0.040571363786855996
A,GCC,-0.062264928821971
C,TGC,0.0712888966202736
D,GAC,-0.212022885255019
E,GAG,0.0238097611315548
F,TTC,-0.225612151753902
G,GGG,0.165217208451033
G,GGC,0.200477387953798
H,CAC,-0.293510645763079
I,ATC,-0.141015223369002
K,AAG,-0.25393482799232
L,CTG,0.195021857363483
L,CTC,-0.020917903635899016
L,TTG,-0.499769756581386
N,AAC,-0.412434007509549
P,CCG,0.568208190492044
P,CCC,0.12950210566471
Q,CAG,-0.0123999727181646
R,AGG,0.6065726634824025
R,CGG,-0.736386019313332
R,CGC,0.290777235841751
S,TCG,-0.302972161239385
S,TCC,-0.0487327519929657
T,ACG,-0.048066264889637
T,ACC,-0.101294472184281
V,GTG,-0.3368606329316893
V,GTC,-0.0719668586214383
Y,TAC,-0.390919017877181
Z,AGC,-0.104146370089054
