AA,Codon,Mean
A,GCG,0.553026997358104
A,GCC,0.296342856977383
C,TGC,-0.039741408815184
D,GAC,0.248332223495841
E,GAG,0.41235622121493
F,TTC,0.161253007741769
G,GGG,0.5437568532102993
G,GGC,0.132497204208374
H,CAC,0.353273134613037
I,ATC,0.198489339884122
K,AAG,0.425152586495876
L,CTG,-0.549855367928744
L,CTC,0.32644915580948203
L,TTG,-0.593341102528572
N,AAC,0.18803012458384
P,CCG,0.313657245220243
P,CCC,0.280269051433603
Q,CAG,0.256627633435527
R,AGG,0.4970331572645035
R,CGG,0.47138002965748305
R,CGC,0.0205428323144958
S,TCG,0.20499009325009326
S,TCC,0.372034472902616
T,ACG,0.324267263138791
T,ACC,0.153614018300672
V,GTG,-0.38014384704336474
V,GTC,0.363305624345938
Y,TAC,-0.0741291679761062
Z,AGC,-0.0267772030461623
