AA,Codon,Mean
A,GCG,-0.11210369382699398
A,GCC,-1.20070493744214
C,TGC,-2.09500695005258
D,GAC,-1.94554115981261
E,GAG,-1.2493466375192
F,TTC,-0.55997843683958
G,GGG,-0.305324376030762
G,GGC,-2.28473605677287
H,CAC,-1.6874962321043
I,ATC,-1.39501881256898
K,AAG,-0.803613179560502
L,CTG,-2.903756761304537
L,CTC,-0.5672157089288866
L,TTG,-2.23900142715772
N,AAC,-2.31545256635348
P,CCG,-0.399201071953644
P,CCC,-0.289971832262476
Q,CAG,-2.08587021204631
R,AGG,0.2839947577555999
R,CGG,-0.466753617327052
R,CGC,-0.653941133775314
S,TCG,-0.6730850190579871
S,TCC,-1.10144926987489
T,ACG,-0.12336312458514787
T,ACC,-1.34415941509406
V,GTG,-2.31780093504985
V,GTC,-0.655167424207926
Y,TAC,-2.15314695554574
Z,AGC,-2.65197635544141
