AA,Codon,Mean
A,GCG,1.594535271159812
A,GCC,1.76924571135839
C,TGC,1.8777125755469
D,GAC,2.03059574120839
E,GAG,1.93800074632168
F,TTC,1.38504456373056
G,GGG,1.180153080228961
G,GGC,2.41664715019862
H,CAC,1.76871157376766
I,ATC,1.9828176148812
K,AAG,1.48206851884524
L,CTG,2.499577651416761
L,CTC,2.088028373328842
L,TTG,1.81199907728036
N,AAC,1.97514932783445
P,CCG,1.697081518734375
P,CCC,1.86000486408075
Q,CAG,2.45854728479385
R,AGG,1.4599231962800019
R,CGG,1.329077589944994
R,CGC,1.54607209939162
S,TCG,1.7548402332444981
S,TCC,1.86382966478666
T,ACG,1.614013683474063
T,ACC,1.69819559063117
V,GTG,2.145699631524588
V,GTC,1.62891744395097
Y,TAC,1.84078010559082
Z,AGC,2.08532468305429
