AA,Codon,Mean
A,GCG,0.13904524880647995
A,GCC,-1.33917987185319
C,TGC,-1.03034738739729
D,GAC,-2.19056750636895
E,GAG,-0.264309075761835
F,TTC,-1.6050121572415
G,GGG,-0.05246336980660793
G,GGC,-0.874301776023706
H,CAC,-2.45102336794535
I,ATC,-1.67601840248903
K,AAG,-1.53847243865331
L,CTG,-2.234696719590818
L,CTC,0.5902539242784131
L,TTG,-1.94303298008442
N,AAC,-3.13881922645569
P,CCG,0.961092130650083
P,CCC,1.16737091432412
Q,CAG,-0.995953532779217
R,AGG,2.494578414422274
R,CGG,-0.5518768201986999
R,CGC,0.686729984217882
S,TCG,-0.10257759030163305
S,TCC,-1.42411058068275
T,ACG,0.952448447630178
T,ACC,-1.61388663032055
V,GTG,-1.5110364686071849
V,GTC,-0.781140001312892
Y,TAC,-3.06810754563014
Z,AGC,-2.38436963121096
