AA,Codon,Mean
A,GCG,0.5153949866613644
A,GCC,-0.0698881981782615
C,TGC,-0.185443695613245
D,GAC,0.260260748945673
E,GAG,-0.35144062906901
F,TTC,-0.25760756269594
G,GGG,-0.07971536044875699
G,GGC,-0.0824702652054528
H,CAC,0.359943163901567
I,ATC,-0.481478937661648
K,AAG,-0.500217188721895
L,CTG,-0.817756420571606
L,CTC,-0.265554843752582
L,TTG,-1.17884997715155
N,AAC,-0.340754556337992
P,CCG,0.17710671521723198
P,CCC,-0.314349043632547
Q,CAG,-0.23637738601466
R,AGG,-0.26704442118804006
R,CGG,-0.24349707656701403
R,CGC,-0.212801584732532
S,TCG,0.107742154103518
S,TCC,-0.0598444782331586
T,ACG,0.04926120313803306
T,ACC,-0.181649312162399
V,GTG,-1.281342429735263
V,GTC,0.116171724765996
Y,TAC,-0.141901025315126
Z,AGC,-0.375745996048053
