AA,Codon,Mean
A,GCG,0.203583004681269
A,GCC,0.118065086467564
C,TGC,0.379312157895168
D,GAC,-0.0883230130873621
E,GAG,-0.12031406750381
F,TTC,-0.115432207415005
G,GGG,0.5831220234572889
G,GGC,0.458683421949546
H,CAC,-0.207471855273843
I,ATC,0.0985118455459674
K,AAG,-0.253972847873966
L,CTG,-0.05498519461552298
L,CTC,0.10443466407110331
L,TTG,-0.371814338409901
N,AAC,-0.154411459513505
P,CCG,0.7428430448383101
P,CCC,0.924367985391617
Q,CAG,-0.120565957826376
R,AGG,1.1614697335061903
R,CGG,0.1611670432249701
R,CGC,0.606530307265123
S,TCG,0.17124283373355897
S,TCC,0.0876946095382174
T,ACG,0.310281428249677
T,ACC,0.0484200282548865
V,GTG,-0.12885862432320905
V,GTC,0.048044211981073
Y,TAC,-0.189998317339023
Z,AGC,0.185578610389928
