AA,Codon,Mean
A,GCG,0.15787704363266597
A,GCC,-0.59578343334198
C,TGC,-0.4102452544113
D,GAC,-0.258400052685539
E,GAG,-1.00318403068781
F,TTC,-0.458850098588069
G,GGG,-0.33161096340939455
G,GGC,-0.387032299975554
H,CAC,-0.144218385311216
I,ATC,-0.958620479929447
K,AAG,-1.06714287443161
L,CTG,-1.448864926250776
L,CTC,-0.838442927956581
L,TTG,-1.81430973149935
N,AAC,-1.0491967681249
P,CCG,-0.11830283179680501
P,CCC,-0.854628841451804
Q,CAG,-0.869782653665543
R,AGG,-0.22884451845486997
R,CGG,-0.929373075184226
R,CGC,-0.385618876196941
S,TCG,-0.640346617269518
S,TCC,-0.5809691857934
T,ACG,-0.45133238682349197
T,ACC,-0.800220247634252
V,GTG,-1.997225649348898
V,GTC,-0.171961941082776
Y,TAC,-0.71494565119346
Z,AGC,-0.789569911511739
