AA,Codon,Mean
A,GCG,1.536609359231593
A,GCC,0.681807060190042
C,TGC,0.616000224232674
D,GAC,1.1753881663958201
E,GAG,0.554518198442459
F,TTC,0.517276770196358
G,GGG,0.6393720034243038
G,GGC,1.24976395142078
H,CAC,1.14247379760742
I,ATC,0.574646232616901
K,AAG,0.384356891981761
L,CTG,0.34251497437158807
L,CTC,0.740043336991467
L,TTG,-0.0884780473083258
N,AAC,0.859721572188536
P,CCG,1.394928254657982
P,CCC,0.690623454161485
Q,CAG,0.486797519276539
R,AGG,0.922970837859309
R,CGG,0.2640328706943746
R,CGC,1.30201715380351
S,TCG,1.138164161007603
S,TCC,0.592755138885975
T,ACG,1.185522266521057
T,ACC,0.665008960855007
V,GTG,-0.5523720990603169
V,GTC,0.990904062223434
Y,TAC,0.479297933220863
Z,AGC,0.879654949915409
