AA,Codon,Mean
A,GCG,0.44189791276852186
A,GCC,0.0573684145095448
C,TGC,0.668065206579367
D,GAC,-0.124521351879338
E,GAG,0.404067888965209
F,TTC,-0.336142815798521
G,GGG,0.8656336716572399
G,GGC,0.690120728758971
H,CAC,-0.466866410732269
I,ATC,-0.114756615660588
K,AAG,-0.646876180712382
L,CTG,0.3186524547715979
L,CTC,0.28838345692952394
L,TTG,0.0408636713882287
N,AAC,-0.524315815889835
P,CCG,1.15756422867179
P,CCC,1.15668903876146
Q,CAG,0.710641408971945
R,AGG,1.637731912932798
R,CGG,-0.04818105727830968
R,CGC,1.34630412912369
S,TCG,0.539086987944444
S,TCC,-0.0685596724164983
T,ACG,0.6323052819053361
T,ACC,-0.107879275130232
V,GTG,-1.864992782866954
V,GTC,-0.0565899821323653
Y,TAC,-0.419527877034744
Z,AGC,0.0595423588135328
