AA,Codon,Mean
A,GCG,0.590056702738006
A,GCC,0.17183247264574
C,TGC,0.0230223534963638
D,GAC,0.169371815358102
E,GAG,-0.41037120039463
F,TTC,-0.0556371153773818
G,GGG,0.2059510238303295
G,GGC,0.2029962481757
H,CAC,0.102417877860119
I,ATC,0.0173248351991639
K,AAG,-0.566326413651307
L,CTG,-1.230762070580324
L,CTC,-0.29885989397916196
L,TTG,-1.18607739424706
N,AAC,-0.264055583411455
P,CCG,0.783665467302005
P,CCC,0.269735655093193
Q,CAG,-0.518525042897463
R,AGG,0.5351590174734591
R,CGG,-0.05045579606052501
R,CGC,0.16996993963023
S,TCG,0.434575351604074
S,TCC,0.0864372476913035
T,ACG,0.563292978708943
T,ACC,0.219828075571855
V,GTG,-1.223703454905749
V,GTC,0.257439836699764
Y,TAC,-0.308901971894503
Z,AGC,-0.0200742993111581
