AA,Codon,Mean
A,GCG,0.06638592488765793
A,GCC,0.0200486074220926
C,TGC,0.448794382417202
D,GAC,-0.101432833509644
E,GAG,-0.101134917149444
F,TTC,-0.111798018215597
G,GGG,0.13841510113477007
G,GGC,0.518983831353982
H,CAC,-0.317509583602349
I,ATC,0.0185668573947298
K,AAG,-0.403972396143278
L,CTG,0.47369679851233903
L,CTC,0.350366642806928
L,TTG,-0.471195812060436
N,AAC,-0.267312673270702
P,CCG,0.744393691909313
P,CCC,0.851120528109868
Q,CAG,0.319162382825216
R,AGG,1.0471604326628152
R,CGG,0.1667967309156999
R,CGC,0.701403180547555
S,TCG,0.03760432703892391
S,TCC,0.0202293122633739
T,ACG,0.18922180463870397
T,ACC,-0.0478049720802655
V,GTG,-0.22034814662535906
V,GTC,0.0165398811210946
Y,TAC,-0.291031619002422
Z,AGC,0.158664602523049
