AA,Codon,Mean
A,GCG,0.871571917684873
A,GCC,0.397716274261475
C,TGC,0.175724143308401
D,GAC,0.580386174492041
E,GAG,0.0118480913007605
F,TTC,0.147568421013653
G,GGG,0.396243910848597
G,GGC,0.418049565162261
H,CAC,0.452446105231841
I,ATC,0.251299877565106
K,AAG,-0.227884900452693
L,CTG,-0.779372862956921
L,CTC,0.10738885994553599
L,TTG,-0.776620733785629
N,AAC,0.125903747873505
P,CCG,1.056733924565713
P,CCC,0.400804691461722
Q,CAG,-0.183161921085914
R,AGG,0.36478305439550995
R,CGG,0.27089614035444404
R,CGC,0.225086011842887
S,TCG,0.9777512107153741
S,TCC,0.32725135683616
T,ACG,0.919587247194847
T,ACC,0.393056013341745
V,GTG,-0.8249788862104217
V,GTC,0.565770113909245
Y,TAC,0.0439271751063953
Z,AGC,0.250058412225048
