AA,Codon,Mean
A,GCG,-1.2363945991377019
A,GCC,-1.29589505732854
C,TGC,-0.897112527267138
D,GAC,-0.922143115882079
E,GAG,-1.00002582179705
F,TTC,-0.305836629890402
G,GGG,-1.075294259736935
G,GGC,-1.12427167200247
H,CAC,-0.914431817289193
I,ATC,-0.541692968142033
K,AAG,-0.694499829367797
L,CTG,-1.038290387728807
L,CTC,-0.873587608870863
L,TTG,-0.604820462441444
N,AAC,-0.771352301665147
P,CCG,-1.148920684989289
P,CCC,-1.59178826974233
Q,CAG,-0.924969325574239
R,AGG,-0.614300832831865
R,CGG,-1.37830417325298
R,CGC,-1.19466752381325
S,TCG,-1.178838042247297
S,TCC,-1.23120921843052
T,ACG,-1.216837883400919
T,ACC,-1.18812778135141
V,GTG,-1.1248155814488712
V,GTC,-0.864597441736857
Y,TAC,-0.95723524642388
Z,AGC,-0.910619649664561
