AA,Codon,Mean
A,GCG,1.1733219072977699
A,GCC,1.36116968460083
C,TGC,0.469789960290988
D,GAC,0.801769410816828
E,GAG,0.0475132876369291
F,TTC,0.281147130502264
G,GGG,2.9159374605576103
G,GGC,1.51893758750757
H,CAC,0.34786735894084
I,ATC,0.865821657598019
K,AAG,-1.04680382496516
L,CTG,-0.93852575191657
L,CTC,1.139268243157863
L,TTG,-0.817288641997178
N,AAC,-0.352742450888952
P,CCG,1.2398358479499798
P,CCC,1.29811656346321
Q,CAG,-0.0528193122899836
R,AGG,3.6217139894962296
R,CGG,1.08134933464527
R,CGC,1.31189908509254
S,TCG,0.8718401436487899
S,TCC,1.49257834560871
T,ACG,1.32068287229538
T,ACC,1.112926567173
V,GTG,-0.4221756004174497
V,GTC,0.987308111536503
Y,TAC,-0.551521729254723
Z,AGC,0.453131347582738
