AA,Codon,Mean
A,GCG,1.5005196790893909
A,GCC,1.25747522091866
C,TGC,0.6477873046875
D,GAC,0.94188840534687
E,GAG,0.79745615435044
F,TTC,0.944864641141892
G,GGG,1.527882433295253
G,GGC,0.915084459944566
H,CAC,0.915682908697923
I,ATC,1.0187528192520099
K,AAG,0.343734016948938
L,CTG,0.34584320144256286
L,CTC,1.223930997174977
L,TTG,-0.0370626178271594
N,AAC,0.551078688367208
P,CCG,1.4588585759917891
P,CCC,1.52452684559027
Q,CAG,0.602438480079174
R,AGG,1.520078593065343
R,CGG,1.1444674219912971
R,CGC,0.75673695764939
S,TCG,1.3389491294066092
S,TCC,1.53242408157984
T,ACG,1.5194207877953883
T,ACC,1.16306627632777
V,GTG,0.3718973786672002
V,GTC,1.11397342922688
Y,TAC,0.539539209465186
Z,AGC,0.607200792837143
