AA,Codon,Mean
A,GCG,-0.2548438005367901
A,GCC,-2.35761227119764
C,TGC,-0.410097036880255
D,GAC,-0.860145763293902
E,GAG,-0.675093857204914
F,TTC,-0.433749603372812
G,GGG,-1.1010109468380598
G,GGC,-3.00788620211283
H,CAC,-0.764489944998423
I,ATC,-1.22000251688162
K,AAG,-0.571842621167501
L,CTC,-0.8100560550374291
L,TTG,-2.46746787031492
N,AAC,-1.04225335426331
P,CCG,-2.570814867409075
P,CCC,-2.06648714908759
Q,CAG,-1.67267545448939
R,AGG,-0.744217648489525
R,CGG,-2.228194250043229
R,CGC,-2.01978133362134
S,TCG,-2.766246464464071
S,TCC,-2.18031008016268
T,ACG,-2.271294055833417
T,ACC,-2.17834948364894
V,GTG,-3.74131391831239
V,GTC,-0.953587096428871
Y,TAC,-0.955707082132498
Z,AGC,-0.795424428713322
