AA,Codon,Mean
A,GCG,1.29964851675033
A,GCC,1.75436981844107
C,TGC,0.442670600696405
D,GAC,0.587390857326984
E,GAG,0.440961154687405
F,TTC,0.130288690547893
G,GGG,1.59121123027802
G,GGC,2.44500695637067
H,CAC,0.434731408315897
I,ATC,0.882500166495641
K,AAG,0.0990375465371956
L,CTC,0.7548411223034059
L,TTG,0.74416836874485
N,AAC,0.558784048483769
P,CCG,2.808175617974996
P,CCC,1.82226355669498
Q,CAG,1.3957718413353
R,AGG,1.469794405468305
R,CGG,1.38729323135217
R,CGC,1.82589402707418
S,TCG,1.8978529935777149
S,TCC,1.65023969344298
T,ACG,1.884127336955072
T,ACC,1.48777207992872
V,GTG,1.502290121541418
V,GTC,0.793252478647232
Y,TAC,0.225721531449258
Z,AGC,0.523796324159702
