AA,Codon,Mean
A,GCG,1.3008543740312262
A,GCC,-0.153802822033068
C,TGC,-0.116680292793363
D,GAC,0.203842476419608
E,GAG,0.166896637189388
F,TTC,0.030060305968461
G,GGG,0.09489309238990096
G,GGC,-0.539227408448855
H,CAC,0.301142814187209
I,ATC,-0.118129700221618
K,AAG,0.164983115858336
L,CTC,-0.1110451986356325
L,TTG,-0.920557298008601
N,AAC,0.189591534148653
P,CCG,-0.0746465779904195
P,CCC,-0.161404892789324
Q,CAG,-0.247334540947278
R,AGG,0.005754117455084917
R,CGG,-0.27294359696706105
R,CGC,-0.412032444775105
S,TCG,-0.0704138961077107
S,TCC,-0.10570365327696
T,ACG,0.1439717743284063
T,ACC,-0.118350493761897
V,GTG,-1.205870894881089
V,GTC,0.11058948604539
Y,TAC,-0.0814147620413452
Z,AGC,-0.00156180875521826
