AA,Codon,Mean
A,GCG,0.263192749285698
A,GCC,0.190650528956453
C,TGC,0.243742410476009
D,GAC,-0.200024826610088
E,GAG,-0.166633477605383
F,TTC,-0.254225552709897
G,GGG,0.8709706223845519
G,GGC,0.570612023822467
H,CAC,-0.381399572783709
I,ATC,0.0549276589281857
K,AAG,-0.45696339284579
L,CTC,0.25046443924506506
L,TTG,-0.33442418863972
N,AAC,-0.361143464503686
P,CCG,1.163205124426383
P,CCC,0.450411653586229
Q,CAG,0.342453766518831
R,AGG,0.9055891561230021
R,CGG,-0.40843784836529995
R,CGC,0.717392285227776
S,TCG,-0.11873067870537396
S,TCC,0.137687864816686
T,ACG,0.10622230427861201
T,ACC,0.0636611872273187
V,GTG,-0.380960726449887
V,GTC,0.0470005448931207
Y,TAC,-0.421283462454875
Z,AGC,-0.057820461837699
