AA,Codon,Mean
A,GCG,0.8492222362870989
A,GCC,-0.852976350279649
C,TGC,-0.0994861852641528
D,GAC,-0.183551312940319
E,GAG,-0.331056830332677
F,TTC,-0.207689333849152
G,GGG,-0.162696576988697
G,GGC,-1.11397013347149
H,CAC,-0.149088107484082
I,ATC,-0.523760428849856
K,AAG,-0.288772931945324
L,CTC,-0.415849850221972
L,TTG,-1.62762176002661
N,AAC,-0.355871251074473
P,CCG,-0.8334789506554601
P,CCC,-0.738015278192361
Q,CAG,-0.943838009889921
R,AGG,-0.013354424884916005
R,CGG,-1.078814000758531
R,CGC,-0.756364276047548
S,TCG,-1.132104498038689
S,TCC,-0.771322016163667
T,ACG,-0.6553533462435011
T,ACC,-0.845652288937569
V,GTG,-1.919883227269845
V,GTC,-0.333887298115094
Y,TAC,-0.496006032522519
Z,AGC,-0.154518850008647
