AA,Codon,Mean
A,GCG,1.465679952482382
A,GCC,0.694640190430482
C,TGC,0.266034518909454
D,GAC,0.82203335660696
E,GAG,0.631945054161549
F,TTC,0.69730158358415
G,GGG,0.765504317156474
G,GGC,0.599730730072657
H,CAC,1.00945502997239
I,ATC,0.918991692443689
K,AAG,0.379415676365296
L,CTC,0.8712550606012331
L,TTG,0.0121737027445117
N,AAC,0.875417717715104
P,CCG,0.9382259158012686
P,CCC,0.714472105677923
Q,CAG,0.470862980999549
R,AGG,0.619305831476049
R,CGG,0.586138442439349
R,CGC,0.601528347365061
S,TCG,0.581986599710584
S,TCC,0.814629511618614
T,ACG,0.844494170022011
T,ACC,0.734357894039154
V,GTG,0.24521233598887898
V,GTC,0.958261623080572
Y,TAC,0.6997921271046
Z,AGC,0.461777351226409
