AA,Codon,Mean
A,GCG,0.07550648177067398
A,GCC,0.0383578489075104
C,TGC,0.422394823235273
D,GAC,-0.15629255951643
E,GAG,0.289519193166494
F,TTC,-0.393868591068188
G,GGG,0.217450121716658
G,GGC,0.483981656873226
H,CAC,-0.411836508444945
I,ATC,-0.144862384274105
K,AAG,-0.396326951422294
L,CTC,0.04321658333738704
L,TTG,0.0219076993194719
N,AAC,-0.431792140648762
P,CCG,0.8891333660006531
P,CCC,0.768762337529659
Q,CAG,0.397780790839593
R,AGG,0.7412680720272097
R,CGG,-0.19064922172228016
R,CGC,0.756771465448538
S,TCG,-0.006870875507593022
S,TCC,-0.0275158726931239
T,ACG,0.22604575980901698
T,ACC,-0.137090551032623
V,GTG,-0.19272093695600795
V,GTC,-0.094312715566655
Y,TAC,-0.459612198408445
Z,AGC,0.0146958941571119
