AA,Codon,Mean
A,GCG,0.7943229777383198
A,GCC,0.599210166927179
C,TGC,0.164576473933148
D,GAC,0.510653760870298
E,GAG,0.220415524549286
F,TTC,0.432946711611748
G,GGG,0.547156569714348
G,GGC,0.321943194493651
H,CAC,0.655763912320137
I,ATC,0.427865331451098
K,AAG,0.251404322151343
L,CTG,0.22730263818502494
L,CTC,0.44773749107122807
L,TTG,-0.395165238026778
N,AAC,0.339315045770009
P,CCG,0.826758218391736
P,CCC,0.39141571054856
Q,CAG,0.196563890937964
R,AGG,0.673748966622354
R,CGG,0.686405567809939
R,CGC,0.38797018337746503
S,TCG,0.617964616285761
S,TCC,0.391971299584707
T,ACG,0.6806182683308921
T,ACC,0.537674970887105
V,GTG,-0.31138821739057704
V,GTC,0.717392517022292
Y,TAC,0.371907886485259
Z,AGC,0.283997792922457
