AA,Codon,Mean
A,GCG,0.9248959098001309
A,GCC,0.490235279933612
C,TGC,1.29171197297573
D,GAC,0.792084841159979
E,GAG,0.959650386925538
F,TTC,-0.0483015737270936
G,GGG,0.6519389380852401
G,GGC,1.34663159807523
H,CAC,0.558408801287413
I,ATC,0.279906225456794
K,AAG,0.398429805201292
L,CTG,0.513312965857982
L,CTC,0.7996889552235611
L,TTG,0.661738554374377
N,AAC,0.527617510881027
P,CCG,1.139734687886636
P,CCC,1.23828786961238
Q,CAG,1.1809667014122
R,AGG,1.328007081474861
R,CGG,0.39524419400692
R,CGC,1.44855829501152
S,TCG,0.8632871066501193
S,TCC,0.438605534104506
T,ACG,0.8528893707156221
T,ACC,0.34912755472064
V,GTG,-0.2654742088238371
V,GTC,0.411425894143184
Y,TAC,0.426606251023213
Z,AGC,0.979899314383666
