AA,Codon,Mean
A,GCG,0.20639897786775907
A,GCC,-1.14091864256859
C,TGC,-0.938828143004576
D,GAC,-0.744556802225113
E,GAG,-0.64951006736358
F,TTC,-0.345138412853082
G,GGG,-0.49296872986555307
G,GGC,-1.79508329137166
H,CAC,-0.582660330339273
I,ATC,-0.705199109017849
K,AAG,-0.691816139042377
L,CTC,-0.6967588118330891
L,TTG,-2.1107128171126
N,AAC,-0.697706334420045
P,CCG,-1.065704109080633
P,CCC,-0.925593268835545
Q,CAG,-0.837463595982393
R,AGG,-0.38273794652620996
R,CGG,-0.836157222044468
R,CGC,-1.63536367507776
S,TCG,-1.1305230987593489
S,TCC,-0.890175936885675
T,ACG,-0.866997594231371
T,ACC,-1.08473667898973
V,GTG,-2.431405764269829
V,GTC,-0.491867474903663
Y,TAC,-0.913443639143308
Z,AGC,-1.06056024792989
