AA,Codon,Mean
A,GCG,0.07503316024740503
A,GCC,0.100711770383517
C,TGC,0.197014687813322
D,GAC,-0.0856345555504163
E,GAG,-0.0976778189624349
F,TTC,-0.1561034605364
G,GGG,0.510982409141461
G,GGC,0.415335356618961
H,CAC,-0.238521938466032
I,ATC,0.0303698798367754
K,AAG,-0.25296739757061
L,CTC,0.152343163679044
L,TTG,-0.204914548671246
N,AAC,-0.198260544590155
P,CCG,0.7361930684278409
P,CCC,0.202836744423707
Q,CAG,0.137655552580953
R,AGG,0.484590332891047
R,CGG,-0.19074234760602304
R,CGC,0.554766577108701
S,TCG,-0.07416259505748696
S,TCC,0.0629196113949021
T,ACG,0.07773366885185201
T,ACC,-0.00258366954417083
V,GTG,-0.16079441569248898
V,GTC,0.0135147408086227
Y,TAC,-0.240515537142754
Z,AGC,0.0673645919984517
