AA,Codon,Mean
A,GCG,0.8937811518723769
A,GCC,-0.203874988886714
C,TGC,-0.458261626146237
D,GAC,0.0290155229067386
E,GAG,0.00644039931124427
F,TTC,0.0244436048550517
G,GGG,0.09182262701988203
G,GGC,-0.693566318146388
H,CAC,0.119232999292016
I,ATC,-0.0604837613246093
K,AAG,-0.0145678334504223
L,CTC,-0.11092025680343301
L,TTG,-1.04975963834127
N,AAC,0.0815468282004197
P,CCG,-0.07157525985734536
P,CCC,-0.169140223486225
Q,CAG,-0.0515469762315353
R,AGG,0.128220964078108
R,CGG,-0.029090139261881087
R,CGC,-0.706900642601649
S,TCG,-0.02059864628050328
S,TCC,-0.0813985111380617
T,ACG,0.1381863305723257
T,ACC,-0.154603765125076
V,GTG,-1.2832093556642539
V,GTC,0.0836002718458573
Y,TAC,-0.246933053895831
Z,AGC,-0.401665011159579
