AA,Codon,Mean
A,GCG,0.37167658703923195
A,GCC,0.0728825775802135
C,TGC,0.0971310761727393
D,GAC,-0.19265438490212
E,GAG,0.172907571834326
F,TTC,-0.319307451542219
G,GGG,0.18682970613638605
G,GGC,0.271398558546106
H,CAC,-0.408878440797329
I,ATC,-0.195876790896058
K,AAG,-0.296101629980405
L,CTG,0.33628153311610204
L,CTC,0.179667112652461
L,TTG,-0.375724012643099
N,AAC,-0.479737216868003
P,CCG,1.005106637721757
P,CCC,0.28415699352026
Q,CAG,0.287503231143951
R,AGG,0.5965438383304199
R,CGG,-0.29285911184152
R,CGC,0.34195268711249
S,TCG,0.20461295602718998
S,TCC,0.00918733749084486
T,ACG,0.201695244177182
T,ACC,-0.0796932789226373
V,GTG,-0.39448394708136697
V,GTC,-0.0636296298414469
Y,TAC,-0.392956021966537
Z,AGC,-0.124018719135722
