AA,Codon,Mean
A,GCG,0.960144767212868
A,GCC,0.463931731724739
C,TGC,0.606376495309671
D,GAC,1.11735901079178
E,GAG,0.701303521760305
F,TTC,0.475235653189818
G,GGG,0.616244280194242
G,GGC,1.10039037952423
H,CAC,0.904819152506192
I,ATC,0.673635696013768
K,AAG,0.482059433297316
L,CTG,0.093396450815598
L,CTC,0.549536505593853
L,TTG,0.191814719562729
N,AAC,0.844851757323742
P,CCG,0.601417260810733
P,CCC,0.30156815820237
Q,CAG,0.537318212415775
R,AGG,0.4695614430785151
R,CGG,0.8979603141698734
R,CGC,0.919174472880363
S,TCG,0.709410158631205
S,TCC,0.519616068700949
T,ACG,0.6016811677001961
T,ACC,0.590337040336927
V,GTG,0.215699367216478
V,GTC,0.715699458773931
Y,TAC,0.389989023685455
Z,AGC,0.775296463978291
