AA,Codon,Mean
A,GCG,1.1140921479543051
A,GCC,0.689989962255955
C,TGC,0.972952093442281
D,GAC,1.42752357940674
E,GAG,0.869472350450357
F,TTC,0.622493918438752
G,GGG,0.6925636847873491
G,GGC,1.43570098714828
H,CAC,1.19372508040269
I,ATC,0.908195746326447
K,AAG,0.502988021224737
L,CTG,0.19761368722915695
L,CTC,0.8091286508639671
L,TTG,0.330138570944468
N,AAC,1.05803237024148
P,CCG,0.8450825217773519
P,CCC,0.70770270459652
Q,CAG,0.700505974149704
R,AGG,0.5596169413387799
R,CGG,1.00827798005641
R,CGC,1.39259842325052
S,TCG,0.880202475133539
S,TCC,0.738315822056929
T,ACG,0.6999717876960383
T,ACC,0.80600094730854
V,GTG,0.263048881885409
V,GTC,0.999284019311269
Y,TAC,0.624810768961906
Z,AGC,1.02687826857169
