AA,Codon,Mean
A,GCG,0.32846563430031106
A,GCC,0.0726396143183112
C,TGC,0.411132478620609
D,GAC,-0.0599932642017802
E,GAG,0.0986845953370134
F,TTC,-0.123730797616144
G,GGG,-0.06441767892837502
G,GGC,0.474257621971766
H,CAC,-0.140358724972109
I,ATC,-0.0166133964176997
K,AAG,-0.150837605428696
L,CTG,-0.03949977919657999
L,CTC,0.13597050247987097
L,TTG,-0.210550840989749
N,AAC,-0.239270870002111
P,CCG,0.577334525504709
P,CCC,0.755566368154685
Q,CAG,0.211656879982352
R,AGG,0.89595814321513
R,CGG,-0.20328113977114004
R,CGC,0.552912153782447
S,TCG,0.08727367658416402
S,TCC,0.0281932059311618
T,ACG,0.21554262737631802
T,ACC,2.00580298617e-4
V,GTG,-0.218631823833784
V,GTC,0.0364115787323564
Y,TAC,-0.181581817343831
Z,AGC,0.141492602096995
