AA,Codon,Mean
A,GCG,0.6849361083598143
A,GCC,0.456347413285573
C,TGC,0.287651754114032
D,GAC,0.700126358222961
E,GAG,-0.0933485155512889
F,TTC,0.0611145499116431
G,GGG,0.2157722450658
G,GGC,0.406580634087324
H,CAC,0.668545832975705
I,ATC,0.075126048613588
K,AAG,0.164025710760554
L,CTG,-0.13303171079158804
L,CTC,0.189482039037347
L,TTG,-0.472864768447479
N,AAC,0.305069957284133
P,CCG,0.6288572815681499
P,CCC,0.388949277677139
Q,CAG,0.24090498269697
R,AGG,0.32185732989311
R,CGG,0.4706569809032068
R,CGC,0.293620141570767
S,TCG,0.5711117874721681
S,TCC,0.379408851844072
T,ACG,0.437632925556103
T,ACC,0.445439946635564
V,GTG,-0.6110296854015572
V,GTC,0.558461879785856
Y,TAC,0.386779918227593
Z,AGC,0.192475290036201
