AA,Codon,Mean
A,GCG,1.6063510495761981
A,GCC,1.61895455301603
C,TGC,1.79224387043317
D,GAC,1.58644670315584
E,GAG,1.64405255586306
F,TTC,-0.105721315170006
G,GGG,0.7907823555072202
G,GGC,1.9706273146073
H,CAC,1.33388297977448
I,ATC,0.675856807025274
K,AAG,0.81107766828537
L,CTG,0.823713998650515
L,CTC,1.17571616128087
L,TTG,1.56497217171987
N,AAC,1.15067116137743
P,CCG,1.807288501874601
P,CCC,1.70324461115996
Q,CAG,2.27579960607688
R,AGG,1.237208932671944
R,CGG,0.7145411132017703
R,CGC,2.37275232539972
S,TCG,1.6527240663528429
S,TCC,1.21153442969322
T,ACG,1.6448806578834811
T,ACC,1.04597026742697
V,GTG,1.724841531574726
V,GTC,0.575432840784391
Y,TAC,1.27826767275731
Z,AGC,1.36233793259462
