AA,Codon,Mean
A,GCG,0.7452323125403565
A,GCC,-0.182841180504507
C,TGC,0.0771007356163189
D,GAC,0.426372513623039
E,GAG,-0.229166477733546
F,TTC,0.430129890825351
G,GGG,0.577612488568408
G,GGC,0.38142454630041
H,CAC,0.558022674417496
I,ATC,0.218896626316011
K,AAG,0.246778822193295
L,CTG,0.22973963844378803
L,CTC,-0.11767548749445988
L,TTG,-0.973337089018027
N,AAC,0.320069314854344
P,CCG,0.343170684141914
P,CCC,0.0384800140444451
Q,CAG,-0.685961106410623
R,AGG,0.33121100684205695
R,CGG,0.789552764918215
R,CGC,0.527237964178215
S,TCG,0.30768554015358307
S,TCC,-0.168239554007228
T,ACG,0.34634458000659996
T,ACC,0.245011347173323
V,GTG,-0.8116566696566475
V,GTC,0.90356930078268
Y,TAC,0.117992907051499
Z,AGC,0.514027285580337
