AA,Codon,Mean
A,GCG,1.5122006338298322
A,GCC,0.552182092952728
C,TGC,1.09511050762335
D,GAC,1.25616511873802
E,GAG,0.522851953588923
F,TTC,0.372157701905568
G,GGG,1.075642921770031
G,GGC,1.65174176906745
H,CAC,1.18964882888397
I,ATC,0.716093620034059
K,AAG,0.471839415568113
L,CTG,0.29501382834514
L,CTC,0.46131240615843994
L,TTG,-0.216052945699316
N,AAC,0.927493832961718
P,CCG,1.4132257638921342
P,CCC,1.09946115320921
Q,CAG,0.347751709876846
R,AGG,1.1564298968822346
R,CGG,1.10347360481718
R,CGC,1.66653229898612
S,TCG,1.0690871245026878
S,TCC,0.36726274544249
T,ACG,1.198386509243648
T,ACC,0.87501380216678
V,GTG,-0.22933948824380795
V,GTC,1.3232975739797
Y,TAC,0.573383761624495
Z,AGC,1.53990661842823
