AA,Codon,Mean
A,GCG,1.0086564510842129
A,GCC,0.748850946950912
C,TGC,0.383286138865352
D,GAC,0.638771343624592
E,GAG,0.0531489288157144
F,TTC,-0.26375092437168
G,GGG,0.5092838165263329
G,GGC,0.937688778797785
H,CAC,0.501932828511794
I,ATC,-0.077354004517446
K,AAG,-0.00746484866638578
L,CTG,-0.26218827411631696
L,CTC,0.14835730640093492
L,TTG,-0.745420059370995
N,AAC,0.0986596322047214
P,CCG,1.44894621669849
P,CCC,0.813803793295224
Q,CAG,0.115735671618829
R,AGG,1.104853741800788
R,CGG,0.500062936244408
R,CGC,0.884761410721143
S,TCG,1.0640171014110251
S,TCC,0.356264716619253
T,ACG,1.0214335863144468
T,ACC,0.386240428227186
V,GTG,-0.6675283178687059
V,GTC,0.441281539555391
Y,TAC,0.186847068450848
Z,AGC,0.361145216798782
