AA,Codon,Mean
A,GCG,0.721776208438476
A,GCC,0.255626643893123
C,TGC,0.923390706539154
D,GAC,0.644649452221394
E,GAG,0.49930701076587
F,TTC,0.359280787376563
G,GGG,0.12489588420428341
G,GGC,0.708297350855668
H,CAC,0.729547207494577
I,ATC,0.342175424669186
K,AAG,0.43881080643336
L,CTG,0.447789366038641
L,CTC,0.6720621926367282
L,TTG,0.403144421809912
N,AAC,0.452260288546483
P,CCG,0.6670924275539811
P,CCC,0.605184887484709
Q,CAG,0.700108578558763
R,AGG,0.42612727092504493
R,CGG,0.539375336944063
R,CGC,0.829975878707568
S,TCG,0.6098996937036509
S,TCC,0.261916387089094
T,ACG,0.4118929636850955
T,ACC,0.27811231614848
V,GTG,0.325676440428632
V,GTC,0.383210165917873
Y,TAC,0.53951341338555
Z,AGC,0.730739276989301
