AA,Codon,Mean
A,GCG,1.33568894503912
A,GCC,0.939696648760637
C,TGC,1.27154220668475
D,GAC,0.874678841435909
E,GAG,0.715188936471939
F,TTC,-0.375905176744858
G,GGG,0.5865650027036602
G,GGC,1.97310508860747
H,CAC,0.696653826459249
I,ATC,-0.030785472015916
K,AAG,0.507894257324934
L,CTG,0.25853021367391305
L,CTC,0.6909785969734201
L,TTG,-0.502675423608224
N,AAC,-0.0997885738732914
P,CCG,2.402895577891672
P,CCC,1.81240723071098
Q,CAG,0.976575583871206
R,AGG,2.17855082933108
R,CGG,0.6300940397262598
R,CGC,2.00036131155491
S,TCG,1.591465564216466
S,TCC,0.615512032894293
T,ACG,1.4450030586719491
T,ACC,0.483184254274766
V,GTG,-0.70295273075899
V,GTC,0.530281603948275
Y,TAC,0.059258968037764
Z,AGC,0.950179514241219
