AA,Codon,Mean
A,GCG,0.005918111399809023
A,GCC,-0.00375010303063188
C,TGC,0.204656902256608
D,GAC,-0.0983395257636905
E,GAG,-0.13596709120671
F,TTC,-0.156992129305005
G,GGG,0.09596984150807097
G,GGC,0.255656698385874
H,CAC,-0.276533801816901
I,ATC,-0.0463564747655143
K,AAG,-0.309702548259497
L,CTG,0.247662089425325
L,CTC,0.18076244481603299
L,TTG,-0.352034631228447
N,AAC,-0.255998940434059
P,CCG,0.42728463006218204
P,CCC,0.621809710347652
Q,CAG,0.186240530804793
R,AGG,0.7013295569798906
R,CGG,-0.054224543348950105
R,CGC,0.372425257772207
S,TCG,-0.016525768617788983
S,TCC,-0.0301111952686682
T,ACG,0.07944251480499903
T,ACC,-0.0805227844104171
V,GTG,-0.21796570883591992
V,GTC,-0.0212574393964993
Y,TAC,-0.27393674766322
Z,AGC,-0.00737870769560194
