AA,Codon,Mean
A,GCG,0.9348713992198359
A,GCC,0.50644887808164
C,TGC,0.683082431463401
D,GAC,0.431796119660139
E,GAG,0.00495628433235103
F,TTC,0.0354836004907993
G,GGG,0.6145472785353601
G,GGC,1.0886284637928
H,CAC,0.208927104705572
I,ATC,0.33815280939738
K,AAG,-0.517589299128453
L,CTG,-0.09996847924391805
L,CTC,0.44711927439769195
L,TTG,-0.915748625246684
N,AAC,-0.0105967738050181
P,CCG,1.87983651889563
P,CCC,1.51612259314855
Q,CAG,0.171104229678214
R,AGG,1.6070254927933258
R,CGG,0.5511966564893702
R,CGC,0.924106799491247
S,TCG,0.9696064628283181
S,TCC,0.516579125948747
T,ACG,1.189875403074419
T,ACC,0.630745243763924
V,GTG,-0.853698080635066
V,GTC,0.478939709186554
Y,TAC,-0.0998361976228654
Z,AGC,0.50560557051301
