AA,Codon,Mean
A,GCG,0.905569173284371
A,GCC,0.545461333223184
C,TGC,0.273496882332365
D,GAC,0.65941937580506
E,GAG,0.138412235341469
F,TTC,0.248707879638672
G,GGG,0.5001746830884077
G,GGC,0.533639026375612
H,CAC,0.605366399113337
I,ATC,0.389176456526915
K,AAG,-0.0821929148318867
L,CTG,-0.36698448994755806
L,CTC,0.290486400081713
L,TTG,-0.467945842454831
N,AAC,0.357860435179869
P,CCG,1.1576098325878381
P,CCC,0.623597342654069
Q,CAG,0.00889485979913139
R,AGG,0.6234803881963079
R,CGG,0.594758817502856
R,CGC,0.292969219537576
S,TCG,1.023389855504035
S,TCC,0.490889479273558
T,ACG,0.971186744960149
T,ACC,0.6125050938646
V,GTG,-0.5399775900242233
V,GTC,0.563941886413097
Y,TAC,0.256941297718883
Z,AGC,0.379082816237211
