AA,Codon,Mean
A,GCG,0.6988976089914639
A,GCC,0.134744125749667
C,TGC,1.09554335912466
D,GAC,0.228049381202459
E,GAG,1.209749152414
F,TTC,-0.33894776125749
G,GGG,0.27554977437655004
G,GGC,0.752084486424923
H,CAC,-0.158545995374521
I,ATC,-0.016327116217637
K,AAG,0.436986752043168
L,CTG,0.8058992269782637
L,CTC,0.919221770529949
L,TTG,0.764895885837078
N,AAC,-0.393655731495221
P,CCG,1.136533762383461
P,CCC,1.16574328602552
Q,CAG,1.28284404146671
R,AGG,1.3847471614917102
R,CGG,0.5042030963341402
R,CGC,1.27293558386167
S,TCG,0.9801658261984549
S,TCC,0.0987463328729073
T,ACG,1.009705265506105
T,ACC,-0.109681831145783
V,GTG,0.38412585044304004
V,GTC,0.0704501902426283
Y,TAC,-0.350548247098923
Z,AGC,0.314736579528451
