AA,Codon,Mean
A,GCG,1.8341069013997038
A,GCC,1.40420267305374
C,TGC,1.65040042407513
D,GAC,1.65094900395075
E,GAG,1.05563890623252
F,TTC,0.401285086601973
G,GGG,0.46002244094212597
G,GGC,2.07231336476008
H,CAC,1.95608550167878
I,ATC,0.726994408051173
K,AAG,0.854422327792644
L,CTG,0.803473401383562
L,CTC,0.914024999999999
L,TTG,0.679939774195353
N,AAC,1.23540042970975
P,CCG,2.377034433458245
P,CCC,1.78181269988219
Q,CAG,1.33550708722274
R,AGG,1.8351162162392993
R,CGG,1.04302975222269
R,CGC,1.74363909142017
S,TCG,2.1331585055708873
S,TCC,1.13533490889072
T,ACG,1.4732282638595722
T,ACC,1.40986641133626
V,GTG,-0.6481863625128998
V,GTC,1.1832314145565
Y,TAC,1.33309359396299
Z,AGC,1.64424049604734
