AA,Codon,Mean
A,GCG,1.548630507632096
A,GCC,1.26050266769727
C,TGC,0.928551120154063
D,GAC,1.62386913627783
E,GAG,0.450666540803512
F,TTC,0.692974559291204
G,GGG,0.593748628915846
G,GGC,1.37157533917427
H,CAC,1.94544861296018
I,ATC,0.764359413258235
K,AAG,0.681834402970473
L,CTG,0.1831996478517851
L,CTC,0.38959932188590607
L,TTG,0.248366973212361
N,AAC,1.64963852183024
P,CCG,1.741548315909501
P,CCC,0.890113509654999
Q,CAG,0.551576531821489
R,AGG,0.8421610304276201
R,CGG,0.783944041291376
R,CGC,0.978921764997641
S,TCG,1.671826799654961
S,TCC,0.966238795586427
T,ACG,0.886868558204174
T,ACC,1.35129648849964
V,GTG,-0.608615649080659
V,GTC,1.19422948782444
Y,TAC,1.63195796630383
Z,AGC,1.42521817697684
