AA,Codon,Mean
A,GCG,0.5194365759698573
A,GCC,0.236573792263865
C,TGC,-0.0627609761247636
D,GAC,0.303090262782574
E,GAG,0.252448764208953
F,TTC,0.348924680813154
G,GGG,0.3773465694701609
G,GGC,-0.0448849478879323
H,CAC,0.320176477805773
I,ATC,0.312632626829545
K,AAG,0.221580405665437
L,CTG,-0.38779432544708303
L,CTC,0.310750101554394
L,TTG,-0.301825094141563
N,AAC,0.353601438401143
P,CCG,0.39773853004452353
P,CCC,0.317336608767509
Q,CAG,0.198802511075139
R,AGG,0.186572371447086
R,CGG,0.5658918355606496
R,CGC,-0.150024477378031
S,TCG,0.33265690758798866
S,TCC,0.352472914693753
T,ACG,0.38892071601798195
T,ACC,0.18842134967943
V,GTG,-0.193468068266411
V,GTC,0.401894974352916
Y,TAC,0.126375336178641
Z,AGC,-8.1596411379689e-4
