AA,Codon,Mean
A,GCG,-0.247342674347758
A,GCC,-0.0613991880285243
C,TGC,0.0447564665695031
D,GAC,-0.259766831575831
E,GAG,0.0284947258194288
F,TTC,-0.260363846553365
G,GGG,-0.026965537134805984
G,GGC,0.182177131384611
H,CAC,-0.393477836469809
I,ATC,-0.165759667037924
K,AAG,-0.30583845649759
L,CTG,0.03709423557420599
L,CTC,-0.10685382230381202
L,TTG,-0.569811459195614
N,AAC,-0.456314232538144
P,CCG,0.34495247529670625
P,CCC,0.0770804057238003
Q,CAG,0.0735420311041176
R,AGG,0.48812918967517693
R,CGG,-0.8607705780069049
R,CGC,0.167246536106865
S,TCG,-0.4143333409105738
S,TCC,-0.0629120900449653
T,ACG,-0.20524248159527797
T,ACC,-0.110706556719045
V,GTG,-0.3998769907211267
V,GTC,-0.0803462871228655
Y,TAC,-0.432874364513159
Z,AGC,-0.182471825728814
