AA,Codon,Mean
A,GCG,0.4750571869743181
A,GCC,0.191020554752151
C,TGC,-0.0332920603118557
D,GAC,0.279544325577219
E,GAG,0.212438409767548
F,TTC,0.300293328070641
G,GGG,0.3968331797774668
G,GGC,0.0329326251530481
H,CAC,0.266378573364019
I,ATC,0.322891236209869
K,AAG,0.235836868333817
L,CTG,-0.4313611060182251
L,CTC,0.30306382554769606
L,TTG,-0.379442754956086
N,AAC,0.293198937422037
P,CCG,0.44970076407066206
P,CCC,0.2539259939303
Q,CAG,0.219015592493614
R,AGG,0.25717734791437796
R,CGG,0.488621783191711
R,CGC,-0.167928585328658
S,TCG,0.2999837086897646
S,TCC,0.323364619586865
T,ACG,0.3802420837794741
T,ACC,0.173133119105299
V,GTG,-0.29603992912645144
V,GTC,0.383429148928324
Y,TAC,0.0651213634586583
Z,AGC,-0.00395985735509537
