AA,Codon,Mean
A,GCG,0.516325319921971
A,GCC,0.423303164883455
C,TGC,0.667735979469617
D,GAC,0.0961380903735757
E,GAG,0.71887293047905
F,TTC,-0.286366349155704
G,GGG,0.8665709088206299
G,GGC,0.98870139999787
H,CAC,-0.099265399210155
I,ATC,0.109887986345589
K,AAG,-0.237072364444534
L,CTG,0.462205101720492
L,CTC,0.49343808536032896
L,TTG,0.206476431848605
N,AAC,-0.146452584477266
P,CCG,1.283248018045228
P,CCC,1.32681651886304
Q,CAG,0.788004311553637
R,AGG,1.27323491795063
R,CGG,0.4229419984579099
R,CGC,1.39345710434119
S,TCG,0.43646904990275703
S,TCC,0.0979851336573561
T,ACG,0.5160233371098839
T,ACC,0.051314731564497
V,GTG,-0.06664724214871798
V,GTC,0.0364787823278457
Y,TAC,-0.172746116766334
Z,AGC,0.438831928052505
