AA,Codon,Mean
A,GCG,-0.0601758477131531
A,GCC,-1.46810316822529
C,TGC,-0.700034902894497
D,GAC,-0.497297780352831
E,GAG,-0.609453798520565
F,TTC,-0.187135400078694
G,GGG,-0.527394925272469
G,GGC,-1.35985927424431
H,CAC,-0.341863641822338
I,ATC,-0.869287675380707
K,AAG,-0.074348210361724107
L,CTG,-1.853581512908144
L,CTC,-1.157845075323926
L,TTG,-1.8205952047348
N,AAC,-0.605837492243449
P,CCG,-0.952777065688373
P,CCC,-1.435865310812
Q,CAG,-1.23842061413924
R,AGG,-0.4114160953601189
R,CGG,-1.0498297030111159
R,CGC,-0.684332185240587
S,TCG,-1.115694925159214
S,TCC,-1.1235563122193
T,ACG,-0.50050922818979
T,ACC,-1.30302408103148
V,GTG,-1.86892297398845
V,GTC,-0.370912504289548
Y,TAC,-0.447888933946689
Z,AGC,-0.777073155407111
