AA,Codon,Mean
A,GCG,0.860044439592461
A,GCC,-0.216691607443492
C,TGC,0.169787740595639
D,GAC,0.6593737145106
E,GAG,0.328275951119264
F,TTC,0.686223897087574
G,GGG,0.2437839759707963
G,GGC,-0.09023052598387
H,CAC,0.67189403146108
I,ATC,0.370105117638906
K,AAG,0.766888326601187
L,CTG,-0.5336417122721671
L,CTC,0.15974864288172008
L,TTG,-0.516413046536843
N,AAC,0.55952129689455
P,CCG,0.052389611351490006
P,CCC,-0.388632683491707
Q,CAG,-0.0941788958047827
R,AGG,0.15261008632183093
R,CGG,-0.03485842082699098
R,CGC,0.495940994749467
S,TCG,0.23493846666713597
S,TCC,-0.00699178668510338
T,ACG,0.534076797236005
T,ACC,-0.012996274729596
V,GTG,-0.502865050124466
V,GTC,0.679401299540202
Y,TAC,0.60395621916453
Z,AGC,0.195082404789329
