AA,Codon,Mean
A,GCG,1.2359430384655798
A,GCC,-0.194577048513293
C,TGC,-0.114472515939673
D,GAC,0.16192360316515
E,GAG,0.179418479542931
F,TTC,0.0142815391466798
G,GGG,0.208183764211833
G,GGC,-0.498043734622002
H,CAC,0.227925448537866
I,ATC,-0.0895289596582452
K,AAG,0.163182258990904
L,CTC,0.0010000090936820027
L,TTG,-0.964399927222729
N,AAC,0.157788654743632
P,CCG,0.0911363672530283
P,CCC,-0.108101200523973
Q,CAG,-0.109936181450387
R,AGG,0.12447439464131993
R,CGG,-0.22304130373001096
R,CGC,-0.371079656889041
S,TCG,-0.0740958035375611
S,TCC,-0.126660502804816
T,ACG,0.15868109671461078
T,ACC,-0.173384988991419
V,GTG,-1.3461980144182841
V,GTC,0.107844067079326
Y,TAC,-0.152201007828613
Z,AGC,-0.0877315215807408
