AA,Codon,Mean
A,GCG,0.11035860103766093
A,GCC,0.0574046316795051
C,TGC,0.21944219866693
D,GAC,-0.253644433323542
E,GAG,-0.264145752666394
F,TTC,-0.255690422253807
G,GGG,0.702655831511811
G,GGC,0.426735634499788
H,CAC,-0.450098192153374
I,ATC,-0.0230024234289536
K,AAG,-0.560080387870471
L,CTC,0.12573428082466098
L,TTG,-0.48286335978508
N,AAC,-0.485781008893251
P,CCG,0.8496962264424813
P,CCC,0.267828364136815
Q,CAG,0.148375329575936
R,AGG,0.8817538689156379
R,CGG,-0.601499903778237
R,CGC,0.617577904399236
S,TCG,-0.360858321244518
S,TCC,0.0296981658002983
T,ACG,-0.106823661931356
T,ACC,-0.0657468553647399
V,GTG,-0.544722045548757
V,GTC,-0.0215642247497647
Y,TAC,-0.506611495542526
Z,AGC,-0.0907455961043636
