AA,Codon,Mean
A,GCG,0.5295048976103461
A,GCC,-1.15271706658204
C,TGC,-0.211274803719918
D,GAC,-0.326222480563323
E,GAG,-0.236823966775338
F,TTC,-0.205338173555334
G,GGG,-0.44364689232905896
G,GGC,-1.53389935106436
H,CAC,-0.239794594841202
I,ATC,-0.593801819411914
K,AAG,-0.194711779788136
L,CTC,-0.3848741273348535
L,TTG,-1.73271799502373
N,AAC,-0.416678306396802
P,CCG,-1.148793099593123
P,CCC,-0.952095053593318
Q,CAG,-0.797046619764964
R,AGG,-0.189276140719652
R,CGG,-1.048548826018973
R,CGC,-1.18591638183594
S,TCG,-1.383672107769055
S,TCC,-1.04746309569677
T,ACG,-1.000009881485503
T,ACC,-1.13034217476845
V,GTG,-2.559593218727909
V,GTC,-0.405364916910728
Y,TAC,-0.525096369059881
Z,AGC,-0.378409022003412
