AA,Codon,Mean
A,GCG,-0.08250271683534
A,GCC,-0.00520030802160067
C,TGC,0.0029436112825523
D,GAC,-0.0915360024770101
E,GAG,-0.18460210886995
F,TTC,-0.203429266991218
G,GGG,0.3673935266504683
G,GGC,0.165431959140301
H,CAC,-0.195269895179073
I,ATC,-0.0310817008965959
K,AAG,-0.413094667309523
L,CTG,-0.2397203198045579
L,CTC,0.046738605795055205
L,TTG,-0.316129711312056
N,AAC,-0.223829139562448
P,CCG,0.13070453858971598
P,CCC,0.032322887764095
Q,CAG,-0.262246056419611
R,AGG,0.24846770105063903
R,CGG,0.3949702423449138
R,CGC,0.233378709532817
S,TCG,-0.08015152046531498
S,TCC,0.0071860672761943
T,ACG,-0.06083529719313002
T,ACC,-0.0182468438415943
V,GTG,-0.069037791714568
V,GTC,-0.0159908420255455
Y,TAC,-0.218435933385293
Z,AGC,-0.0458354703044674
