AA,Codon,Mean
A,GCG,0.8384150173643369
A,GCC,0.864272946357727
C,TGC,0.596459212696552
D,GAC,0.749506540389856
E,GAG,0.28839619042476
F,TTC,0.37141691882213
G,GGG,0.701187791003784
G,GGC,0.431812260526419
H,CAC,0.898228893021742
I,ATC,0.559067334036032
K,AAG,-1.2079979661701e-4
L,CTG,-0.006589614417154999
L,CTC,0.6659298121601339
L,TTG,-0.0615249047982196
N,AAC,0.58397584678332
P,CCG,0.9976495434870329
P,CCC,0.908391706208388
Q,CAG,0.25256602692008
R,AGG,0.532804186474284
R,CGG,0.8905217415769889
R,CGC,0.455688931991657
S,TCG,0.6624411518273252
S,TCC,0.819281066461404
T,ACG,0.679197227652864
T,ACC,0.552391372851531
V,GTG,-0.08934580756227191
V,GTC,0.648149722703298
Y,TAC,0.659931031219165
Z,AGC,0.433742224945625
