AA,Codon,Mean
A,GCG,0.36770696843663797
A,GCC,0.0893069772591193
C,TGC,0.427421217844884
D,GAC,0.0384334542457014
E,GAG,0.600414235961437
F,TTC,-0.13020544582059
G,GGG,-0.09839144323468202
G,GGC,0.539006332880259
H,CAC,-0.071206111586839
I,ATC,-0.0239421693339013
K,AAG,0.29040867785116
L,CTG,0.36880968876182996
L,CTC,1.0043424211084861
L,TTG,-0.181338320038716
N,AAC,-0.132576155221959
P,CCG,0.674966880641381
P,CCC,0.84903576255242
Q,CAG,0.634310175307592
R,AGG,0.895069029484193
R,CGG,-1.133869231537977
R,CGC,0.820675861934821
S,TCG,0.071356892458597
S,TCC,0.022661433718369
T,ACG,0.30705817856589995
T,ACC,-0.00698603232344067
V,GTG,-0.10304310149947804
V,GTC,0.00797430510992641
Y,TAC,-0.120258712143203
Z,AGC,0.150029341609776
