AA,Codon,Mean
A,GCG,1.2043154225532713
A,GCC,0.337455335724354
C,TGC,0.401454094463587
D,GAC,0.189090505263209
E,GAG,0.964426371788979
F,TTC,0.727154882065455
G,GGG,-0.08906432662208896
G,GGC,1.01356955176195
H,CAC,-0.00884525005317901
I,ATC,0.520416661471128
K,AAG,0.999506995515029
L,CTG,0.10841975594360997
L,CTC,1.8465057640314102
L,TTG,-1.3685921652317
N,AAC,-0.395457625927528
P,CCG,1.541664109083015
P,CCC,1.28452618281047
Q,CAG,0.873311285221577
R,AGG,2.066212839131551
R,CGG,-0.5621660109519909
R,CGC,0.797464550638199
S,TCG,0.4289123864968619
S,TCC,0.477922875310977
T,ACG,0.9792847206046416
T,ACC,0.222953202791015
V,GTG,-1.2398662018934932
V,GTC,1.01011395334403
Y,TAC,-0.364269235209624
Z,AGC,0.324964604012171
