AA,Codon,Mean
A,GCG,0.926996565051874
A,GCC,0.417477165667216
C,TGC,-0.0860462721195693
D,GAC,0.27196804023385
E,GAG,0.370246814139684
F,TTC,0.983751254149278
G,GGG,0.38720122952610203
G,GGC,0.194789478334785
H,CAC,0.217373285869757
I,ATC,0.53440686340332
K,AAG,0.779469811487198
L,CTG,-0.2563174488862301
L,CTC,0.7266227444052739
L,TTG,-0.92649224301974
N,AAC,0.0139095557700675
P,CCG,0.702271911910176
P,CCC,0.340944297121962
Q,CAG,0.379338985238473
R,AGG,0.8327034427563371
R,CGG,0.215049332156777
R,CGC,-0.0553459927026372
S,TCG,0.6549637267101551
S,TCC,0.569767435757319
T,ACG,0.781692314891021
T,ACC,0.312114831161499
V,GTG,-0.7562431909803196
V,GTC,1.01235691802502
Y,TAC,-0.0880182268011073
Z,AGC,0.0443028261820446
