AA,Codon,Mean
A,GCG,0.26976348101298
A,GCC,0.0480915348396947
C,TGC,0.398724905188878
D,GAC,-0.1280124485448
E,GAG,0.44124063718915
F,TTC,-0.28095935642918
G,GGG,0.28212122181256694
G,GGC,0.554936942911148
H,CAC,-0.355551458744208
I,ATC,-0.0800532145683964
K,AAG,-0.416832336078088
L,CTC,0.09697962356339745
L,TTG,0.0307496450454618
N,AAC,-0.370566984206438
P,CCG,0.984988784219821
P,CCC,0.609353000036875
Q,CAG,0.509260031775634
R,AGG,0.7910568366904903
R,CGG,0.15794263459841984
R,CGC,0.736877975189686
S,TCG,0.234888867408037
S,TCC,-0.00973065729014506
T,ACG,0.33142684104045306
T,ACC,-0.0445615376589199
V,GTG,-0.089202225706975
V,GTC,-0.0559722883405785
Y,TAC,-0.412150980661313
Z,AGC,0.0881580394710104
