AA,Codon,Mean
A,GCG,1.934699955920374
A,GCC,0.863817685465018
C,TGC,0.764646988721689
D,GAC,1.51196657809416
E,GAG,1.16454845322768
F,TTC,0.794019113365809
G,GGG,0.435232571645329
G,GGC,1.01626696708202
H,CAC,1.5115011103789
I,ATC,1.22827774380048
K,AAG,1.16153674271107
L,CTC,1.518610097950701
L,TTG,0.40077992990613
N,AAC,1.28020561184883
P,CCG,1.2958012462980066
P,CCC,0.897156117713451
Q,CAG,1.3725651708444
R,AGG,0.9329156967808809
R,CGG,1.054771623386939
R,CGC,0.968992855878671
S,TCG,1.231822754546006
S,TCC,0.936251652495066
T,ACG,1.1432847502544559
T,ACC,0.957510751056671
V,GTG,0.359766241903107
V,GTC,1.49120983450413
Y,TAC,1.19749087905884
Z,AGC,1.04988951059182
