AA,Codon,Mean
A,GCG,-1.427924045519033
A,GCC,-1.95561493690014
C,TGC,-2.5886360675176
D,GAC,-2.49135159964561
E,GAG,-2.89882398602168
F,TTC,-0.887556994791826
G,GGG,-1.979481261412307
G,GGC,-3.2816822180589
H,CAC,-2.65916607597669
I,ATC,-1.54124465693633
K,AAG,-2.23129354661306
L,CTG,-3.893713778509701
L,CTC,-3.47731899601221
L,TTG,-2.6592765229702
N,AAC,-2.19158741939863
P,CCG,-1.6460913894203335
P,CCC,-1.57451096141338
Q,CAG,-4.11661614240011
R,AGG,-0.8615550124486302
R,CGG,-2.389609290440875
R,CGC,-3.30404692643483
S,TCG,-2.608702854550874
S,TCC,-2.05077480057875
T,ACG,-1.616044676307835
T,ACC,-1.98205254777273
V,GTG,-3.7309718168576533
V,GTC,-1.32089552021821
Y,TAC,-2.45018140611649
Z,AGC,-2.46947798989614
