AA,Codon,Mean
A,GCG,1.273361478962497
A,GCC,1.23827085094452
C,TGC,1.64436758036613
D,GAC,1.09343315868378
E,GAG,1.57986594573657
F,TTC,0.320479829301437
G,GGG,1.283001930312318
G,GGC,2.17289126912753
H,CAC,1.01100044412613
I,ATC,0.768317934350173
K,AAG,1.19315640269121
L,CTG,1.548687781858446
L,CTC,1.932147574649253
L,TTG,1.22443823061784
N,AAC,0.740342742093404
P,CCG,2.003392759601278
P,CCC,1.65322840553919
Q,CAG,2.09658798445861
R,AGG,1.565591749219102
R,CGG,1.2386191954612797
R,CGC,2.53561155166626
S,TCG,1.702706923407318
S,TCC,1.01020862900416
T,ACG,1.325301728779075
T,ACC,0.879683177212874
V,GTG,0.8957974691549941
V,GTC,0.893737780980269
Y,TAC,0.726906016202768
Z,AGC,1.25119856416384
