AA,Codon,Mean
A,GCG,0.20441743583679195
A,GCC,-0.478103185456991
C,TGC,-0.713249623735746
D,GAC,-0.420521316868067
E,GAG,-0.928104501843453
F,TTC,0.0785545887183398
G,GGG,-0.38779754193027893
G,GGC,-1.07255426648458
H,CAC,-0.500232678369681
I,ATC,-0.109112289275974
K,AAG,-0.619498538370927
L,CTG,-1.573050730413197
L,CTC,-0.9675063895995222
L,TTG,-1.12376105893453
N,AAC,-0.462306189582745
P,CCG,0.14736284464398997
P,CCC,-0.103431910462192
Q,CAG,-1.62070411422253
R,AGG,0.40980975405374975
R,CGG,-0.6056347204565999
R,CGC,-0.935790620517731
S,TCG,-0.24879837649266
S,TCC,-0.560951275887092
T,ACG,0.19403437230586995
T,ACC,-0.429868246487776
V,GTG,-1.840631996293863
V,GTC,0.254543493471543
Y,TAC,-0.476971558221181
Z,AGC,-0.755140430295467
