AA,Codon,Mean
A,GCG,1.0918292444368212
A,GCC,0.595730716009935
C,TGC,-0.642482705128193
D,GAC,0.183931872714559
E,GAG,0.232137203604976
F,TTC,1.18554154554208
G,GGG,0.6176952414385534
G,GGC,-0.384620250793298
H,CAC,0.307221870603164
I,ATC,0.736816862034798
K,AAG,0.945733183320363
L,CTG,-0.9498720962859684
L,CTC,0.553658319720626
L,TTG,-0.403158028914531
N,AAC,-0.00423249846730626
P,CCG,0.624938500865301
P,CCC,0.710509128956
Q,CAG,-0.181191439135869
R,AGG,0.5255642195622101
R,CGG,0.219236488449573
R,CGC,-0.184706551316738
S,TCG,0.643245882668098
S,TCC,0.878789885274569
T,ACG,0.757934564545122
T,ACC,0.470628164146344
V,GTG,-0.6705815091850433
V,GTC,1.06813425970872
Y,TAC,0.0278167396346048
Z,AGC,-0.636804772210121
