AA,Codon,Mean
A,GCG,0.6738077052036899
A,GCC,0.00276006638407357
C,TGC,0.827162384374936
D,GAC,-0.0368776281268646
E,GAG,0.828548875228564
F,TTC,-0.519984132355452
G,GGG,0.44692434008916004
G,GGC,0.94796471196413
H,CAC,-0.307487250949939
I,ATC,-0.106238658622404
K,AAG,-0.341536966627836
L,CTG,0.8610957624435428
L,CTC,1.74503371843497
L,TTG,0.20859456709524
N,AAC,-0.360138375244538
P,CCG,1.131495654060443
P,CCC,1.50563526693185
Q,CAG,1.0019415680329
R,AGG,2.11596576699813
R,CGG,1.3793455488999697
R,CGC,2.00666056111654
S,TCG,0.817877409541608
S,TCC,-0.0841828130145868
T,ACG,1.360041462445257
T,ACC,-0.0768279150061309
V,GTG,0.9764884316404691
V,GTC,-0.0438350455891341
Y,TAC,-0.423243373588721
Z,AGC,0.282042429118355
