AA,Codon,Mean
A,GCG,0.7601328609098991
A,GCC,-0.824328553473949
C,TGC,-0.0732944937438394
D,GAC,-0.114938236450652
E,GAG,-0.163059513975183
F,TTC,-0.0637074355199933
G,GGG,-0.21555323507785806
G,GGC,-1.17952539002895
H,CAC,-0.0418773960044179
I,ATC,-0.389734506412347
K,AAG,-0.159960568906367
L,CTC,-0.19297360088527202
L,TTG,-1.45138305691878
N,AAC,-0.196623703781764
P,CCG,-0.74191358546118
P,CCC,-0.63869269828399
Q,CAG,-0.61642049826781
R,AGG,-0.07268998019297901
R,CGG,-0.842429419414202
R,CGC,-0.894029288287957
S,TCG,-0.9580913125266629
S,TCC,-0.76094788074096
T,ACG,-0.7011653695190949
T,ACC,-0.80209848553737
V,GTG,-2.131275638055799
V,GTC,-0.218647878328959
Y,TAC,-0.34448797403574
Z,AGC,-0.247468813067675
