AA,Codon,Mean
A,GCG,1.219462163778146
A,GCC,-0.116164304539065
C,TGC,-0.0474471011096228
D,GAC,0.220733735906084
E,GAG,0.234021531696121
F,TTC,0.112801124238471
G,GGG,0.196465743865569
G,GGC,-0.465980516562859
H,CAC,0.312934900426865
I,ATC,-0.00556682280875941
K,AAG,0.204305148913463
L,CTC,0.053870346147814996
L,TTG,-0.838439231065909
N,AAC,0.234667988410592
P,CCG,0.1336943916110941
P,CCC,-0.0531401437906548
Q,CAG,-0.0459431712146228
R,AGG,0.11183406178156496
R,CGG,-0.139856478230158
R,CGC,-0.317009941058358
S,TCG,0.018473587624729004
S,TCC,-0.0507354985439529
T,ACG,0.1954845228783789
T,ACC,-0.0986198301692804
V,GTG,-1.3007127870837851
V,GTC,0.177042446279526
Y,TAC,-0.059190471486918
Z,AGC,-0.0365817333131671
