AA,Codon,Mean
A,GCG,0.21374210717280706
A,GCC,0.100223838409285
C,TGC,0.195239745684465
D,GAC,-0.215129985243082
E,GAG,-0.219817554184794
F,TTC,-0.252971712522705
G,GGG,0.7383366488655401
G,GGC,0.472236508737008
H,CAC,-0.398202845468124
I,ATC,-0.00889509442933419
K,AAG,-0.481495956595739
L,CTC,0.132827783441543
L,TTG,-0.407218973761797
N,AAC,-0.413240852125486
P,CCG,0.9145006221304333
P,CCC,0.294575359719992
Q,CAG,0.177149465923508
R,AGG,0.8318545741637551
R,CGG,-0.5128894610047309
R,CGC,0.612268367234866
S,TCG,-0.22971842312614205
S,TCC,0.0710280726244052
T,ACG,0.02482595628698603
T,ACC,-0.0119387719999894
V,GTG,-0.338252121372024
V,GTC,-0.00843741776480624
Y,TAC,-0.461037262260914
Z,AGC,-0.059826744693766
