AA,Codon,Mean
A,GCG,0.15028192014495498
A,GCC,0.0729317045132319
C,TGC,0.341395785588026
D,GAC,-0.0405479413072268
E,GAG,0.140731648899118
F,TTC,-0.173149857196212
G,GGG,0.10772424379785905
G,GGC,0.364552528510491
H,CAC,-0.122137670469284
I,ATC,-0.0601590187224249
K,AAG,-0.117560867738227
L,CTG,0.209956903092563
L,CTC,0.22412639078895297
L,TTG,-0.0920076118861635
N,AAC,-0.168119149063031
P,CCG,0.521453282695015
P,CCC,0.332499884235859
Q,CAG,0.229988049421708
R,AGG,0.40377503525129127
R,CGG,-0.29170004771153213
R,CGC,0.42567546399037
S,TCG,0.04685760404467601
S,TCC,0.0173175663099731
T,ACG,0.09725055028895499
T,ACC,-0.0294432307971641
V,GTG,-0.081682669899861
V,GTC,-0.010033068827905601
Y,TAC,-0.158128497123718
Z,AGC,0.0596807550414155
