AA,Codon,Mean
A,GCG,0.786996711695194
A,GCC,0.538221625902255
C,TGC,0.0876358249378856
D,GAC,0.806059356625875
E,GAG,0.392407096972068
F,TTC,0.421765512911479
G,GGG,0.6571460588372081
G,GGC,0.409097105455399
H,CAC,0.758684135095278
I,ATC,0.608145698618889
K,AAG,0.486057339709997
L,CTG,-0.28435080884695
L,CTC,0.48380158858497896
L,TTG,-0.162080688213309
N,AAC,0.693681388274829
P,CCG,0.6373408946663139
P,CCC,0.389826017938058
Q,CAG,0.331431134525935
R,AGG,0.59816690376202
R,CGG,0.706163518514235
R,CGC,0.368145030550162
S,TCG,0.565193728749951
S,TCC,0.521748650038242
T,ACG,0.659862555684646
T,ACC,0.509650335597992
V,GTG,-0.023891877716778975
V,GTC,0.691472199487686
Y,TAC,0.460299577530225
Z,AGC,0.312314800429344
