AA,Codon,Mean
A,GCG,0.891616703977187
A,GCC,0.601119787494342
C,TGC,0.187736343669891
D,GAC,0.875496531514327
E,GAG,0.451238281536102
F,TTC,0.495275265642007
G,GGG,0.7048756386862115
G,GGC,0.39328045732975
H,CAC,0.835019717494647
I,ATC,0.632161076402664
K,AAG,0.485730465910832
L,CTG,-0.22232030982573803
L,CTC,0.5222648487488429
L,TTG,-0.0711429119713604
N,AAC,0.783015649795532
P,CCG,0.656063300486406
P,CCC,0.516721148890257
Q,CAG,0.360730925520261
R,AGG,0.577867194187639
R,CGG,0.8904439221620559
R,CGC,0.443572157847881
S,TCG,0.696600399999818
S,TCC,0.605247470239798
T,ACG,0.728277913243572
T,ACC,0.587365892382463
V,GTG,0.150398432389895
V,GTC,0.711089321446419
Y,TAC,0.547243762719631
Z,AGC,0.338657458372911
