AA,Codon,Mean
A,GCG,1.497431985370318
A,GCC,-0.017234140929977
C,TGC,0.205474708832304
D,GAC,0.577627432684104
E,GAG,0.374334528390567
F,TTC,0.269914543089271
G,GGG,0.264247491721064
G,GGC,-0.118167002326747
H,CAC,0.715632549953461
I,ATC,0.131137369247278
K,AAG,0.369101763192813
L,CTC,0.2647728948845216
L,TTG,-0.480587940436602
N,AAC,0.556784436647097
P,CCG,0.278839848135908
P,CCC,0.111638242801527
Q,CAG,0.0102196277305629
R,AGG,0.062460053780674984
R,CGG,0.0011925943255419735
R,CGC,-0.0747403751357303
S,TCG,0.3376968540644899
S,TCC,0.0455374947988739
T,ACG,0.444305084035794
T,ACC,0.0787054638480147
V,GTG,-0.9194063103119541
V,GTC,0.330150411142906
Y,TAC,0.309117988595366
Z,AGC,0.347396421788136
