AA,Codon,Mean
A,GCG,0.064928796478112
A,GCC,0.0334798327160999
C,TGC,0.160362481362621
D,GAC,-0.388690486131112
E,GAG,-0.373866555627187
F,TTC,-0.408937029226621
G,GGG,0.7306672218918839
G,GGC,0.350740666139126
H,CAC,-0.669350630795956
I,ATC,-0.126161485183736
K,AAG,-0.688977275915941
L,CTC,-0.012566549317042042
L,TTG,-0.705258861780167
N,AAC,-0.668928540817897
P,CCG,0.7549953066216165
P,CCC,0.229074839574099
Q,CAG,0.0929202930420637
R,AGG,0.903808776319027
R,CGG,-0.8880745064775141
R,CGC,0.416916337815921
S,TCG,-0.5142864965955419
S,TCC,-0.0103832035527381
T,ACG,-0.214489983274539
T,ACC,-0.147798232407868
V,GTG,-0.611299139723182
V,GTC,-0.0816006622053683
Y,TAC,-0.692003023850918
Z,AGC,-0.237206172170242
