AA,Codon,Mean
A,GCG,0.824152411847317
A,GCC,-0.468631102492412
C,TGC,-0.385810830819607
D,GAC,-0.0447218497822677
E,GAG,-0.44621834512949
F,TTC,0.0363110790560683
G,GGG,0.08967512651682008
G,GGC,-1.21433801049391
H,CAC,0.51744813931187
I,ATC,-0.10106183398217
K,AAG,-0.135030155275265
L,CTC,-0.507215575155616
L,TTG,-0.965375101812681
N,AAC,0.232366126567125
P,CCG,-0.893564936224619
P,CCC,-0.581757713333766
Q,CAG,-0.927672779556115
R,AGG,0.04300458826621001
R,CGG,-0.1123528935273399
R,CGC,-0.835163483035564
S,TCG,-0.28499697180390293
S,TCC,-0.42036100597779
T,ACG,0.015396893783410026
T,ACC,-0.454322575781743
V,GTG,-0.6728533241669321
V,GTC,0.0531375739916368
Y,TAC,-0.00811463477613194
Z,AGC,-0.25239816519618
