AA,Codon,Mean
A,GCG,0.6658643198172298
A,GCC,0.668510721011957
C,TGC,1.30552996400992
D,GAC,0.502337952762842
E,GAG,1.31610600718657
F,TTC,-0.394500389623642
G,GGG,0.5985767109711899
G,GGC,2.04201916866302
H,CAC,0.0291681802384316
I,ATC,0.262884012349447
K,AAG,0.313568570856253
L,CTC,0.934129393013315
L,TTG,0.568388056274255
N,AAC,-0.0911828624119361
P,CCG,2.235344120985271
P,CCC,1.21153238596916
Q,CAG,1.63981663950284
R,AGG,1.657100917073092
R,CGG,0.5689948652744303
R,CGC,2.39049674722354
S,TCG,0.5577954474449199
S,TCC,0.514345214458307
T,ACG,0.47408342969417006
T,ACC,0.361490072993437
V,GTG,0.10342983833153996
V,GTC,0.435010579643647
Y,TAC,-0.107696101344874
Z,AGC,0.829829626695315
