AA,Codon,Mean
A,GCG,1.381948998788992
A,GCC,0.566649100045363
C,TGC,0.220358205916484
D,GAC,0.57008310128053
E,GAG,0.301368615955114
F,TTC,0.230726432916522
G,GGG,0.5313879625409841
G,GGC,0.189378021635612
H,CAC,0.871850669896603
I,ATC,0.340797274504105
K,AAG,0.412187805823485
L,CTC,0.570394167013963
L,TTG,-0.302284683448076
N,AAC,0.562563976828257
P,CCG,0.847116596156359
P,CCC,0.644862224860986
Q,CAG,0.341261943590641
R,AGG,0.4129347833236101
R,CGG,0.7998856374859811
R,CGC,0.521716692747672
S,TCG,0.57359129815499
S,TCC,0.641817674879233
T,ACG,0.751185445756713
T,ACC,0.543973380571604
V,GTG,-0.050547021071116
V,GTC,0.58780217679739
Y,TAC,0.414216256229083
Z,AGC,0.36179434773922
