AA,Codon,Mean
A,GCG,-0.21028311998248106
A,GCC,-0.118826073933641
C,TGC,0.0502929555420229
D,GAC,-0.503481407978137
E,GAG,-0.119369955989222
F,TTC,-0.333326967666547
G,GGG,0.05800469966133398
G,GGC,0.221170445475976
H,CAC,-0.759813808135192
I,ATC,-0.263952156180143
K,AAG,-0.543676620636384
L,CTC,-0.27392207475304603
L,TTG,-0.559554125996431
N,AAC,-0.739825907019774
P,CCG,0.527628133329749
P,CCC,-0.0786065965340162
Q,CAG,0.00772719562015516
R,AGG,0.48053835498116154
R,CGG,-0.585891061864297
R,CGC,0.248280094739795
S,TCG,-0.3678659365578243
S,TCC,-0.19552857701083
T,ACG,-0.183018766965966
T,ACC,-0.362707218515873
V,GTG,-0.584084071667989
V,GTC,-0.201098753064871
Y,TAC,-0.798160876619816
Z,AGC,-0.39673196537892
