AA,Codon,Mean
A,GCG,1.05637755718877
A,GCC,0.757211031242212
C,TGC,0.166694090895355
D,GAC,0.744809936821461
E,GAG,0.274750383290648
F,TTC,0.43134487494429
G,GGG,0.604106336733699
G,GGC,0.254233466451367
H,CAC,0.908947218104204
I,ATC,0.474987875922521
K,AAG,0.479541571154197
L,CTG,-0.32720271995465
L,CTC,0.542332018134991
L,TTG,-0.401570706901948
N,AAC,0.69582860200405094
P,CCG,0.547948963364947
P,CCC,0.973443924037615
Q,CAG,0.121246575305859
R,AGG,0.631800402309498
R,CGG,0.46134185706824
R,CGC,0.0972436650852983
S,TCG,0.359063192775845
S,TCC,0.88042469411691
T,ACG,0.755760380838066
T,ACC,0.610215981765588
V,GTG,-0.277458438665668
V,GTC,0.506416471179326
Y,TAC,0.677233985809485
Z,AGC,0.117099834996959
