AA,Codon,Mean
A,GCG,0.275851467283567
A,GCC,0.0117539110729691
C,TGC,0.00432045915493431
D,GAC,-0.1080472699821
E,GAG,-0.0992630630329251
F,TTC,-0.254879261452953
G,GGG,0.9177161324222869
G,GGC,0.233317030786475
H,CAC,-0.220209222614765
I,ATC,-0.042622532898436
K,AAG,-0.562569695230325
L,CTG,-0.24175990002353998
L,CTC,-0.029623569516216704
L,TTG,-0.642892099106312
N,AAC,-0.275329318738977
P,CCG,0.22164092424710602
P,CCC,-0.0826008256360889
Q,CAG,-0.342135187983513
R,AGG,0.6957495388532676
R,CGG,0.827525771560272
R,CGC,1.1507837615331
S,TCG,0.12214169817964304
S,TCC,-0.0166229775698925
T,ACG,0.2232001041094459
T,ACC,-0.0450697737373412
V,GTG,-0.014356972370545007
V,GTC,-0.0411538102315118
Y,TAC,-0.224662688437104
Z,AGC,-0.104321862393121
