AA,Codon,Mean
A,GCG,1.1386092520356181
A,GCC,0.166373058763643
C,TGC,0.384064006304741
D,GAC,0.767445971818765
E,GAG,0.677690577073892
F,TTC,0.648227862250805
G,GGG,0.686146404741208
G,GGC,0.382980912172794
H,CAC,0.805968227783839
I,ATC,0.562341936282317
K,AAG,0.980925311855475
L,CTG,-0.33723212839762395
L,CTC,0.5622812175790499
L,TTG,-0.698367718915145
N,AAC,0.642142141524951
P,CCG,0.600396539184451
P,CCC,-0.0150540244497933
Q,CAG,0.470618419430653
R,AGG,0.9262359409213059
R,CGG,0.6894989964085841
R,CGC,0.613783467425903
S,TCG,0.5868531190146999
S,TCC,0.176412776455283
T,ACG,0.900557115878661
T,ACC,0.0535097595556329
V,GTG,-0.49283393308814416
V,GTC,0.772524889727433
Y,TAC,0.644278177877267
Z,AGC,0.418660925636689
