AA,Codon,Mean
A,GCG,0.32478587495684597
A,GCC,0.200753468396266
C,TGC,0.616870447862148
D,GAC,0.047162549709032
E,GAG,0.475861968056361
F,TTC,-0.217633079790076
G,GGG,0.510062158155438
G,GGC,0.86717064901193
H,CAC,-0.228987687073151
I,ATC,0.0612697447868685
K,AAG,-0.376281598828236
L,CTG,0.30004134521583703
L,CTC,0.2863972506690182
L,TTG,0.253885368525982
N,AAC,-0.232938229557872
P,CCG,1.103706076587239
P,CCC,1.32694595440229
Q,CAG,0.604963778650761
R,AGG,1.073784722546736
R,CGG,-0.40817185091971986
R,CGC,1.12549944736958
S,TCG,0.21075373809735004
S,TCC,0.0822623286018769
T,ACG,0.290453348157803
T,ACC,0.0658291713833809
V,GTG,-0.24156057164271705
V,GTC,0.0369841623413687
Y,TAC,-0.213931966609756
Z,AGC,0.188506318584085
