AA,Codon,Mean
A,GCG,0.4642793779009582
A,GCC,-0.530823025302092
C,TGC,0.163284239111592
D,GAC,0.0467120790257429
E,GAG,0.386600806202491
F,TTC,0.151746993350983
G,GGG,0.5543734410449392
G,GGC,-0.127223546032732
H,CAC,0.320469891577959
I,ATC,-0.0266790749848183
K,AAG,0.542799050843716
L,CTG,-1.3201782692560786
L,CTC,0.033041532270110086
L,TTG,-1.51467083277702
N,AAC,-0.0534671431900545
P,CCG,-0.09497553528746003
P,CCC,-0.324126718816161
Q,CAG,-0.126122979979962
R,AGG,1.140948004857083
R,CGG,0.06126287613709702
R,CGC,0.231682937301199
S,TCG,-0.4890699202010275
S,TCC,-0.475327052958806
T,ACG,0.08085074780384705
T,ACC,-0.658890040171146
V,GTG,-1.499963637769222
V,GTC,0.171832701797287
Y,TAC,0.101968026373287
Z,AGC,0.0513225060755178
