AA,Codon,Mean
A,GCG,0.301996620390812
A,GCC,0.00870882697423159
C,TGC,0.234627268667022
D,GAC,-0.211126106293996
E,GAG,-0.164803587342302
F,TTC,-0.302336097886165
G,GGG,0.511146308914821
G,GGC,0.446649995992581
H,CAC,-0.333743325992425
I,ATC,-0.0996194985647996
K,AAG,-0.352129269979397
L,CTG,-0.3249335612495742
L,CTC,0.023881487420200992
L,TTG,-0.31927508803606
N,AAC,-0.398479028089841
P,CCG,0.5891322990355392
P,CCC,0.235508846476674
Q,CAG,0.0122535071438196
R,AGG,0.5917007642558471
R,CGG,0.244019026700652
R,CGC,0.451548528871934
S,TCG,-0.041312555988629984
S,TCC,-0.0269579392129866
T,ACG,0.05944824793537501
T,ACC,-0.0945105115736524
V,GTG,-0.159582834277551
V,GTC,-0.0719305700408916
Y,TAC,-0.386339033335447
Z,AGC,0.0166225448437332
