AA,Codon,Mean
A,GCG,0.842832539689044
A,GCC,0.165292418571313
C,TGC,0.0535421663127139
D,GAC,0.261851841619611
E,GAG,0.265687451396386
F,TTC,0.244229639708002
G,GGG,0.47056914239314007
G,GGC,-0.0583098055354514
H,CAC,0.459796967156728
I,ATC,0.0727805073569218
K,AAG,0.216747669118643
L,CTG,-0.346085216519236
L,CTC,0.23077450313369396
L,TTG,-0.513235454108318
N,AAC,0.0222108580477141
P,CCG,0.592082797317704
P,CCC,0.126560612056404
Q,CAG,0.0800880859495451
R,AGG,0.3437009834368989
R,CGG,0.36125884362047
R,CGC,0.221965967438122
S,TCG,0.501666713299572
S,TCC,0.114152516851326
T,ACG,0.487840565142035
T,ACC,0.14628107278198
V,GTG,-0.4129734393130488
V,GTC,0.231192573455969
Y,TAC,-0.0387763007980218
Z,AGC,0.0874876567100485
