AA,Codon,Mean
A,GCG,1.0942088822796892
A,GCC,0.579533052289486
C,TGC,0.364691450623671
D,GAC,0.657536807560921
E,GAG,0.539190404450893
F,TTC,0.587724037114779
G,GGG,0.750062790343166
G,GGC,0.493741547115644
H,CAC,0.740138016394774
I,ATC,0.55682228637139
K,AAG,0.406207223761082
L,CTG,0.03706961430509903
L,CTC,0.768890949992344
L,TTG,-0.210534393497308
N,AAC,0.447161683138212
P,CCG,0.9444042009562873
P,CCC,0.584191395763556
Q,CAG,0.403416881356637
R,AGG,0.50571815893253
R,CGG,0.7516229686359559
R,CGC,0.689141398708026
S,TCG,0.8220531859003863
S,TCC,0.54377274847428
T,ACG,0.818010280598062
T,ACC,0.564436512064934
V,GTG,-0.032213880455494004
V,GTC,0.661858689153194
Y,TAC,0.401290547072887
Z,AGC,0.442822050376733
