AA,Codon,Mean
A,GCG,0.5735930608073899
A,GCC,0.140667604687313
C,TGC,0.113023331400286
D,GAC,0.344120848653714
E,GAG,0.499928860119979
F,TTC,-0.4562057502985
G,GGG,0.7970805684963819
G,GGC,0.491462015688419
H,CAC,0.0302090813207583
I,ATC,-0.0384984714018636
K,AAG,-0.0183190334193003
L,CTG,0.6418226126809901
L,CTC,0.05587641567389201
L,TTG,0.358340302244822
N,AAC,0.10204424625809
P,CCG,0.8398279492775594
P,CCC,0.343641936955849
Q,CAG,0.732602268060048
R,AGG,0.7309041067500869
R,CGG,0.4886408018986401
R,CGC,0.466047086379925
S,TCG,0.5619498233223951
S,TCC,0.0920007936334858
T,ACG,0.437832726903756
T,ACC,0.139244200614591
V,GTG,0.7326558976848949
V,GTC,0.0876437526206175
Y,TAC,0.201662710067133
Z,AGC,0.128503752663359
