AA,Codon,Mean
A,GCG,1.0812012359867489
A,GCC,1.48136947240829
C,TGC,0.958503444222609
D,GAC,1.16998591355483
E,GAG,1.0403578627944
F,TTC,1.92845806314945
G,GGG,0.792879140541346
G,GGC,0.87858038812081
H,CAC,1.49326942869027
I,ATC,1.76587392076651
K,AAG,1.4270488636890999
L,CTG,0.719521890038279
L,CTC,1.6951646514674
L,TTG,0.893552630376816
N,AAC,1.30417141622702
P,CCG,0.9640041302247597
P,CCC,1.4239766337951
Q,CAG,0.933539340603352
R,AGG,0.949008289502062
R,CGG,0.841811006035984
R,CGC,0.86855434978803
S,TCG,1.0341949879838763
S,TCC,1.50197966805299
T,ACG,1.1619572722762819
T,ACC,1.37522536106904
V,GTG,0.43662098327974497
V,GTC,1.64152575238546
Y,TAC,1.18287691456477
Z,AGC,0.931860809314251
