AA,Codon,Mean
A,GCG,0.132425936283668
A,GCC,0.0676001580717663
C,TGC,0.345881421236197
D,GAC,-0.0743829931733509
E,GAG,0.0825597195975483
F,TTC,-0.264751409076651
G,GGG,0.44081980664332704
G,GGC,0.402795754742622
H,CAC,-0.287914950895309
I,ATC,-0.103860614396632
K,AAG,-0.301588978431622
L,CTC,0.007489491909741963
L,TTG,-0.18254697419107
N,AAC,-0.260825359645486
P,CCG,0.500340038594604
P,CCC,0.324228339948257
Q,CAG,0.245268569927414
R,AGG,0.4428451436888847
R,CGG,-0.14703986356258003
R,CGC,0.551089514074723
S,TCG,0.12617190134227302
S,TCC,-0.00973009292243766
T,ACG,0.22099988602002496
T,ACC,-0.0670928640690943
V,GTG,-0.047904108683268
V,GTC,-0.0392110494123151
Y,TAC,-0.279199530798197
Z,AGC,0.0234775775094466
