AA,Codon,Mean
A,GCG,1.6829256212890171
A,GCC,0.954418135682742
C,TGC,0.452093767430385
D,GAC,0.895647198736668
E,GAG,0.700157234859467
F,TTC,0.600971394570669
G,GGG,0.884304218356808
G,GGC,0.762730694997311
H,CAC,0.952794514139493
I,ATC,0.871569522058964
K,AAG,0.350646108573675
L,CTC,0.904071767071887
L,TTG,0.163822254094481
N,AAC,0.730767927579085
P,CCG,1.2665166989823824
P,CCC,0.895345280623436
Q,CAG,0.533615355531375
R,AGG,0.734656661423046
R,CGG,0.858725212525328
R,CGC,0.797961070446173
S,TCG,1.1180248183657753
S,TCC,0.974183827050527
T,ACG,1.075120941948394
T,ACC,0.950485887372494
V,GTG,0.23312691014806503
V,GTC,1.03990633791288
Y,TAC,0.66140033361117
Z,AGC,0.525832051080465
