AA,Codon,Mean
A,GCG,-0.5259011402845379
A,GCC,-0.69247181062301
C,TGC,-0.58623309101065
D,GAC,-0.707301527118683
E,GAG,-0.458681993114948
F,TTC,-0.0821778401511411
G,GGG,-0.536024196492632
G,GGC,-0.941041686459382
H,CAC,-0.626693210669359
I,ATC,-0.246808172821999
K,AAG,-0.315174928077062
L,CTG,-0.6495629768555151
L,CTC,-0.8301371133397031
L,TTG,-0.56034785519441
N,AAC,-0.540311780430873
P,CCG,-0.7642098869002143
P,CCC,-0.76239072941939
Q,CAG,-0.580575450138251
R,AGG,-0.251999051230518
R,CGG,-0.5222851647158471
R,CGC,-0.884769973440965
S,TCG,-0.7405161251777981
S,TCC,-0.602147768580914
T,ACG,-0.502996637296677
T,ACC,-0.662462723990281
V,GTG,-0.6562196454011578
V,GTC,-0.636905639413993
Y,TAC,-0.592304033327103
Z,AGC,-0.585799270049731
