AA,Codon,Mean
A,GCG,0.35632200931112
A,GCC,0.109453847675274
C,TGC,-0.276463436820606
D,GAC,-0.264205340489745
E,GAG,-0.172723443959653
F,TTC,0.262733435342709
G,GGG,1.2589490777830319
G,GGC,-0.00721756003398941
H,CAC,-0.244185455406706
I,ATC,0.389723821727435
K,AAG,-0.745574977687995
L,CTG,-1.464306916085581
L,CTC,0.011898336678303596
L,TTG,-1.6303052233537
N,AAC,-0.423769839068254
P,CCG,0.704514333841205
P,CCC,0.183836415750285
Q,CAG,-0.219855209478736
R,AGG,1.391047860976061
R,CGG,0.37086090170542796
R,CGC,0.0506297337280163
S,TCG,-0.299121590624253
S,TCC,0.226204870373011
T,ACG,0.41777932222286807
T,ACC,-0.0781929974946659
V,GTG,-1.0200755548795089
V,GTC,0.180387356288234
Y,TAC,-0.428543385454019
Z,AGC,-0.652818832834562
