AA,Codon,Mean
A,GCG,1.221378608125443
A,GCC,1.070574903814
C,TGC,0.579218462711573
D,GAC,0.899862235089143
E,GAG,0.609935131045183
F,TTC,0.660382418413957
G,GGG,1.548988199470436
G,GGC,0.970030743507544
H,CAC,0.876562108302116
I,ATC,0.872705637192726
K,AAG,0.231590696857373
L,CTG,-0.055582192258040064
L,CTC,1.0708320381371887
L,TTG,-0.537025750527779
N,AAC,0.663422237853209
P,CCG,1.3780896949960522
P,CCC,1.2634349313577
Q,CAG,0.652730798796813
R,AGG,1.136629898889859
R,CGG,1.158265659781296
R,CGC,0.876695114413897
S,TCG,0.928628658664227
S,TCC,1.09284818368753
T,ACG,1.140133347010616
T,ACC,0.935689144269625
V,GTG,0.03344381507635097
V,GTC,1.08711091384093
Y,TAC,0.7031567943573
Z,AGC,0.41321250136892
