AA,Codon,Mean
A,GCG,1.774991921691097
A,GCC,1.0433008311828
C,TGC,0.819997579717636
D,GAC,1.35547088635763
E,GAG,1.00342505964438
F,TTC,1.27388305470943
G,GGG,0.9530697400033139
G,GGC,1.13621116201083
H,CAC,1.39960282305082
I,ATC,1.30927657791773
K,AAG,1.08269246639411
L,CTG,0.554883095649875
L,CTC,1.228770828249059
L,TTG,0.659682298966249
N,AAC,1.27367189314365
P,CCG,1.480012283831831
P,CCC,1.1974213115135799
Q,CAG,1.01129604875644
R,AGG,0.95775918155909
R,CGG,1.1447364782326916
R,CGC,1.30857358154456
S,TCG,1.327451975437004
S,TCC,1.07738805537224
T,ACG,1.488492169560986
T,ACC,1.0922600474596
V,GTG,0.673815995680292
V,GTC,1.27309728544553
Y,TAC,1.21874285093149
Z,AGC,0.821674953564008
