AA,Codon,Mean
A,GCG,0.11200350191394504
A,GCC,0.0180091420657642
C,TGC,0.349991235969464
D,GAC,-0.0957697422052423
E,GAG,0.192191723024845
F,TTC,-0.280643786949913
G,GGG,0.06341665018002207
G,GGC,0.300526675676306
H,CAC,-0.241459171025952
I,ATC,-0.125787802104652
K,AAG,-0.227655233302712
L,CTG,0.3146157005538545
L,CTC,0.375751550384363
L,TTG,0.0870538910016418
N,AAC,-0.300502799630165
P,CCG,0.6743451137930161
P,CCC,0.435021189953884
Q,CAG,0.301413648507992
R,AGG,0.48065115793508806
R,CGG,0.0108193312962801
R,CGC,0.441184973762433
S,TCG,0.013875651784738041
S,TCC,-0.0326729657595356
T,ACG,0.05434061454137101
T,ACC,-0.0633615187592804
V,GTG,-0.024658659821748974
V,GTC,-0.0687819812921186
Y,TAC,-0.298016066473722
Z,AGC,-0.0251889414706912
