AA,Codon,Mean
A,GCG,1.708973774155971
A,GCC,1.02569389038881
C,TGC,0.935913853724798
D,GAC,1.22343831721147
E,GAG,0.948200387521585
F,TTC,1.00199588340124
G,GGG,0.878956714749341
G,GGC,1.36661725510756
H,CAC,1.31197851516406
I,ATC,1.20394950838884
K,AAG,0.93028800932169
L,CTG,0.5083619200110391
L,CTC,1.132592359252771
L,TTG,0.594584287122885
N,AAC,1.12663228855928
P,CCG,1.650902926601962
P,CCC,1.35486836481889
Q,CAG,1.04616145567497
R,AGG,1.119303499682744
R,CGG,1.156698515168824
R,CGC,1.58873755287329
S,TCG,1.158708393696944
S,TCC,1.01233144855499
T,ACG,1.393491546411316
T,ACC,1.02558879323006
V,GTG,0.47346544176538796
V,GTC,1.18520826135476
Y,TAC,1.00851915260951
Z,AGC,0.839766521390279
