AA,Codon,Mean
A,GCG,1.689280074014265
A,GCC,0.94410413266023
C,TGC,0.417043614449104
D,GAC,0.895222337039312
E,GAG,0.693336172839006
F,TTC,0.615856999699275
G,GGG,0.851564672334989
G,GGC,0.688236735415459
H,CAC,0.977280355147521
I,ATC,0.84848896236817
K,AAG,0.364501090196768
L,CTC,0.886694145320858
L,TTG,0.174399417879184
N,AAC,0.748135597578685
P,CCG,1.2368977070088307
P,CCC,0.866660293710232
Q,CAG,0.517729093656937
R,AGG,0.701382424243287
R,CGG,0.8438703392366571
R,CGC,0.753421205453078
S,TCG,1.108879037076236
S,TCC,0.959114327597618
T,ACG,1.0542873330508669
T,ACC,0.929697375818094
V,GTG,0.242758114078641
V,GTC,1.0123489242514
Y,TAC,0.678461130356789
Z,AGC,0.506422576004267
