AA,Codon,Mean
A,GCG,1.6643137896815978
A,GCC,0.978534186589718
C,TGC,0.584530288549264
D,GAC,0.898401985176404
E,GAG,0.730135212902228
F,TTC,0.542242661976814
G,GGG,0.9923583034987653
G,GGC,0.984477156408628
H,CAC,0.859537916958332
I,ATC,0.914089124755065
K,AAG,0.29770621638298
L,CTC,0.9869297417054559
L,TTG,0.121564386965334
N,AAC,0.663975069860617
P,CCG,1.365179162603543
P,CCC,0.994845740159353
Q,CAG,0.606484355513255
R,AGG,0.889453976714614
R,CGG,0.7351798595130441
R,CGC,0.973996890119712
S,TCG,1.1569415580701763
S,TCC,1.01612153700988
T,ACG,1.16476233038171
T,ACC,0.985069053824743
V,GTG,0.19155601798892097
V,GTC,1.07798788839181
Y,TAC,0.600485406450431
Z,AGC,0.65273330814441
