AA,Codon,Mean
A,GCG,0.139209440435966
A,GCC,0.0602686136345069
C,TGC,0.296862491652369
D,GAC,-0.0742264637691279
E,GAG,0.0728926904842258
F,TTC,-0.245020973405242
G,GGG,0.406523362056414
G,GGC,0.324607036715746
H,CAC,-0.258289254062374
I,ATC,-0.112404209104677
K,AAG,-0.282676913180947
L,CTC,-0.024038260537386003
L,TTG,-0.167710378156106
N,AAC,-0.239146647855639
P,CCG,0.469428634995222
P,CCC,0.292662488109867
Q,CAG,0.219699867178003
R,AGG,0.3887883253942703
R,CGG,-0.050164363376300036
R,CGC,0.489082066414754
S,TCG,0.11235275201002798
S,TCC,-0.0194296906691588
T,ACG,0.18665299402276703
T,ACC,-0.0727765797942877
V,GTG,-0.03110613853534
V,GTC,-0.0457644265426944
Y,TAC,-0.259880865346392
Z,AGC,-0.0211397411726504
