AA,Codon,Mean
A,GCG,1.2723307152469951
A,GCC,0.215275527902444
C,TGC,0.131639334981143
D,GAC,0.143700461060802
E,GAG,0.522303979531924
F,TTC,0.387005145698786
G,GGG,0.9194781721969449
G,GGC,0.028704687850767
H,CAC,0.379754874757926
I,ATC,0.245386961422364
K,AAG,0.272389719698826
L,CTC,0.22841093671719198
L,TTG,-0.8779283010602
N,AAC,0.194904544912775
P,CCG,0.568050062147776
P,CCC,0.205852809932828
Q,CAG,0.222821347358823
R,AGG,0.6818384858886399
R,CGG,0.7120997807858174
R,CGC,0.0320145286061513
S,TCG,0.0466554578195293
S,TCC,0.222343896998962
T,ACG,0.500511447025339
T,ACC,-0.0992277041256428
V,GTG,-0.562234386289616
V,GTC,0.494499863088131
Y,TAC,-0.0330799528005936
Z,AGC,0.0463567929473065
