AA,Codon,Mean
A,GCG,-0.07831322407523805
A,GCC,0.0521005823100607
C,TGC,0.324136477259795
D,GAC,-0.0689058898411691
E,GAG,-0.08292308254987
F,TTC,-0.20207525143822
G,GGG,0.48647657252848203
G,GGC,0.44051016723911
H,CAC,-0.237368604752421
I,ATC,-0.0123823660821173
K,AAG,-0.324027128825585
L,CTC,0.12096754651665698
L,TTG,-0.340856118613482
N,AAC,-0.243811045852304
P,CCG,0.6298737155817007
P,CCC,0.152568840114772
Q,CAG,0.15721084450086
R,AGG,0.623856660102308
R,CGG,-0.606083890926834
R,CGC,0.56348605607748
S,TCG,-0.19500370689630497
S,TCC,0.0185140015459998
T,ACG,0.011383634932836006
T,ACC,-0.0320203950929766
V,GTG,-0.243990032218894
V,GTC,0.00998190431820847
Y,TAC,-0.251748603190978
Z,AGC,0.130328831429283
