AA,Codon,Mean
A,GCG,1.410524650106825
A,GCC,0.823032108811537
C,TGC,0.49738103350997
D,GAC,0.681949066241582
E,GAG,0.857496905545394
F,TTC,1.44387257486979
G,GGG,0.800238690250119
G,GGC,0.0701653462176522
H,CAC,0.998764923230807
I,ATC,1.03347264249722
K,AAG,1.17501631029447
L,CTG,0.5496035395099527
L,CTC,0.9645744708847385
L,TTG,0.391872936868668
N,AAC,0.636130317485332
P,CCG,1.2092300277158192
P,CCC,0.95208571100235
Q,CAG,0.719621212923527
R,AGG,0.887098016483334
R,CGG,0.681703696435938
R,CGC,0.24235062011381
S,TCG,1.2477330693364135
S,TCC,1.28630476532777
T,ACG,1.391443937645354
T,ACC,1.06443705057303
V,GTG,0.565492727656166
V,GTC,0.930740101059278
Y,TAC,0.700451057748
Z,AGC,0.365244164923827
