AA,Codon,Mean
A,GCG,1.2992205549538132
A,GCC,0.696239738198121
C,TGC,0.490287509461244
D,GAC,0.665748005243142
E,GAG,0.773806509157022
F,TTC,1.36112134842873
G,GGG,0.6821947711934641
G,GGC,0.171852843830486
H,CAC,0.838889764857292
I,ATC,1.01550295408169
K,AAG,1.04560599730412
L,CTG,0.4077822215619191
L,CTC,1.0389185526604419
L,TTG,0.267448604309559
N,AAC,0.50597259132266
P,CCG,1.0355488707964622
P,CCC,0.784680416619778
Q,CAG,0.638633183526993
R,AGG,0.94171024228831
R,CGG,0.7088349797110093
R,CGC,0.29079284894069
S,TCG,1.058296949720383
S,TCC,1.11981713140011
T,ACG,1.234916748734315
T,ACC,0.904961818114916
V,GTG,0.407585576034586
V,GTC,0.935765366228422
Y,TAC,0.593832838614782
Z,AGC,0.403729873826106
