AA,Codon,Mean
A,GCG,0.4113706289172169
A,GCC,-0.0465507492403189
C,TGC,-0.348640048259497
D,GAC,-0.239659115490317
E,GAG,0.183141715891163
F,TTC,-0.374084363363187
G,GGG,0.547532244654495
G,GGC,0.278764376775424
H,CAC,-0.53244201608697606
I,ATC,-0.164658861270547
K,AAG,-0.720039275070032
L,CTG,-0.21191906433502905
L,CTC,-0.1599250945294896
L,TTG,-0.482905252967278
N,AAC,-0.426496728016933
P,CCG,0.925153334862987
P,CCC,0.0788940017712613
Q,CAG,0.369186614173651
R,AGG,0.8238720141490251
R,CGG,0.7671592019716911
R,CGC,0.205988166355093
S,TCG,0.18747285305857603
S,TCC,-0.0706270625159144
T,ACG,0.3874301709075769
T,ACC,-0.126591747529805
V,GTG,0.306303606804212
V,GTC,-0.187546102963885
Y,TAC,-0.44623325390021
Z,AGC,-0.153269874010483
