AA,Codon,Mean
A,GCG,0.901289051242669
A,GCC,0.388803987342119
C,TGC,0.143033414606998
D,GAC,0.505202352384726
E,GAG,-0.0338285855321796
F,TTC,0.21833745687902
G,GGG,0.388455238398909
G,GGC,0.366815686349074
H,CAC,0.395132500843207
I,ATC,0.240636080332597
K,AAG,-0.204531384564439
L,CTG,-0.595200078476717
L,CTC,0.168686531521877
L,TTG,-0.682638193078836
N,AAC,0.123911098886033
P,CCG,1.118466145599881
P,CCC,0.456098813039064
Q,CAG,-0.180107232601444
R,AGG,0.46964317744970596
R,CGG,0.395533801577996
R,CGC,0.179842619618277
S,TCG,1.010617428805431
S,TCC,0.306420438456535
T,ACG,0.97413173909386
T,ACC,0.448216599571705
V,GTG,-0.81587743109415
V,GTC,0.50437645564278
Y,TAC,0.0402493248581799
Z,AGC,0.270715021752318
