AA,Codon,Mean
A,GCG,-0.012630522183576964
A,GCC,-0.0128302484537019
C,TGC,0.361153088074923
D,GAC,-0.189902594146132
E,GAG,-0.201511984492342
F,TTC,-0.208909463522832
G,GGG,0.07097220463355991
G,GGC,0.443784986044963
H,CAC,-0.413168702057997
I,ATC,-0.0396281352305164
K,AAG,-0.471694241309166
L,CTG,0.23830208267370906
L,CTC,0.211156351818641
L,TTG,-0.488441899317503
N,AAC,-0.352816415572166
P,CCG,0.5626220509072144
P,CCC,0.716661031067371
Q,CAG,0.235737194508314
R,AGG,0.9775775030802355
R,CGG,0.05323967705568
R,CGC,0.583692718881369
S,TCG,-0.06270517052412095
S,TCC,-0.00615203272488441
T,ACG,0.05151277639468499
T,ACC,-0.0749549728947381
V,GTG,-0.270536152442296
V,GTC,-0.0574234963071843
Y,TAC,-0.398578902991613
Z,AGC,0.0785570156995207
