AA,Codon,Mean
A,GCG,2.55214191797208
A,GCC,1.80816450326443
C,TGC,2.17821108283997
D,GAC,1.9938903550307
E,GAG,1.98579188520114
F,TTC,0.943790441266696
G,GGG,1.9354458113630582
G,GGC,2.72572508319219
H,CAC,1.85802330638568
I,ATC,1.55798488665422
K,AAG,1.65434423693021
L,CTG,1.4296189420501393
L,CTC,2.6281114701747894
L,TTG,1.24862704710166
N,AAC,1.3493890074571
P,CCG,3.40226334741911
P,CCC,2.53929248488744
Q,CAG,2.18714271979332
R,AGG,2.8892696467797
R,CGG,1.58934450374445
R,CGC,3.19435991684596
S,TCG,2.9946192479213103
S,TCC,1.44515206765334
T,ACG,2.67258570357859
T,ACC,1.45189394738674
V,GTG,0.17611155497233
V,GTC,2.19820008322398
Y,TAC,1.43578483018875
Z,AGC,1.59945837127368
