AA,Codon,Mean
A,GCG,-1.8850983011618272
A,GCC,-1.75807656935056
C,TGC,-2.20827424503962
D,GAC,-2.34860642983119
E,GAG,-2.33151442710559
F,TTC,-1.00755937517087
G,GGG,-1.8477719947357971
G,GGC,-2.70190478687286
H,CAC,-2.41340877393087
I,ATC,-1.60097599060535
K,AAG,-1.8914618117253
L,CTG,-2.6210044809122848
L,CTC,-2.93717789291839
L,TTG,-1.97282820475896
N,AAC,-1.91936206336816
P,CCG,-2.1704289467354663
P,CCC,-1.77873665941556
Q,CAG,-2.99015411682129
R,AGG,-1.5880203385941478
R,CGG,-1.8901555402080208
R,CGC,-2.83007508544922
S,TCG,-2.732945119059086
S,TCC,-1.73602041550477
T,ACG,-2.071398985841866
T,ACC,-1.77398871292273
V,GTG,-2.042874605886139
V,GTC,-1.83877853477001
Y,TAC,-2.15418967984517
Z,AGC,-1.97313646857738
