AA,Codon,Mean
A,GCG,1.0489778246372896
A,GCC,0.0678104811648528
C,TGC,-0.152328216026227
D,GAC,0.0555666395266851
E,GAG,0.0596219438446065
F,TTC,0.198623463586966
G,GGG,0.16683997860004496
G,GGC,-0.0409769388029666
H,CAC,0.0100737075871035
I,ATC,0.0155921927175043
K,AAG,0.00169873076092873
L,CTC,-0.047295164640744014
L,TTG,-0.813862928879261
N,AAC,-0.0551758393074696
P,CCG,0.22293055401692752
P,CCC,-0.00798815561004517
Q,CAG,0.0357361337406134
R,AGG,-0.07924804131289298
R,CGG,0.17039683468973166
R,CGC,-0.382384635130564
S,TCG,0.09047482521980998
S,TCC,0.221514271682501
T,ACG,0.4862574900879756
T,ACC,0.0438472303193063
V,GTG,-0.683090688446164
V,GTC,0.368808003183206
Y,TAC,-0.269856537730495
Z,AGC,-0.0102965155575695
