AA,Codon,Mean
A,GCG,-0.05801546870867391
A,GCC,0.0502469966304799
C,TGC,0.267727248680592
D,GAC,-0.446077436854442
E,GAG,-0.510642782044411
F,TTC,-0.420559383002917
G,GGG,0.7631352678577139
G,GGC,0.450933277674516
H,CAC,-0.82377042251428
I,ATC,-0.12394970973134
K,AAG,-0.935902272137006
L,CTC,-0.04499957166910201
L,TTG,-0.833191649762789
N,AAC,-0.751605064634482
P,CCG,0.847827798296015
P,CCC,0.474027368448178
Q,CAG,-0.6660095277071
R,AGG,1.0469721816957
R,CGG,-0.8966091632525102
R,CGC,0.44146889620622
S,TCG,-0.553163724686702
S,TCC,-0.0248120712596923
T,ACG,0.005930247620742013
T,ACC,-0.128907053468625
V,GTG,-0.784613623108465
V,GTC,-0.107498793081939
Y,TAC,-0.680649180348714
Z,AGC,-0.129276334555944
