AA,Codon,Mean
A,GCG,0.725128728125493
A,GCC,0.118564407166839
C,TGC,0.367928034015497
D,GAC,0.565047806354364
E,GAG,0.443853270681699
F,TTC,0.385765599342187
G,GGG,0.3620068884528321
G,GGC,0.185229169857502
H,CAC,0.876938921531041
I,ATC,0.494508605581522
K,AAG,0.232609336190422
L,CTG,-0.342848565276463
L,CTC,0.3295672607541129
L,TTG,-0.297452217068275
N,AAC,0.502741663159927
P,CCG,0.3479772206969556
P,CCC,0.38449155613184
Q,CAG,0.19601643400689
R,AGG,0.418533338101705
R,CGG,0.418236294325192
R,CGC,0.315152227020264
S,TCG,0.422003949188192
S,TCC,0.295823404904207
T,ACG,0.4882061763246852
T,ACC,0.321855911483367
V,GTG,-0.29953367197911
V,GTC,0.562570552837849
Y,TAC,0.796377942009767
Z,AGC,0.29588027955691
