AA,Codon,Mean
A,GCG,0.382626504258315
A,GCC,0.0239482797947402
C,TGC,0.0199995155844716
D,GAC,-0.17720709262987
E,GAG,0.297608388568958
F,TTC,-0.441355941033363
G,GGG,0.561307115687931
G,GGC,0.231761619369189
H,CAC,-0.440436990004778
I,ATC,-0.137828784012794
K,AAG,-0.627754778746764
L,CTG,-0.21659302577972406
L,CTC,-0.03955587807546031
L,TTG,-0.418490663371483
N,AAC,-0.409111391031742
P,CCG,0.987865269931158
P,CCC,0.700807899264495
Q,CAG,0.520236059178909
R,AGG,1.0631726886302282
R,CGG,0.6335897006412391
R,CGC,0.644822099435329
S,TCG,0.041078573699791954
S,TCC,-0.0433446575303872
T,ACG,0.36440298514763503
T,ACC,-0.101862097287675
V,GTG,-0.26755923422574995
V,GTC,-0.134835905429224
Y,TAC,-0.33469102584521
Z,AGC,-0.0897001539893448
