AA,Codon,Mean
A,GCG,0.384394933185974
A,GCC,0.0790229755518337
C,TGC,0.131229613958796
D,GAC,-0.169982928134998
E,GAG,0.182940170359612
F,TTC,-0.292749704494079
G,GGG,0.199035677162806
G,GGC,0.29193442440033
H,CAC,-0.370822552947203
I,ATC,-0.172222675519188
K,AAG,-0.284022775053978
L,CTG,0.36005205665628104
L,CTC,0.220836070539554
L,TTG,-0.341618606436253
N,AAC,-0.445244349793593
P,CCG,1.0086865672330059
P,CCC,0.32491266738375
Q,CAG,0.296218587531646
R,AGG,0.5972939490135358
R,CGG,-0.26543605796495995
R,CGC,0.382834811997414
S,TCG,0.222522799640894
S,TCC,0.0169395536139832
T,ACG,0.21143441013495196
T,ACC,-0.0694004754312336
V,GTG,-0.381378797506293
V,GTC,-0.0509465520374477
Y,TAC,-0.352892129069567
Z,AGC,-0.100831531241784
