AA,Codon,Mean
A,GCG,1.051767628272375
A,GCC,0.605459413520495
C,TGC,0.762999595312277
D,GAC,1.2938480006059
E,GAG,0.806402991251151
F,TTC,0.533221096336842
G,GGG,0.6560222442646779
G,GGC,1.29456744307677
H,CAC,1.04259635711114
I,ATC,0.791013318713506
K,AAG,0.483975279663006
L,CTG,0.13868789798021308
L,CTC,0.6641214107771679
L,TTG,0.246424528016647
N,AAC,0.951780656969547
P,CCG,0.765626437243819
P,CCC,0.529322294175625
Q,CAG,0.639907737958431
R,AGG,0.5326811800499749
R,CGG,0.9412225928092949
R,CGC,1.18401260406176
S,TCG,0.8089654027620949
S,TCC,0.653757473842303
T,ACG,0.6586998602948018
T,ACC,0.715783831914266
V,GTG,0.22921813344607703
V,GTC,0.876655906379223
Y,TAC,0.485796668217579
Z,AGC,0.91627830551068
