AA,Codon,Mean
A,GCG,0.70559215936263
A,GCC,0.103028559836249
C,TGC,0.100999769375722
D,GAC,0.0681569116721551
E,GAG,0.410390870674451
F,TTC,-0.327525912769635
G,GGG,0.692809089664621
G,GGC,0.614821222980817
H,CAC,-0.262546247844895
I,ATC,-0.0389054208090529
K,AAG,-0.551718659389019
L,CTG,0.23195694236358
L,CTC,0.10542678068379599
L,TTG,-0.0852143479131162
N,AAC,-0.200801280033588
P,CCG,1.410753455555443
P,CCC,0.410578122115135
Q,CAG,0.71238570536375
R,AGG,0.7773451863966644
R,CGG,2.003187286019329
R,CGC,1.07294046602647
S,TCG,0.737009879046675
S,TCC,0.188558281047146
T,ACG,0.5693423441767701
T,ACC,0.0259094269907439
V,GTG,0.04109803310632698
V,GTC,-0.0524537845420962
Y,TAC,-0.262077298457424
Z,AGC,0.218029665461183
