AA,Codon,Mean
A,GCG,0.8491486388859653
A,GCC,1.00999275726875
C,TGC,0.607675582607587
D,GAC,1.04526336136659
E,GAG,0.545489801088969
F,TTC,0.560067561475436
G,GGG,0.665224494410057
G,GGC,0.38696158905228
H,CAC,1.48217928401629
I,ATC,0.760170066920916
K,AAG,0.963760189171632
L,CTG,0.11168021650551209
L,CTC,0.861582113910717
L,TTG,0.294181313379606
N,AAC,0.843998656729857
P,CCG,0.21113436607671998
P,CCC,0.962929491579533
Q,CAG,0.162970551374058
R,AGG,0.590660531397659
R,CGG,-0.815918230100474
R,CGC,0.170410410145049
S,TCG,0.611550919988751
S,TCC,0.742278930771351
T,ACG,0.739087822370727
T,ACC,0.851725871817271
V,GTG,0.101356959422926
V,GTC,1.25156219064395
Y,TAC,1.04882672979434
Z,AGC,0.365189985831579
