AA,Codon,Mean
A,GCG,1.0068666495160474
A,GCC,0.468090595632792
C,TGC,0.274174533822139
D,GAC,0.555000885264079
E,GAG,0.481301828120152
F,TTC,0.535318826331695
G,GGG,0.6708156024575229
G,GGC,0.347921335826317
H,CAC,0.655910057802995
I,ATC,0.449680847328901
K,AAG,0.367777173099915
L,CTG,-0.07473874731063901
L,CTC,0.637707696088156
L,TTG,-0.26767121582826
N,AAC,0.342814967932304
P,CCG,0.8303728346262221
P,CCC,0.440690764558315
Q,CAG,0.301191664799054
R,AGG,0.4624210893114389
R,CGG,0.6100516341567039
R,CGC,0.558488668255011
S,TCG,0.7327294579675041
S,TCC,0.431566873633862
T,ACG,0.7120655258243288
T,ACC,0.440438090026379
V,GTG,-0.126377848279476
V,GTC,0.552195116142432
Y,TAC,0.277054107254744
Z,AGC,0.345392679315805
