AA,Codon,Mean
A,GCG,0.32089651900331195
A,GCC,0.0129683734244139
C,TGC,0.221736483690143
D,GAC,-0.205000075895588
E,GAG,-0.166864138567448
F,TTC,-0.298404966042439
G,GGG,0.501421361712614
G,GGC,0.438061770159006
H,CAC,-0.322374406925837
I,ATC,-0.0984048363010089
K,AAG,-0.350441449439526
L,CTG,-0.3287812464562553
L,CTC,0.020301966934403004
L,TTG,-0.330537020683289
N,AAC,-0.405447454812129
P,CCG,0.588504054913918
P,CCC,0.236460473492742
Q,CAG,0.0149219985077252
R,AGG,0.5985909145560119
R,CGG,0.26412358980973694
R,CGC,0.422911078262329
S,TCG,-0.04027289868593198
S,TCC,-0.0319274442058057
T,ACG,0.04758962177038201
T,ACC,-0.0902555567383766
V,GTG,-0.16636817702651002
V,GTC,-0.0658657249684135
Y,TAC,-0.375616245283683
Z,AGC,0.00255509835626685
