AA,Codon,Mean
A,GCG,0.27574311476151103
A,GCC,0.108013266828159
C,TGC,0.717424443602562
D,GAC,-0.0247844274045744
E,GAG,0.684981917230288
F,TTC,-0.458485925402244
G,GGG,-0.13480188624064016
G,GGC,0.590986537174384
H,CAC,-0.271006326173743
I,ATC,-0.120530574590464
K,AAG,-0.22914923924009
L,CTG,0.7067660385916024
L,CTC,0.6832322040200229
L,TTG,0.492455757790804
N,AAC,-0.32773948905468
P,CCG,0.9118430611073971
P,CCC,0.821186892350515
Q,CAG,0.834638083922863
R,AGG,0.9084720432342172
R,CGG,0.2516511463642199
R,CGC,0.767977302316825
S,TCG,0.5242574543376759
S,TCC,0.0127050762046005
T,ACG,0.550157533556223
T,ACC,-0.0297229921906566
V,GTG,0.28286619776089794
V,GTC,-0.0758356915834049
Y,TAC,-0.383192825176318
Z,AGC,0.204910842813055
