AA,Codon,Mean
A,GCG,1.7168649072686821
A,GCC,1.09675677993298
C,TGC,1.05690202400684
D,GAC,1.57911884218852
E,GAG,0.931785109082858
F,TTC,0.897713531291485
G,GGG,0.906016727977992
G,GGC,1.58846513061523
H,CAC,1.6750487514178
I,ATC,1.14107341066202
K,AAG,0.989670990602175
L,CTG,0.43625383968750703
L,CTC,0.989339332793155
L,TTG,0.60293625805378
N,AAC,1.46411785600185
P,CCG,1.462411268999184
P,CCC,0.997929529738426
Q,CAG,0.898310195914904
R,AGG,1.016387196813031
R,CGG,1.1855701822743738
R,CGC,1.68562495151361
S,TCG,1.177019821826617
S,TCC,1.020046232903
T,ACG,1.377699073537191
T,ACC,1.05106618173917
V,GTG,0.60970347430408
V,GTC,1.26328963732719
Y,TAC,1.27893092928727
Z,AGC,1.27403713343143
