AA,Codon,Mean
A,GCG,0.72214965543747
A,GCC,0.283627983350555
C,TGC,0.776889023490747
D,GAC,-0.779710365140438
E,GAG,0.738353803881009
F,TTC,-1.40063300631046
G,GGG,-0.5034963377555199
G,GGC,1.36200803639094
H,CAC,-1.79288763968945
I,ATC,-1.10172561794122
K,AAG,-2.18723446103732
L,CTG,-0.3666476185083398
L,CTC,-0.268879476126035
L,TTG,-1.59738353285789
N,AAC,-2.41707109886805
P,CCG,2.002496056435504
P,CCC,1.41853858843644
Q,CAG,0.316892236394684
R,AGG,2.667472330609953
R,CGG,-0.42144546176989994
R,CGC,1.26014484028816
S,TCG,0.8757915112415999
S,TCC,-0.324585133885344
T,ACG,1.1403689292430803
T,ACC,-0.355158667017023
V,GTG,-1.5508838056445102
V,GTC,-0.329890688368678
Y,TAC,-2.41036458191872
Z,AGC,-0.438376837256551
