AA,Codon,Mean
A,GCG,1.4993200787206509
A,GCC,0.760665024320284
C,TGC,1.11633412858248
D,GAC,2.52673144305547
E,GAG,0.751875702281793
F,TTC,2.10888917276859
G,GGG,0.5196097286562131
G,GGC,0.944409368260702
H,CAC,3.36104493590991
I,ATC,2.56628455065091
K,AAG,2.67010871473948
L,CTG,0.6684267801389115
L,CTC,1.8391921116103689
L,TTG,2.42783762375514
N,AAC,3.66647586665154
P,CCG,0.619956310317557
P,CCC,0.0275020004916599
Q,CAG,1.23278948218028
R,AGG,-1.8172429429387011
R,CGG,0.896879276309659
R,CGC,0.973195509580771
S,TCG,1.5877020396503334
S,TCC,1.17675877908071
T,ACG,1.074657506189743
T,ACC,1.50462078361511
V,GTG,1.828833027772109
V,GTC,2.20465742703279
Y,TAC,3.27040451391538
Z,AGC,2.16868555913766
