AA,Codon,Mean
A,GCG,0.481170480044684
A,GCC,0.225527663598458
C,TGC,0.691727149077257
D,GAC,0.052403889328862203
E,GAG,0.356618776665131
F,TTC,-0.160254257805645
G,GGG,0.3603826420307199
G,GGC,0.778083705210686
H,CAC,-0.103874483556549
I,ATC,0.0836238345014552
K,AAG,-0.356793927824497
L,CTG,0.619622312949101
L,CTC,0.8089288027823011
L,TTG,-0.278990285329024
N,AAC,-0.213785224484404
P,CCG,1.396202899348736
P,CCC,0.717316585711638
Q,CAG,0.623191437749068
R,AGG,0.7896963716623686
R,CGG,0.36728266688982014
R,CGC,1.25016119068464
S,TCG,0.436818075970808
S,TCC,0.0897926824303965
T,ACG,0.5069334056893949
T,ACC,0.0602805518750101
V,GTG,0.192748269649347
V,GTC,0.0898086913250387
Y,TAC,-0.137207638138036
Z,AGC,0.37544867776831
