AA,Codon,Mean
A,GCG,-0.6281881702383351
A,GCC,-0.413522903466225
C,TGC,-0.612706868650516
D,GAC,-0.29453246853749
E,GAG,-0.726249411034584
F,TTC,-0.552690712257226
G,GGG,-0.8315221476032656
G,GGC,-0.610645772584279
H,CAC,-0.355412262721856
I,ATC,-0.562964191526174
K,AAG,-0.173123715692759
L,CTG,-1.691554375044504
L,CTC,-1.0274986146450051
L,TTG,-0.662456121023496
N,AAC,-0.443728782149156
P,CCG,-1.1023822647457533
P,CCC,-0.482921260128419
Q,CAG,-0.967418581525485
R,AGG,-0.5702996404727271
R,CGG,-1.4228447431231581
R,CGC,-1.02875478374561
S,TCG,-0.8533198955034257
S,TCC,-0.147116085140904
T,ACG,-0.5048081277847241
T,ACC,-0.327540744582812
V,GTG,-1.054091295582557
V,GTC,-0.271832510779301
Y,TAC,-0.747345589248339
Z,AGC,-0.559447498865922
