AA,Codon,Mean
A,GCG,0.546031930546704
A,GCC,0.384218977584442
C,TGC,0.30682075517873
D,GAC,0.783543013640245
E,GAG,0.253259400905172
F,TTC,0.463781462905804
G,GGG,0.1928742833022922
G,GGC,0.387006894137462
H,CAC,0.824328243513902
I,ATC,0.576222089274724
K,AAG,0.575904667842388
L,CTG,-0.31145180653094245
L,CTC,0.20688787456552205
L,TTG,0.304008944549163
N,AAC,0.696687414836884
P,CCG,0.0173929584624268
P,CCC,0.414477565977971
Q,CAG,0.0793286324104449
R,AGG,0.02061821705500999
R,CGG,-0.04917721718152401
R,CGC,0.233505902355909
S,TCG,0.4595908114081906
S,TCC,0.576743926862876
T,ACG,0.557006149379599
T,ACC,0.482051008886099
V,GTG,0.017515467656319804
V,GTC,0.74798097536961194
Y,TAC,0.506646688771248
Z,AGC,0.370598499850432
