AA,Codon,Mean
A,GCG,1.0016208692391697
A,GCC,0.387119863082965
C,TGC,1.1772088076512
D,GAC,-0.412586749748389
E,GAG,1.23301836985747
F,TTC,-0.823825798368454
G,GGG,0.39464285953840017
G,GGC,1.57924331398805
H,CAC,-1.50584106454055
I,ATC,-0.218881838810444
K,AAG,-0.621588923557599
L,CTC,0.37780619805654014
L,TTG,-2.12135037962596
N,AAC,-1.64334709445635
P,CCG,2.5065808483243
P,CCC,1.5017638729016
Q,CAG,1.12290199782848
R,AGG,2.6676674283822397
R,CGG,0.15483303935527992
R,CGC,1.14285661303202
S,TCG,0.6127580041328999
S,TCC,0.150793200163047
T,ACG,1.0181407458384801
T,ACC,-0.204321525536478
V,GTG,-1.1299014639377603
V,GTC,0.152780611534913
Y,TAC,-1.7065054945151
Z,AGC,0.0766243050253288
