AA,Codon,Mean
A,GCG,1.2069287252426157
A,GCC,0.556222412558397
C,TGC,0.46467981984218
D,GAC,2.00063443629742
E,GAG,-0.031843757548052
F,TTC,1.73558965850671
G,GGG,0.6553802120844499
G,GGC,0.143732505247915
H,CAC,3.09280695578257
I,ATC,1.37628573482037
K,AAG,1.38641429947217
L,CTC,1.151563642377161
L,TTG,2.32320724088351
N,AAC,2.97227958868345
P,CCG,-0.598071741245191
P,CCC,-0.0610453755705506
Q,CAG,0.264946784318487
R,AGG,-0.9129293244818849
R,CGG,1.9636138970589505
R,CGC,0.933100719336669
S,TCG,1.003729583962759
S,TCC,0.648633867331346
T,ACG,0.734842061952749
T,ACC,1.13789342891375
V,GTG,1.357042610160509
V,GTC,1.28729119488398
Y,TAC,3.0253996752739
Z,AGC,1.5016970312198
