AA,Codon,Mean
A,GCG,1.42212124587695
A,GCC,0.745346410147349
C,TGC,2.21683745865027
D,GAC,-0.13962790945073
E,GAG,2.41964551965396
F,TTC,-1.24770624505679
G,GGG,0.5979152356624597
G,GGC,2.75645252404213
H,CAC,-1.61553874850273
I,ATC,-0.0924243196475436
K,AAG,-0.330992065731684
L,CTC,0.9473071685950001
L,TTG,-2.19212882858912
N,AAC,-1.95694660669963
P,CCG,3.82470709629059
P,CCC,2.44411786171595
Q,CAG,2.3974698582967102
R,AGG,4.15672829678853
R,CGG,0.1176431978861503
R,CGC,2.34918862586021
S,TCG,1.3102703091621404
S,TCC,0.383070630051692
T,ACG,1.5848291924476596
T,ACC,0.0731574302425899
V,GTG,-0.9254324989636697
V,GTC,0.377789971117179
Y,TAC,-1.93495105910301
Z,AGC,0.577059176514546
