AA,Codon,Mean
A,GCG,0.31030509127179795
A,GCC,0.062591563261797
C,TGC,0.369924647329251
D,GAC,-0.10181959395955
E,GAG,0.286219380485018
F,TTC,-0.213957531524698
G,GGG,0.6810199899117131
G,GGC,0.368909896326065
H,CAC,-0.332267736027638
I,ATC,-0.0719967859434585
K,AAG,-0.430452656716108
L,CTG,0.08331076548496896
L,CTC,0.182534060456355
L,TTG,0.0497294187260171
N,AAC,-0.351884583594402
P,CCG,0.807022049311797
P,CCC,0.780707924127579
Q,CAG,0.481197103605668
R,AGG,1.258526274010542
R,CGG,-0.04060362740357992
R,CGC,0.958294195874532
S,TCG,0.350732175367077
S,TCC,-0.0413126019423207
T,ACG,0.40937854564785997
T,ACC,-0.0751384498953819
V,GTG,-1.3003121483206779
V,GTC,-0.0294912661648666
Y,TAC,-0.295604204469919
Z,AGC,-0.0606460853209409
