AA,Codon,Mean
A,GCG,1.961409562651314
A,GCC,0.669325405335426
C,TGC,1.47179849889278
D,GAC,1.09272613504728
E,GAG,0.953547994021575
F,TTC,0.122674329091609
G,GGG,1.31670639728705
G,GGC,2.16073719461759
H,CAC,0.683449922506015
I,ATC,0.433234070088466
K,AAG,-0.313621167526642
L,CTG,0.9340412116130199
L,CTC,1.0515958175738702
L,TTG,-0.10913362185359
N,AAC,0.297241921492418
P,CCG,2.549755687121547
P,CCC,1.86489793103536
Q,CAG,1.22743213302294
R,AGG,2.3313545889022684
R,CGG,0.26619695398807997
R,CGC,2.36608407052358
S,TCG,1.720665322612723
S,TCC,0.501902660598358
T,ACG,1.866741142723958
T,ACC,0.555531135984262
V,GTG,-2.282614838397506
V,GTC,0.900113660200437
Y,TAC,0.0606610383135111
Z,AGC,1.16323095328808
