AA,Codon,Mean
A,GCG,1.535680646810933
A,GCC,0.680401592322191
C,TGC,0.670822081474463
D,GAC,1.18028231831392
E,GAG,0.552523556363583
F,TTC,0.508339742658536
G,GGG,0.6007332200491586
G,GGC,1.31085546569029
H,CAC,1.14504169946512
I,ATC,0.572083063407739
K,AAG,0.373356548966964
L,CTG,0.42513050503333394
L,CTC,0.7529984200000771
L,TTG,-0.0946049972380201
N,AAC,0.850994016246001
P,CCG,1.395501855091251
P,CCC,0.709533662851652
Q,CAG,0.496631180648009
R,AGG,0.862910897787408
R,CGG,0.2645501457547928
R,CGC,1.29300362608433
S,TCG,1.154141133003433
S,TCC,0.590392648641268
T,ACG,1.205584642795722
T,ACC,0.664309666542212
V,GTG,-0.564999772955477
V,GTC,0.989088607776165
Y,TAC,0.479861533542474
Z,AGC,0.939483016558488
