AA,Codon,Mean
A,GCG,-0.5802193908492731
A,GCC,-0.914214559618632
C,TGC,-0.380860725261768
D,GAC,-0.754094162372748
E,GAG,-0.532709505321582
F,TTC,-0.288201780728499
G,GGG,-0.570007109914223
G,GGC,-1.099288007466
H,CAC,-0.609525185763836
I,ATC,-0.552428993070126
K,AAG,-0.415088494332631
L,CTC,-0.535544529029727
L,TTG,-0.982606449584166
N,AAC,-0.657590688232581
P,CCG,-1.1345537785482878
P,CCC,-0.865842970871925
Q,CAG,-0.904967443279425
R,AGG,-0.4781752739433195
R,CGG,-0.7249978337881974
R,CGC,-0.673328506350517
S,TCG,-1.067889486246308
S,TCC,-0.733981371887525
T,ACG,-0.790522163895766
T,ACC,-0.701912092983723
V,GTG,-0.848000952751935
V,GTC,-0.562929633601506
Y,TAC,-0.54733088580966
Z,AGC,-0.481317051551739
