AA,Codon,Mean
A,GCG,1.422062880416711
A,GCC,0.604360471757253
C,TGC,0.0621822674151652
D,GAC,0.401736975894372
E,GAG,0.189577258747816
F,TTC,-0.00899694917763108
G,GGG,1.155244685811794
G,GGC,0.606946052412192
H,CAC,0.248768161096175
I,ATC,0.281016209465265
K,AAG,0.00889420646842215
L,CTC,0.394938593816752
L,TTG,-0.710625186177095
N,AAC,0.181208719201386
P,CCG,1.348629040208213
P,CCC,0.722755996565024
Q,CAG,0.662293725967407
R,AGG,1.258560125947992
R,CGG,0.303847781230013
R,CGC,0.440553277351459
S,TCG,0.511042474593719
S,TCC,0.483463533016046
T,ACG,0.688602259973685
T,ACC,0.331081024074554
V,GTG,-0.999325273599224
V,GTC,0.37200916479826
Y,TAC,-0.227811363630493
Z,AGC,-0.0886720083631847
