AA,Codon,Mean
A,GCG,-0.04439204158981597
A,GCC,0.0342583826680978
C,TGC,0.238893181315064
D,GAC,-0.210403283858299
E,GAG,0.189980518280466
F,TTC,-0.323173889986674
G,GGG,0.03002145832379699
G,GGC,0.332472114841143
H,CAC,-0.387203383169572
I,ATC,-0.138170695117116
K,AAG,-0.52149328944087
L,CTG,-0.13389667006134998
L,CTC,-0.020762565288933492
L,TTG,-0.219971431432168
N,AAC,-0.445951114888986
P,CCG,0.46624276115646
P,CCC,0.617795244244734
Q,CAG,0.202416526638468
R,AGG,0.584828233551979
R,CGG,-0.40763199079036305
R,CGC,0.32321384730041
S,TCG,-0.007499036178986007
S,TCC,-0.0948622417971492
T,ACG,-0.231362587116907
T,ACC,-0.0888009041317855
V,GTG,-0.49582699203789204
V,GTC,-0.100096682480474
Y,TAC,-0.439016790479422
Z,AGC,-0.122723822306593
