AA,Codon,Mean
A,GCG,1.3092353434364
A,GCC,0.619250600548585
C,TGC,0.511218709798654
D,GAC,0.841076546768347
E,GAG,0.694406294969718
F,TTC,0.839762877039115
G,GGG,0.8611381565585731
G,GGC,0.791061840673288
H,CAC,0.794923193852107
I,ATC,0.819749288423856
K,AAG,0.720593374073505
L,CTG,0.490152145886425
L,CTC,0.8965574054916701
L,TTG,0.0730515379843612
N,AAC,0.699362904560566
P,CCG,1.259847717312972
P,CCC,0.905807842810949
Q,CAG,0.570360716454188
R,AGG,0.7013122009078699
R,CGG,0.969083299839993
R,CGC,1.01490274137656
S,TCG,1.1540566922803719
S,TCC,0.799244734430313
T,ACG,1.3420860041499139
T,ACC,0.638188671298822
V,GTG,-0.014696873398622023
V,GTC,1.06746328868866
Y,TAC,0.590045542081197
Z,AGC,0.561035416146119
