AA,Codon,Mean
A,GCG,0.4073403699994089
A,GCC,0.272846760296822
C,TGC,0.701171886527538
D,GAC,0.0149189087782021
E,GAG,0.595133802354336
F,TTC,-0.266654739819964
G,GGG,0.698747657728191
G,GGC,0.814378743163745
H,CAC,-0.241400131172935
I,ATC,0.0161714083051445
K,AAG,-0.305736859768629
L,CTG,0.15037086570858899
L,CTC,0.2945999874003231
L,TTG,0.31094633650581
N,AAC,-0.249814635875821
P,CCG,1.103597777439157
P,CCC,1.18018059249719
Q,CAG,0.761963759525617
R,AGG,1.165125236787399
R,CGG,-0.08616882917880986
R,CGC,1.30644019206365
S,TCG,0.545847953593731
S,TCC,0.0103101441750822
T,ACG,0.5569889780282999
T,ACC,0.00110174674677421
V,GTG,-0.16064079725742308
V,GTC,0.0149547826560505
Y,TAC,-0.248334349456429
Z,AGC,0.258801307280858
