AA,Codon,Mean
A,GCG,0.922182509187857
A,GCC,0.323398067371051
C,TGC,0.479148646471898
D,GAC,0.992316936600208
E,GAG,0.704835652621587
F,TTC,0.725742753612995
G,GGG,0.7215039834499362
G,GGC,0.770882525356611
H,CAC,0.975629560863972
I,ATC,0.714218193741639
K,AAG,0.854463331405322
L,CTG,-0.02212508412996894
L,CTC,0.5626001666744571
L,TTG,-0.307743410146236
N,AAC,0.725584248745441
P,CCG,0.584198149888714
P,CCC,0.388572235016028
Q,CAG,0.337789989648263
R,AGG,0.714405236697195
R,CGG,0.80784117697378
R,CGC,0.906025884679953
S,TCG,0.655191651348273
S,TCC,0.513298569997152
T,ACG,0.618006553522746
T,ACC,0.429785618851582
V,GTG,-0.17287510680357598
V,GTC,0.84182130959034
Y,TAC,0.759958782108625
Z,AGC,0.503391716949145
