AA,Codon,Mean
A,GCG,0.547830546785643
A,GCC,-0.898260733290513
C,TGC,-0.014317656486908
D,GAC,-0.787299257290363
E,GAG,-0.231848809299866
F,TTC,-0.790666303340594
G,GGG,-0.05878206187884005
G,GGC,-0.82851294610103
H,CAC,-0.551220286951462
I,ATC,-0.62857243330876
K,AAG,-0.630060230942567
L,CTC,-0.768883290348447
L,TTG,-1.76771212222576
N,AAC,-0.934441038584709
P,CCG,-0.3674914321380456
P,CCC,-0.575247286983331
Q,CAG,-0.939916654622555
R,AGG,1.136444185080131
R,CGG,-0.83451660600092
R,CGC,0.0922439251396186
S,TCG,-1.4171413410047728
S,TCC,-0.877219520362218
T,ACG,-0.644811456403136
T,ACC,-1.19383019329707
V,GTG,-1.6461517545014641
V,GTC,-0.30831359726886
Y,TAC,-1.25836053358714
Z,AGC,-0.395575698574384
