AA,Codon,Mean
A,GCG,1.00293657002449
A,GCC,1.30054849789937
C,TGC,1.40473378718694
D,GAC,1.26394432278474
E,GAG,1.52990816644828
F,TTC,0.125870723449936
G,GGG,0.8731446989933602
G,GGC,2.43752505267461
H,CAC,0.87827391260465
I,ATC,0.813322508895397
K,AAG,0.79528610599041
L,CTC,1.371686261412997
L,TTG,1.38744681450526
N,AAC,0.740978259674708
P,CCG,2.369125265817837
P,CCC,1.54284948956172
Q,CAG,2.0823869257768
R,AGG,1.3390307752788069
R,CGG,1.01929915306569
R,CGC,2.23287183977763
S,TCG,1.48565232363741
S,TCC,1.08002165203492
T,ACG,1.07129867655833
T,ACC,1.10197374547323
V,GTG,0.8677011987407999
V,GTC,0.943606114010016
Y,TAC,0.834105310547352
Z,AGC,1.19104265470505
