AA,Codon,Mean
A,GCG,0.4837870241324099
A,GCC,-1.12391316049099
C,TGC,-0.640925524141391
D,GAC,-0.77154736045599
E,GAG,-0.87193089830478
F,TTC,-0.294387865891059
G,GGG,-0.2014971362829201
G,GGC,-1.92117727264563
H,CAC,-0.211182396096488
I,ATC,-0.607230284730593
K,AAG,-0.605538126115004
L,CTC,-1.0117874063471959
L,TTG,-1.79321605655352
N,AAC,-0.4704747752587
P,CCG,-1.36075159920057
P,CCC,-1.04163078596989
Q,CAG,-1.60255813408693
R,AGG,-0.047203340069452926
R,CGG,-0.5363404145558699
R,CGC,-1.09387569209337
S,TCG,-1.161010310600203
S,TCC,-1.01956909330289
T,ACG,-0.5293281057516689
T,ACC,-1.15158125441869
V,GTG,-1.274671062032382
V,GTC,-0.432844645084937
Y,TAC,-0.771292293250561
Z,AGC,-0.695739131347338
