AA,Codon,Mean
A,GCG,-0.2896585833172
A,GCC,-0.146799485445519
C,TGC,-0.336605737324556
D,GAC,-0.260756943227847
E,GAG,-0.406329646849632
F,TTC,-0.435249671443303
G,GGG,0.34072090459068605
G,GGC,0.0313971695004089
H,CAC,-0.467229264235497
I,ATC,-0.270149750095606
K,AAG,-0.511208553723494
L,CTG,-0.43943392504801404
L,CTC,-0.199439633528391
L,TTG,-0.61559389744997
N,AAC,-0.492831556387742
P,CCG,-0.260173110137384
P,CCC,-0.251816507471601
Q,CAG,-0.507421790190538
R,AGG,0.31642621302207297
R,CGG,0.07908063387076003
R,CGC,0.103394033741951
S,TCG,-0.4305486409489236
S,TCC,-0.244355280971527
T,ACG,-0.195003980523348
T,ACC,-0.276198714398344
V,GTG,-0.253242283042272
V,GTC,-0.224065454643965
Y,TAC,-0.468288646097978
Z,AGC,-0.290891573201617
