AA,Codon,Mean
A,GCG,-0.3427402411143029
A,GCC,-0.253584816804528
C,TGC,-0.411587622501453
D,GAC,-0.0518007574998463
E,GAG,-0.309210453059276
F,TTC,-0.0935980683879306
G,GGG,-0.22067525351246203
G,GGC,-0.591420828676224
H,CAC,0.169126222620904
I,ATC,-0.159027250058452
K,AAG,-0.441899268492063
L,CTG,-0.678090045448145
L,CTC,-0.548917260802289
L,TTG,-0.707914779178301
N,AAC,0.225379890308778
P,CCG,-0.244540370815993
P,CCC,0.0497543742886765
Q,CAG,-0.347977403237422
R,AGG,-0.522154326178631
R,CGG,-0.5832667283534969
R,CGC,-0.81067474356095
S,TCG,-0.27528615901470205
S,TCC,-0.139444932125509
T,ACG,-0.31705015064875297
T,ACC,-0.0374438578727221
V,GTG,-0.9646338497725626
V,GTC,-0.416244919951757
Y,TAC,-0.0541399189644772
Z,AGC,-0.110646584716688
