AA,Codon,Mean
A,GCG,0.230386633537213
A,GCC,0.430167519444227
C,TGC,0.0399979107000074
D,GAC,0.497288935963313
E,GAG,0.118259113444885
F,TTC,0.221000771947702
G,GGG,0.4497310025447985
G,GGC,-0.0222421466500011
H,CAC,0.741021801074346
I,ATC,0.374435073784987
K,AAG,-0.123504263086617
L,CTG,-0.14810816922287098
L,CTC,0.301701587429643
L,TTG,-0.23646924782594
N,AAC,0.725306002020836
P,CCG,0.304206930309037
P,CCC,0.845229244995117
Q,CAG,0.0773350327201188
R,AGG,0.04236148529052808
R,CGG,0.16859219639301304
R,CGC,-0.155314948782325
S,TCG,0.254488217515747
S,TCC,0.58421512174209
T,ACG,0.16799226416250101
T,ACC,0.642454414236546
V,GTG,-0.450552809990446
V,GTC,0.198099447409312
Y,TAC,0.516128591773907
Z,AGC,0.239263363755743
