AA,Codon,Mean
A,GCG,-0.47231968774273964
A,GCC,-0.38103873163263
C,TGC,-0.316123040314515
D,GAC,-0.463994943159819
E,GAG,-0.331222211295366
F,TTC,-0.105480832315485
G,GGG,-0.2186733424080408
G,GGC,-0.428309352036317
H,CAC,-0.484718290913105
I,ATC,-0.313473640660445
K,AAG,-0.338183220519622
L,CTG,-0.630288453172643
L,CTC,-0.4275624408514546
L,TTG,-0.54812060204347
N,AAC,-0.525272024267912
P,CCG,-0.384506393238902
P,CCC,-0.359515347035726
Q,CAG,-0.384771637153626
R,AGG,-0.21135275844112078
R,CGG,-0.24354576838694988
R,CGC,-0.421406672481696
S,TCG,-0.581331675364078
S,TCC,-0.311284495315949
T,ACG,-0.570134197401504
T,ACC,-0.40918673830231
V,GTG,-0.649694699308276
V,GTC,-0.393429825053612
Y,TAC,-0.450910231842597
Z,AGC,-0.367563932031393
