AA,Codon,Mean
A,GCG,0.821396716813243
A,GCC,0.760097628359
C,TGC,0.517326965196927
D,GAC,0.933614620061715
E,GAG,0.48960720440348
F,TTC,0.347071814868848
G,GGG,1.1567153598845
G,GGC,0.495859964795907
H,CAC,1.13816763006846
I,ATC,0.386443914870421
K,AAG,0.27731711315612
L,CTG,0.19875532596309997
L,CTC,0.7157116209270975
L,TTG,0.0175412595634485
N,AAC,0.869615734330813
P,CCG,0.7170679059386259
P,CCC,1.07096133752664
Q,CAG,0.469869751624266
R,AGG,0.7404559780957796
R,CGG,0.7772250271722679
R,CGC,0.433140987926722
S,TCG,0.5822697115063671
S,TCC,0.911372838918368
T,ACG,0.6205687400182109
T,ACC,0.739681280752023
V,GTG,-0.20834800216356897
V,GTC,0.283783609944582
Y,TAC,0.88789283306996
Z,AGC,0.428542102531592
