AA,Codon,Mean
A,GCG,0.739675029738747
A,GCC,0.873878013682365
C,TGC,0.463231825361649
D,GAC,0.855610833779971
E,GAG,0.499165665487448
F,TTC,0.432482135146856
G,GGG,0.980537769624591
G,GGC,0.361601477964719
H,CAC,1.14816714250247
I,ATC,0.369298045911392
K,AAG,0.330274066513777
L,CTG,0.20128697983423904
L,CTC,0.707669060574472
L,TTG,0.0949789995295306
N,AAC,0.905967798749606
P,CCG,0.761150742626193
P,CCC,1.18132987457116
Q,CAG,0.419197740664085
R,AGG,0.6976405947816869
R,CGG,0.601185191273503
R,CGC,0.331736505846183
S,TCG,0.5869610572954
S,TCC,1.02777995905876
T,ACG,0.607379721462728
T,ACC,0.785312436215083
V,GTG,-0.21415327653884897
V,GTC,0.308771255808075
Y,TAC,0.879625914812088
Z,AGC,0.394704860862096
