AA,Codon,Mean
A,GCG,0.451877405325572
A,GCC,0.633672001449267
C,TGC,0.292093248509367
D,GAC,0.191498770584663
E,GAG,0.417438288390636
F,TTC,1.09287178424994
G,GGG,0.404705481736859
G,GGC,-0.0264958322498745
H,CAC,0.694692662890752
I,ATC,0.755295808839798
K,AAG,0.472515118342638
L,CTG,-0.18856240919431103
L,CTC,0.7655821799099439
L,TTG,0.0426736677490994
N,AAC,0.538415314253171
P,CCG,0.21452985939979502
P,CCC,1.18785536944071
Q,CAG,0.299644622008006
R,AGG,0.530370506837964
R,CGG,0.20538474282820995
R,CGC,-0.10546837838913
S,TCG,0.3851747088262749
S,TCC,1.21199378269513
T,ACG,0.4274110852001946
T,ACC,0.741307466053963
V,GTG,-0.303478761229913
V,GTC,0.326177269784609
Y,TAC,0.287056140638391
Z,AGC,0.458357978105545
