AA,Codon,Mean
A,GCG,-0.22385711798667896
A,GCC,-0.0500442958834271
C,TGC,-0.30132474133571
D,GAC,-0.180300182041526
E,GAG,-0.319387410535415
F,TTC,-0.508762996435165
G,GGG,0.48078791159689405
G,GGC,0.173856126554807
H,CAC,-0.389796024185419
I,ATC,-0.20328311035037
K,AAG,-0.611537099977334
L,CTG,-0.5736691445191701
L,CTC,-0.15499693140983603
L,TTG,-0.694744541744391
N,AAC,-0.61842583605051
P,CCG,-0.048035437115033996
P,CCC,-0.116704778660337
Q,CAG,-0.471138396646579
R,AGG,0.4407185987194381
R,CGG,-0.057280310599009954
R,CGC,0.302495307819049
S,TCG,-0.2753180698454375
S,TCC,-0.198681371213992
T,ACG,-0.123060910260677
T,ACC,-0.183495049530268
V,GTG,-0.426144885130724
V,GTC,-0.139638221590221
Y,TAC,-0.42033301201462703
Z,AGC,-0.297918909027179
