AA,Codon,Mean
A,GCG,0.25495786762238004
A,GCC,-1.2289210852623
C,TGC,-0.907120035298665
D,GAC,-0.820593730787436
E,GAG,-0.393723973383506
F,TTC,-0.37110153551499
G,GGG,-0.5934185782631201
G,GGC,-2.0735509209315
H,CAC,-0.65595515721639
I,ATC,-0.663431515145302
K,AAG,-0.100192234800011
L,CTC,-0.704476735757291
L,TTG,-1.98207240398725
N,AAC,-0.765876932986577
P,CCG,-1.2823028050747014
P,CCC,-1.05943136062622
Q,CAG,-1.04256425790389
R,AGG,-0.5349857862934315
R,CGG,-1.0653612906270833
R,CGC,-1.48742335255146
S,TCG,-0.9853273815390565
S,TCC,-0.649306993997097
T,ACG,-0.5380003997683559
T,ACC,-0.842555739577611
V,GTG,-1.962018670065208
V,GTC,-0.676545812153816
Y,TAC,-0.734089548961322
Z,AGC,-1.14912560180028
