AA,Codon,Mean
A,GCG,-1.1011725988864898
A,GCC,-3.21207451750437
C,TGC,-2.17650709120433
D,GAC,-2.61180565474828
E,GAG,-1.71749440219402
F,TTC,-1.41643500376542
G,GGG,-1.9611634615143103
G,GGC,-4.19456542832057
H,CAC,-2.2627900993983
I,ATC,-2.01717062269052
K,AAG,-1.23460624667803
L,CTC,-2.0402326918721156
L,TTG,-4.14459365348816
N,AAC,-2.49617095158895
P,CCG,-3.434600170049566
P,CCC,-2.73297055093447
Q,CAG,-2.81688444684347
R,AGG,-1.480864922300975
R,CGG,-2.856346592115361
R,CGC,-3.27817313156128
S,TCG,-3.111646227449174
S,TCC,-2.26192944946289
T,ACG,-2.3151073152701
T,ACC,-2.61391040031115
V,GTG,-3.949752848897377
V,GTC,-2.15510675786336
Y,TAC,-2.17078010519346
Z,AGC,-2.62478560422262
