AA,Codon,Mean
A,GCG,0.7320387418111101
A,GCC,1.31646644107501
C,TGC,1.03389159018993
D,GAC,0.882783311986923
E,GAG,0.485408675911029
F,TTC,0.398377072499196
G,GGG,1.216146681233246
G,GGC,2.07463885951042
H,CAC,0.717438931779067
I,ATC,0.781582672953606
K,AAG,0.140849435348809
L,CTC,0.957172098757074
L,TTG,0.774434250259399
N,AAC,0.702620272362232
P,CCG,2.097780643237634
P,CCC,1.3746574400425
Q,CAG,1.26614348710378
R,AGG,1.532590354834005
R,CGG,1.086416729673739
R,CGC,1.619903708752
S,TCG,1.108596661664048
S,TCC,0.994126482725143
T,ACG,1.017362779891493
T,ACC,0.977679271968206
V,GTG,0.9896057922561999
V,GTC,0.833053204703331
Y,TAC,0.471185320568085
Z,AGC,1.02992175760667
