AA,Codon,Mean
A,GCG,0.7597276742736498
A,GCC,0.592361307072639
C,TGC,0.754838998965422
D,GAC,0.167986135481795
E,GAG,0.117350532611211
F,TTC,-0.276255230989059
G,GGG,1.429946980452541
G,GGC,1.41555612527529
H,CAC,-0.161516553331415
I,ATC,0.228398191310962
K,AAG,-0.383171774770816
L,CTC,0.5325070670326579
L,TTG,-0.145336708560089
N,AAC,-0.163935962160428
P,CCG,2.091921762935322
P,CCC,1.23520804505348
Q,CAG,1.16796296878656
R,AGG,1.525464640891552
R,CGG,0.28642881370385
R,CGC,1.63038341620763
S,TCG,0.5925501437346179
S,TCC,0.398231813311577
T,ACG,0.889407335126399
T,ACC,0.352157590252161
V,GTG,0.07046285798549001
V,GTC,0.294868546007077
Y,TAC,-0.306306615309914
Z,AGC,0.468344833886623
