AA,Codon,Mean
A,GCG,-0.028737163893389983
A,GCC,-1.60383558642864
C,TGC,-1.03677070389589
D,GAC,-1.30296994473934
E,GAG,-1.05131874539852
F,TTC,-0.38430535920461
G,GGG,-0.823376347615326
G,GGC,-2.24155418812434
H,CAC,-0.968980865693092
I,ATC,-0.990755357305209
K,AAG,-0.671902525182565
L,CTC,-1.056495710690816
L,TTG,-2.36708384656906
N,AAC,-1.09170742418766
P,CCG,-1.995930267736816
P,CCC,-1.59325831784407
Q,CAG,-1.73788553287188
R,AGG,-0.342046057324484
R,CGG,-1.61885842284163
R,CGC,-2.12486723450025
S,TCG,-1.732404849758745
S,TCC,-1.10222098828157
T,ACG,-1.0693916408499038
T,ACC,-1.42949219611486
V,GTG,-2.781244798978173
V,GTC,-1.02669286027749
Y,TAC,-1.09076164943377
Z,AGC,-1.36563432586988
