AA,Codon,Mean
A,GCG,0.7867870914121509
A,GCC,-0.347662965965271
C,TGC,-0.487208973807096
D,GAC,0.00899618666944482
E,GAG,-0.0293565618044857
F,TTC,0.0953399828121066
G,GGG,-0.034973858896890975
G,GGC,-0.910957371989886
H,CAC,0.179956227820615
I,ATC,-0.0994238247513771
K,AAG,0.253888763748606
L,CTC,-0.22910158454224788
L,TTG,-0.867687945572535
N,AAC,0.170666340161363
P,CCG,-0.4941120157441911
P,CCC,-0.501032828199863
Q,CAG,-0.411028512523572
R,AGG,0.026240613840023963
R,CGG,-0.27624429153204
R,CGC,-0.963783147378763
S,TCG,-0.197810754151145
S,TCC,-0.118276416391134
T,ACG,0.10886228286226601
T,ACC,-0.196874179333448
V,GTG,-1.233768119392792
V,GTC,-0.11327570660611
Y,TAC,-0.0453272579536733
Z,AGC,-0.468285572242737
