AA,Codon,Mean
A,GCG,0.819917635849118
A,GCC,0.479699340512355
C,TGC,0.136360868768642
D,GAC,0.480643979996443
E,GAG,0.448281547226508
F,TTC,0.651159058992068
G,GGG,0.3315220508203539
G,GGC,-0.00545232698991273
H,CAC,0.691392894188563
I,ATC,0.540395924576124
K,AAG,0.250385667640964
L,CTG,-0.28867216523308314
L,CTC,0.45631025933623304
L,TTG,-0.219346893606583
N,AAC,0.572713975671927
P,CCG,0.600728215235969
P,CCC,0.694667465440432
Q,CAG,0.0520139609994338
R,AGG,0.21552386285463998
R,CGG,0.08880844667926499
R,CGC,0.103572113816564
S,TCG,0.38879740564646637
S,TCC,0.75958056179285
T,ACG,0.48352046919692604
T,ACC,0.566317048593362
V,GTG,-0.12078799809323051
V,GTC,0.497464138839642
Y,TAC,0.559937388708194
Z,AGC,0.160488932788372
