AA,Codon,Mean
A,GCG,-0.258595832605163
A,GCC,-0.180838524674376
C,TGC,-0.397857804234823
D,GAC,-0.627779796703656
E,GAG,-0.486645386548837
F,TTC,-0.475582055282593
G,GGG,0.39412386732747196
G,GGC,0.0193134089214493
H,CAC,-0.851296666292349
I,ATC,-0.343888285962741
K,AAG,-0.479683166398605
L,CTG,-0.825163884490728
L,CTC,-0.47413500849877843
L,TTG,-0.893419954009851
N,AAC,-0.779781032792727
P,CCG,-0.3881402985552951
P,CCC,-0.251022511026263
Q,CAG,-0.636648861443996
R,AGG,0.29000068438301396
R,CGG,0.5355081596314282
R,CGC,-0.0146844499913719
S,TCG,-0.592497354505459
S,TCC,-0.158951751288275
T,ACG,-0.338467357738813
T,ACC,-0.306329033319155
V,GTG,-0.53847168148458
V,GTC,-0.393737396794558
Y,TAC,-0.892571204161644
Z,AGC,-0.297822746258974
