AA,Codon,Mean
A,GCG,-0.060677694763740075
A,GCC,-0.00610142972478631
C,TGC,0.121047068532308
D,GAC,-0.160342829098304
E,GAG,-0.319031429042419
F,TTC,-0.182075366496046
G,GGG,0.528003765227397
G,GGC,0.350958890674512
H,CAC,-0.406966097213825
I,ATC,-0.0709041270221273
K,AAG,-0.372393197083473
L,CTG,-0.3207208856520313
L,CTC,-0.022422702700396403
L,TTG,-0.0892832689285278
N,AAC,-0.376637065515916
P,CCG,0.8742865065738961
P,CCC,0.0757664943603178
Q,CAG,-0.278109728562832
R,AGG,0.510314926698804
R,CGG,-0.67736744562785
R,CGC,0.332509334629774
S,TCG,-0.17299052638212803
S,TCC,-0.0409557160456975
T,ACG,0.010141203153132994
T,ACC,-0.0794141146409015
V,GTG,-0.227779094709952
V,GTC,-0.00971219638536362
Y,TAC,-0.325760990558068
Z,AGC,-0.0359272301235491
