AA,Codon,Mean
A,GCG,0.4979934987798974
A,GCC,0.25491899069945
C,TGC,-0.135893185788393
D,GAC,-0.133331775605679
E,GAG,-0.233311257788539
F,TTC,0.359547116253773
G,GGG,0.28276186409021387
G,GGC,-0.244219638075431
H,CAC,0.0511960457976646
I,ATC,0.190917533926169
K,AAG,-0.166595638560255
L,CTG,-0.5828394261703472
L,CTC,0.182875955183307
L,TTG,-0.749308569804827
N,AAC,-0.0788030710568031
P,CCG,0.224319969861706
P,CCC,0.30592118058602
Q,CAG,-0.237629270201921
R,AGG,0.17537389002243697
R,CGG,0.43116083834767305
R,CGC,-0.104378324173143
S,TCG,0.096056300763289
S,TCC,0.513279900628328
T,ACG,0.302103518496454
T,ACC,0.256227779693405
V,GTG,-0.5454955268004777
V,GTC,0.177278155409296
Y,TAC,-0.267284430629015
Z,AGC,-0.232466166203221
