AA,Codon,Mean
A,GCG,0.661131393056942
A,GCC,0.436812496387959
C,TGC,0.0399722077267531
D,GAC,0.116866673799356
E,GAG,0.00151775817735944
F,TTC,0.576401552764575
G,GGG,0.361452564294636
G,GGC,-0.0234351291877477
H,CAC,0.284288932189345
I,ATC,0.503302447450161
K,AAG,0.0435616101513927
L,CTG,-0.39171487340827804
L,CTC,0.473429136359692
L,TTG,-0.627911821158727
N,AAC,0.234320490692059
P,CCG,0.284739146719873
P,CCC,0.440296622969707
Q,CAG,-0.0477326887568304
R,AGG,0.17678612344066302
R,CGG,0.614519745906194
R,CGC,0.126168898873528
S,TCG,0.35261024156063797
S,TCC,0.708064446771145
T,ACG,0.426650616035859
T,ACC,0.492007506893078
V,GTG,-0.3181247127432127
V,GTC,0.418811799176534
Y,TAC,0.0209245530259719
Z,AGC,-0.022928727151503
