AA,Codon,Mean
A,GCG,0.788624881318211
A,GCC,-0.841838277669748
C,TGC,-0.0381846741052355
D,GAC,-0.0658956129060437
E,GAG,-0.136336975600322
F,TTC,-0.0620754509747649
G,GGG,-0.19070260714689902
G,GGC,-1.14817071301937
H,CAC,0.00219726844067806
I,ATC,-0.388222450570265
K,AAG,-0.124677570868532
L,CTC,-0.16166378633479297
L,TTG,-1.40725596774419
N,AAC,-0.151268486587703
P,CCG,-0.769586293611924
P,CCC,-0.664064180068175
Q,CAG,-0.617157069452604
R,AGG,-0.04353990048964901
R,CGG,-0.891207908018435
R,CGC,-0.821712662784258
S,TCG,-0.992734346481165
S,TCC,-0.783513361545404
T,ACG,-0.711448171119889
T,ACC,-0.819893629173438
V,GTG,-2.080529913008214
V,GTC,-0.2035035672913
Y,TAC,-0.334854964594046
Z,AGC,-0.226160749193033
