AA,Codon,Mean
A,GCG,0.19345172197023996
A,GCC,0.081978093234698
C,TGC,0.199679215465983
D,GAC,-0.235002749194702
E,GAG,-0.240387002227704
F,TTC,-0.256475909101963
G,GGG,0.743369371134039
G,GGC,0.449759990505377
H,CAC,-0.433176165268819
I,ATC,-0.0150818196062093
K,AAG,-0.51928051302433
L,CTC,0.11667514947454094
L,TTG,-0.450153407156467
N,AAC,-0.453075351248185
P,CCG,0.9215812769683702
P,CCC,0.308452847005924
Q,CAG,0.172402275573214
R,AGG,0.815726702725887
R,CGG,-0.5109913811524759
R,CGC,0.595895112466812
S,TCG,-0.26332513100902205
S,TCC,0.0597443849104146
T,ACG,-0.02193679970304202
T,ACC,-0.0425514988026271
V,GTG,-0.421893680859605
V,GTC,-0.0246526302803191
Y,TAC,-0.482868435937166
Z,AGC,-0.0685053383074701
