AA,Codon,Mean
A,GCG,1.22187437628905
A,GCC,-0.126987268590927
C,TGC,-0.0437286618955389
D,GAC,0.246002254371842
E,GAG,0.254149539113045
F,TTC,0.0990043241846065
G,GGG,0.175559031246106
G,GGC,-0.443223289058606
H,CAC,0.343337540471554
I,ATC,-0.00472433756456084
K,AAG,0.254794241416454
L,CTC,0.065664738073448
L,TTG,-0.832356756603718
N,AAC,0.259072723012169
P,CCG,0.0895943537035338
P,CCC,-0.0839632492015759
Q,CAG,-0.051095548075748
R,AGG,0.14567460865577098
R,CGG,-0.21530758482217804
R,CGC,-0.314891491435965
S,TCG,0.013468178770690994
S,TCC,-0.0656798938035965
T,ACG,0.1911189101489879
T,ACC,-0.0945100959459941
V,GTG,-1.25649806565245
V,GTC,0.187753849544128
Y,TAC,-0.0474695006602538
Z,AGC,-0.0139309151826274
