AA,Codon,Mean
A,GCG,1.683264902140693
A,GCC,2.03071362492243
C,TGC,1.04740150045554
D,GAC,1.92803376436234
E,GAG,0.832314013254642
F,TTC,1.89881145615578
G,GGG,0.763251411779722
G,GGC,1.45923395708402
H,CAC,1.92594078182379
I,ATC,1.86965891988277
K,AAG,1.51518956201077
L,CTG,0.9767190766579527
L,CTC,1.617754014652839
L,TTG,1.29919154284795
N,AAC,1.55359671312173
P,CCG,1.6139747736106358
P,CCC,1.43437269483407
Q,CAG,0.89717199395895
R,AGG,1.23170504900615
R,CGG,1.131271132304271
R,CGC,1.14058417087396
S,TCG,1.66888106421828
S,TCC,1.96181608715057
T,ACG,1.524122394863764
T,ACC,1.69372807218234
V,GTG,0.631684761745731
V,GTC,2.27812820507685
Y,TAC,1.75497454334895
Z,AGC,1.36998351904551
