AA,Codon,Mean
A,GCG,0.7764087085843069
A,GCC,-0.0682732779127856
C,TGC,0.635464841828744
D,GAC,-0.140487739214301
E,GAG,0.991083492159843
F,TTC,-0.439566241852442
G,GGG,0.6390665389060999
G,GGC,0.690730765783787
H,CAC,-0.456775384982427
I,ATC,-0.21209247149229
K,AAG,-0.403993826498588
L,CTG,0.991385097229479
L,CTC,1.127224628458415
L,TTG,0.299779840175311
N,AAC,-0.431099932507674
P,CCG,1.4375508453518129
P,CCC,1.9209617957592
Q,CAG,1.54375215160052
R,AGG,1.7612215037167092
R,CGG,0.2659676225821199
R,CGC,1.8068155843099
S,TCG,1.5439322607775572
S,TCC,-0.120760899466276
T,ACG,1.8428255235195152
T,ACC,-0.116486696582039
V,GTG,0.9608458402196519
V,GTC,-0.119388524202009
Y,TAC,-0.455469527026018
Z,AGC,0.0220811808986015
