AA,Codon,Mean
A,GCG,2.0324904256562357
A,GCC,2.01780941212972
C,TGC,1.68231460824807
D,GAC,1.83583311598301
E,GAG,1.74334468589624
F,TTC,1.05361145731211
G,GGG,1.0831751120090471
G,GGC,2.24307700497309
H,CAC,1.49169899117947
I,ATC,1.7157448742787
K,AAG,0.988947083091736
L,CTG,1.198484614908199
L,CTC,1.3225654879503257
L,TTG,1.64033132302761
N,AAC,1.05015477049351
P,CCG,1.875090675844751
P,CCC,2.14514798622926
Q,CAG,1.68570509660244
R,AGG,2.620670070775666
R,CGG,-0.13032736511180798
R,CGC,1.41008024887244
S,TCG,2.3735902610063544
S,TCC,1.9385481550614
T,ACG,2.0285995397932504
T,ACC,1.59952603690624
V,GTG,1.114324574728805
V,GTC,2.21092857515017
Y,TAC,1.22434084672928
Z,AGC,1.35295082917213
