AA,Codon,Mean
A,GCG,1.391361156292754
A,GCC,0.886796176282565
C,TGC,0.802688273612658
D,GAC,1.50339095067978
E,GAG,1.13819399842421
F,TTC,1.44223455324173
G,GGG,0.8861722019872547
G,GGC,1.04787269675732
H,CAC,1.59751946816444
I,ATC,1.48874499638081
K,AAG,1.2690663475275
L,CTG,0.5970953999519399
L,CTC,1.1852158419847498
L,TTG,0.58691289532582
N,AAC,1.48310803385576
P,CCG,1.073082554018497
P,CCC,0.757066723513603
Q,CAG,0.726242809732755
R,AGG,0.753397666064898
R,CGG,0.8967923972647196
R,CGC,1.2240364896059
S,TCG,1.2271491987387342
S,TCC,0.934044763342539
T,ACG,1.064589177832007
T,ACC,1.05642177815437
V,GTG,0.45149058532516406
V,GTC,1.60832728492419
Y,TAC,1.43391806337833
Z,AGC,1.02013662447135
