AA,Codon,Mean
A,GCG,0.193051836220424
A,GCC,0.122191854421298
C,TGC,0.501389966595173
D,GAC,-0.0347508103556931
E,GAG,0.356201384965579
F,TTC,-0.301941648068031
G,GGG,0.43329441309372996
G,GGC,0.36615914568305
H,CAC,-0.236765324613452
I,ATC,-0.0502138418237368
K,AAG,-0.204551926423113
L,CTG,0.23873538519938797
L,CTC,0.384528070927659
L,TTG,0.171274460933606
N,AAC,-0.250676116463542
P,CCG,0.550809173411131
P,CCC,0.557299666372935
Q,CAG,0.428628896949689
R,AGG,0.7567754489441709
R,CGG,-0.005801805746560085
R,CGC,0.794470855096976
S,TCG,0.24220633672873199
S,TCC,-0.0134196972806113
T,ACG,0.29635218323965795
T,ACC,-0.0733922877197464
V,GTG,-0.625433590352531
V,GTC,-0.0450497467494259
Y,TAC,-0.244055417848627
Z,AGC,0.0707686504622184
