AA,Codon,Mean
A,GCG,1.4612266899754598
A,GCC,0.977039972992738
C,TGC,1.06707201940616
D,GAC,1.54939555686315
E,GAG,1.2811888278166501
F,TTC,1.21423076461156
G,GGG,1.042832890746991
G,GGC,1.44856176557541
H,CAC,1.56741390596231
I,ATC,1.43651780689557
K,AAG,1.16984269362291
L,CTG,0.691631880199905
L,CTC,1.370852509200578
L,TTG,0.574187401489417
N,AAC,1.32344294977983
P,CCG,1.438733031938473
P,CCC,1.12096356630723
Q,CAG,1.02075408186118
R,AGG,1.216441095455237
R,CGG,0.8200729027708331
R,CGC,1.71085568404198
S,TCG,1.2755915301978609
S,TCC,0.972328022778034
T,ACG,1.2072017990341062
T,ACC,0.984174972486496
V,GTG,-0.17336027739047988
V,GTC,1.60999237122536
Y,TAC,1.26990826464494
Z,AGC,1.17059437661966
