AA,Codon,Mean
A,GCG,0.06364572657545403
A,GCC,-0.253766496829192
C,TGC,-0.326042758874098
D,GAC,-0.359867341200511
E,GAG,-0.152698102611303
F,TTC,0.182843450422088
G,GGG,0.28772807196707795
G,GGC,-0.682947070237001
H,CAC,-0.055742310326203
I,ATC,0.211111175670226
K,AAG,-0.30763574929237397
L,CTG,-0.618536430799962
L,CTC,-0.280842560798427
L,TTG,-0.860750466100375
N,AAC,-0.273971455999215
P,CCG,-0.295596087665856
P,CCC,0.0311514732356
Q,CAG,-0.389909121628602
R,AGG,0.04224316351811097
R,CGG,-0.07624812921683
R,CGC,-0.477695424175262
S,TCG,-0.03328732955654401
S,TCC,0.1617015324682
T,ACG,-0.045357397687434964
T,ACC,0.00952900359770439
V,GTG,-1.155341413720449
V,GTC,-0.0755523314935466
Y,TAC,-0.328803275823593
Z,AGC,-0.429404295289516
