AA,Codon,Mean
A,GCG,-0.06864776935180017
A,GCC,0.0167429356364558
C,TGC,-0.0138056564580967
D,GAC,-0.240439985209703
E,GAG,-0.56026391659975
F,TTC,-0.407302653910716
G,GGG,1.180164764146014
G,GGC,0.309491759816806
H,CAC,-0.827773414683342
I,ATC,-0.134241082884868
K,AAG,-0.828144064426422
L,CTG,-0.780239726982514
L,CTC,-0.127588200410207
L,TTG,-1.18432208336989
N,AAC,-0.691181190240383
P,CCG,1.021022147109111
P,CCC,0.0543889990868668
Q,CAG,-0.820777898152669
R,AGG,0.2803241813658748
R,CGG,1.006624024480582
R,CGC,1.12688957635562
S,TCG,-0.39682168015241204
S,TCC,-0.0830644819152852
T,ACG,-0.08374015431801007
T,ACC,-0.0949032709871729
V,GTG,-0.7504445989569049
V,GTC,-0.132631600552301
Y,TAC,-0.784549881060918
Z,AGC,-0.211425192799171
