AA,Codon,Mean
A,GCG,0.3868267321527
A,GCC,0.0132467128704771
C,TGC,-0.250180551744004
D,GAC,0.0633134512476216
E,GAG,-0.20174650880595
F,TTC,0.442239715435108
G,GGG,0.1133437211639666
G,GGC,0.0192894566068147
H,CAC,0.0875344511909968
I,ATC,0.263359178562959
K,AAG,0.105576157477498
L,CTG,-0.22228698364396898
L,CTC,0.07082429362336795
L,TTG,-0.473288303689162
N,AAC,-0.102797937214623
P,CCG,0.23700862939823503
P,CCC,0.208331888174824
Q,CAG,-0.609222009255489
R,AGG,0.18132444996834007
R,CGG,-0.18229662093681598
R,CGC,-0.131106822231678
S,TCG,-0.03409962798555699
S,TCC,0.402726486384869
T,ACG,0.11925638409654299
T,ACC,0.257515372588237
V,GTG,-1.110353088361025
V,GTC,0.690647318879763
Y,TAC,-0.0459425004602247
Z,AGC,-0.231424285102387
