AA,Codon,Mean
A,GCG,0.5524856883486139
A,GCC,0.301512818302711
C,TGC,0.883335768111547
D,GAC,0.0805613881424069
E,GAG,0.798652555485566
F,TTC,-0.258419983646274
G,GGG,0.6192114047924602
G,GGC,1.0299781542778
H,CAC,-0.145932141173879
I,ATC,0.0655004830881953
K,AAG,-0.381196813348929
L,CTG,0.3367693410873379
L,CTC,0.44000017848222805
L,TTG,-0.0272261858407806
N,AAC,-0.160320672775308
P,CCG,1.392504018551109
P,CCC,1.43093163136641
Q,CAG,1.0367897885561
R,AGG,1.206383267899354
R,CGG,0.5405624876658099
R,CGC,1.50112337880929
S,TCG,0.7922767262220399
S,TCC,0.0179173657200438
T,ACG,0.700361659411592
T,ACC,0.00808150598763899
V,GTG,0.08636602053245013
V,GTC,0.0205580165533065
Y,TAC,-0.232533009055257
Z,AGC,0.42829401695927
