AA,Codon,Mean
A,GCG,0.943300482738018
A,GCC,0.496789196823041
C,TGC,0.012772047292424
D,GAC,0.743352938310305
E,GAG,0.234791496438781
F,TTC,0.89484614533186
G,GGG,0.48747029823593013
G,GGC,0.151809411153446
H,CAC,0.792182339008649
I,ATC,0.744475705770651
K,AAG,0.800925257178148
L,CTG,0.207609883463383
L,CTC,0.5880366606394469
L,TTG,0.0204006361406732
N,AAC,0.645115101297696
P,CCG,0.511029683217406
P,CCC,0.16894604829525
Q,CAG,-0.0577370102887111
R,AGG,0.07244670825005017
R,CGG,0.5492163970232009
R,CGC,0.0944980865095694
S,TCG,0.6068914511362592
S,TCC,0.764831400295099
T,ACG,0.7107264146897371
T,ACC,0.619255655940374
V,GTG,-0.23251183864597763
V,GTC,1.04966348962784
Y,TAC,0.613353578615189
Z,AGC,0.207663926536838
