AA,Codon,Mean
A,GCG,1.690345303350691
A,GCC,1.06689539306959
C,TGC,1.04686860902707
D,GAC,1.52945032874743
E,GAG,0.891200304412842
F,TTC,0.961963298285007
G,GGG,0.645166219087442
G,GGC,1.35676500917276
H,CAC,1.70985227929751
I,ATC,1.12772271107833
K,AAG,0.885335175848007
L,CTG,0.5573581430415341
L,CTC,1.300421562880278
L,TTG,0.636842406682173
N,AAC,1.43559201805592
P,CCG,1.517807254056132
P,CCC,1.29726257640521
Q,CAG,0.812835801235835
R,AGG,0.655003067044413
R,CGG,1.1084160890800632
R,CGC,1.60153003826936
S,TCG,1.188307608383894
S,TCC,1.15228010570208
T,ACG,1.363533773238459
T,ACC,1.16165890878042
V,GTG,0.672426878244678
V,GTC,1.13232083324591
Y,TAC,1.33590077903271
Z,AGC,1.09993694663843
