AA,Codon,Mean
A,GCG,0.415767957631745
A,GCC,0.0734316376705964
C,TGC,0.576471415279309
D,GAC,-0.234627170745532
E,GAG,0.606451821506023
F,TTC,-0.601610479907195
G,GGG,0.2824278485457099
G,GGC,0.481355756940444
H,CAC,-0.490572638857365
I,ATC,-0.262611599154274
K,AAG,-0.299803173756599
L,CTG,0.49387293653488196
L,CTC,0.34836848972241097
L,TTG,-0.218292275972168
N,AAC,-0.573377725068728
P,CCG,1.112349777259429
P,CCC,0.975024381073316
Q,CAG,0.731215457713604
R,AGG,1.1408544669451575
R,CGG,0.26590126624107
R,CGC,0.758046996498108
S,TCG,0.472593866533041
S,TCC,-0.0572618513661126
T,ACG,0.5826219698150971
T,ACC,-0.21851317102313
V,GTG,0.16216431348919796
V,GTC,-0.186661596565445
Y,TAC,-0.594515574586391
Z,AGC,-0.0156214993886788
