AA,Codon,Mean
A,GCG,2.30225329984426
A,GCC,1.06779128170808
C,TGC,2.16678770252864
D,GAC,1.79730534561475
E,GAG,1.34415987538497
F,TTC,1.08563760825793
G,GGG,1.1694768166383112
G,GGC,1.72103920458158
H,CAC,1.9255131103913
I,ATC,1.44238006931941
K,AAG,1.06710827790896
L,CTC,1.7791880489036407
L,TTG,0.803558846946557
N,AAC,1.59773943921725
P,CCG,2.1166165866819546
P,CCC,1.16222782110373
Q,CAG,1.70296498019695
R,AGG,1.279590374565127
R,CGG,2.2423267630299
R,CGC,1.80206242218018
S,TCG,1.808642017730072
S,TCC,0.893271486783028
T,ACG,1.887096609882517
T,ACC,1.18405961611271
V,GTG,0.7505560595971841
V,GTC,1.68129908386072
Y,TAC,1.81156920433839
Z,AGC,2.01468267373244
