AA,Codon,Mean
A,GCG,0.08846542054017392
A,GCC,0.0739010479100049
C,TGC,0.147625307824214
D,GAC,-0.11507470155706
E,GAG,0.383516542925437
F,TTC,-0.263256562951207
G,GGG,0.020545840670664894
G,GGC,0.382444005086025
H,CAC,-0.269434499908487
I,ATC,-0.0533083013162017
K,AAG,-0.262395195402702
L,CTC,0.023646939230959008
L,TTG,-0.0156025053277027
N,AAC,-0.305901271589597
P,CCG,0.643024758089582
P,CCC,0.245195997819304
Q,CAG,0.412144852713744
R,AGG,0.5496882791531579
R,CGG,-0.41803209120432905
R,CGC,0.430613667734464
S,TCG,0.10940293866396
S,TCC,0.0491472792495042
T,ACG,0.12514040856361408
T,ACC,-0.030822437518804
V,GTG,-0.05313822405536994
V,GTC,-0.0169479645552389
Y,TAC,-0.296792807304859
Z,AGC,-0.124058828092615
