AA,Codon,Mean
A,GCG,2.530665698154766
A,GCC,1.46544568217595
C,TGC,2.88590822526614
D,GAC,2.4477161140124
E,GAG,1.92902433053652
F,TTC,1.29757310530345
G,GGG,1.273495157516002
G,GGC,2.41672694838842
H,CAC,2.60536754622459
I,ATC,1.99496848852634
K,AAG,1.34273672855695
L,CTC,2.436018158723968
L,TTG,1.29823438726266
N,AAC,2.15771693689028
P,CCG,2.51342792301377
P,CCC,1.64217165323893
Q,CAG,2.27463046609561
R,AGG,1.989957660742603
R,CGG,2.544777806949614
R,CGC,2.56634430499077
S,TCG,2.211406464950245
S,TCC,1.32982263403734
T,ACG,2.284902449914795
T,ACC,1.75487694137096
V,GTG,0.9979166354835051
V,GTC,2.2185686595122
Y,TAC,2.53560306655566
Z,AGC,2.7619396165053
