AA,Codon,Mean
A,GCG,1.548317060146733
A,GCC,0.497847319670518
C,TGC,1.08210885713498
D,GAC,1.78140728119214
E,GAG,0.90326686643362
F,TTC,1.09559823625882
G,GGG,0.703502000420292
G,GGC,1.44886098701159
H,CAC,1.85768033681711
I,ATC,1.2680380204439201
K,AAG,1.15161157039801
L,CTG,0.651912825616203
L,CTC,1.011171608177817
L,TTG,0.155271037840843
N,AAC,1.45039218206406
P,CCG,1.168812453148763
P,CCC,0.561971522768339
Q,CAG,0.927860338322322
R,AGG,0.754782533039653
R,CGG,1.091817393748959
R,CGC,1.78777839823564
S,TCG,1.233778685339292
S,TCC,0.836864617617925
T,ACG,1.1284712360580769
T,ACC,0.984842765192191
V,GTG,0.13584969133734703
V,GTC,1.59115156710943
Y,TAC,1.34747360905011
Z,AGC,1.29505801297824
