AA,Codon,Mean
A,GCG,0.747948205245534
A,GCC,0.724474074967702
C,TGC,1.21872314244906
D,GAC,0.23475032766362
E,GAG,0.966060600630442
F,TTC,-0.381512802704175
G,GGG,0.6856663788755699
G,GGC,1.14813179016113
H,CAC,-0.140415499822795
I,ATC,0.0399990283119492
K,AAG,-0.236126015462478
L,CTG,-0.07209644137819604
L,CTC,0.380315681040972
L,TTG,0.561752649311225
N,AAC,-0.151665332368016
P,CCG,1.367056304663419
P,CCC,1.33004499522845
Q,CAG,1.2449635544459
R,AGG,1.439988911457859
R,CGG,0.07820302269459001
R,CGC,1.2628223447601
S,TCG,0.8703400455286129
S,TCC,0.064933335887144
T,ACG,0.8354922240138051
T,ACC,0.0895779797996084
V,GTG,0.007561044788360061
V,GTC,0.00493859669478407
Y,TAC,-0.12491568368425
Z,AGC,0.608552789163589
