AA,Codon,Mean
A,GCG,1.4777947683741641
A,GCC,1.11254175594648
C,TGC,0.670399455157916
D,GAC,1.43241502420902
E,GAG,0.961951318836212
F,TTC,0.877045462699731
G,GGG,0.804077599230905
G,GGC,0.945357290172577
H,CAC,1.42772651815414
I,ATC,1.09307462983926
K,AAG,0.832158065319061
L,CTG,0.706502574527269
L,CTC,1.1441679622689929
L,TTG,0.446082513827085
N,AAC,1.24701942605972
P,CCG,1.424399190366404
P,CCC,0.969835967218876
Q,CAG,0.800324451851845
R,AGG,1.170761300990978
R,CGG,0.929955976987382
R,CGC,1.47792856809298
S,TCG,1.265657347283761
S,TCC,0.934194160528978
T,ACG,1.1175239137494393
T,ACC,1.08214244271914
V,GTG,-0.024359779747320065
V,GTC,1.51065086426735
Y,TAC,1.17325039856434
Z,AGC,1.05057251196702
