AA,Codon,Mean
A,GCG,0.15250089036623604
A,GCC,0.0535939763240516
C,TGC,0.369474750675758
D,GAC,-0.115024563829601
E,GAG,0.315964887744188
F,TTC,-0.38915522270004
G,GGG,0.190520476198198
G,GGC,0.347598952875535
H,CAC,-0.305955410687129
I,ATC,-0.146303753379981
K,AAG,-0.280890245211124
L,CTG,-0.19668495119400115
L,CTC,7.876279036200251e-4
L,TTG,0.169888696070512
N,AAC,-0.433595937818289
P,CCG,0.569382443285982
P,CCC,0.633341874333223
Q,CAG,0.350399989400307
R,AGG,0.8578881585538389
R,CGG,0.11552275310358007
R,CGC,0.283485198472937
S,TCG,0.24415266320705403
S,TCC,-0.0205758590910564
T,ACG,0.312125328906377
T,ACC,-0.0739592860892415
V,GTG,-0.6877696249981721
V,GTC,-0.110184828828772
Y,TAC,-0.396766171689828
Z,AGC,-0.0391020510643665
