AA,Codon,Mean
A,GCG,1.6252130411108339
A,GCC,1.25375607479413
C,TGC,1.06654827522834
D,GAC,1.65835414862633
E,GAG,1.28570459266504
F,TTC,0.793405566120148
G,GGG,0.971155378695332
G,GGC,1.51822491783301
H,CAC,1.62300017538865
I,ATC,1.30596854298115
K,AAG,0.835490895676613
L,CTG,0.9268015402317009
L,CTC,1.5305461686054829
L,TTG,0.670521468043327
N,AAC,1.34617887101968
P,CCG,1.782167352591947
P,CCC,1.39873004259268
Q,CAG,1.25727012253602
R,AGG,1.698798687817654
R,CGG,1.241619748689736
R,CGC,2.24846918873787
S,TCG,1.411441708722706
S,TCC,1.04284154996077
T,ACG,1.3526592421352839
T,ACC,1.27358748134772
V,GTG,-0.41462515823045987
V,GTC,1.68654795879523
Y,TAC,1.26817952130636
Z,AGC,1.40770397304694
