AA,Codon,Mean
A,GCG,0.04961187709172599
A,GCC,0.0312772951376935
C,TGC,0.395614115343491
D,GAC,-0.159581114292145
E,GAG,-0.233789745607972
F,TTC,-0.246760723590851
G,GGG,0.009928798468910038
G,GGC,0.379625874445836
H,CAC,-0.389180968765418
I,ATC,-0.0880105447555582
K,AAG,-0.36444171380798
L,CTG,-0.28671467715104404
L,CTC,-0.02927624542812496
L,TTG,-0.519983865739902
N,AAC,-0.499818097778161
P,CCG,0.5124303254468293
P,CCC,0.637285834340254
Q,CAG,0.292966297690074
R,AGG,0.9500069943579519
R,CGG,0.15330524738629991
R,CGC,0.467009591114521
S,TCG,-0.034915028933684034
S,TCC,-0.0454755359011392
T,ACG,0.12137324231465696
T,ACC,-0.106470435244342
V,GTG,-0.40197864137887906
V,GTC,-0.0449181384174774
Y,TAC,-0.439425546242793
Z,AGC,0.00959405926332211
