AA,Codon,Mean
A,GCG,0.855618288772305
A,GCC,0.565757412024339
C,TGC,0.412045488230387
D,GAC,0.873288813670476
E,GAG,0.246724074661732
F,TTC,-0.0223850172802438
G,GGG,0.5388833438697348
G,GGC,0.636734935144583
H,CAC,0.928751526955763
I,ATC,-0.0804357434560855
K,AAG,-0.131540764927864
L,CTG,-0.25156499083737505
L,CTC,0.23933269787430705
L,TTG,-0.462252559071779
N,AAC,0.42557284352382
P,CCG,0.91359700255692
P,CCC,0.685293812588851
Q,CAG,-0.159322328559558
R,AGG,0.41998411177793904
R,CGG,0.3848626381130134
R,CGC,0.591637109911442
S,TCG,0.789816224141916
S,TCC,0.565946612715721
T,ACG,0.684580718062322
T,ACC,0.566521962026755
V,GTG,-0.557545024008552
V,GTC,0.397334173713128
Y,TAC,0.632290401172638
Z,AGC,0.400533322034279
