AA,Codon,Mean
A,GCG,1.2166838036338516
A,GCC,0.252917510621746
C,TGC,0.878989340563615
D,GAC,0.0667067640128235
E,GAG,0.87234914205869
F,TTC,-0.28831715032657
G,GGG,0.7850599511384999
G,GGC,0.936369116806984
H,CAC,-0.12712868771106
I,ATC,0.110862466008464
K,AAG,-0.352656591411432
L,CTG,1.173308439293504
L,CTC,0.7058837090273691
L,TTG,0.402705063935121
N,AAC,-0.29921887135605
P,CCG,2.069517689969146
P,CCC,1.63231595350107
Q,CAG,1.08549541867971
R,AGG,1.515611274916558
R,CGG,1.3028584737459799
R,CGC,1.72489516056379
S,TCG,0.85188002239863
S,TCC,0.101806787271798
T,ACG,1.375652946885432
T,ACC,0.0416721140908077
V,GTG,0.811333566097417
V,GTC,0.0992370508780082
Y,TAC,-0.293554953962564
Z,AGC,0.303047739613056
