AA,Codon,Mean
A,GCG,0.24953546019793005
A,GCC,-0.490002454646428
C,TGC,-0.867734854427973
D,GAC,-0.623360477801164
E,GAG,-0.723509082285563
F,TTC,-0.742672418232759
G,GGG,-0.6609188726087399
G,GGC,-0.80330626326402
H,CAC,-0.42881310885946
I,ATC,-1.09112531317075
K,AAG,-0.502661657834053
L,CTG,-1.549336570925016
L,CTC,-1.636313413536549
L,TTG,-1.1832374752442
N,AAC,-0.707256948578358
P,CCG,-0.553098349281151
P,CCC,-1.07299497799873
Q,CAG,-1.12415130169392
R,AGG,-0.44618710869948
R,CGG,-1.757740889197589
R,CGC,-1.06698353448709
S,TCG,-0.3333173947930329
S,TCC,-0.581626671469212
T,ACG,0.050947556670499994
T,ACC,-0.45181309432586
V,GTG,-1.128117489802839
V,GTC,-0.904854677097003
Y,TAC,-0.948278276475271
Z,AGC,-0.630067588647207
