AA,Codon,Mean
A,GCG,0.6277970756510889
A,GCC,0.299269058511655
C,TGC,-0.194096456180513
D,GAC,0.628906404483318
E,GAG,-0.0343098171820309
F,TTC,0.433751017779112
G,GGG,-0.11478015383581297
G,GGC,0.0658234428310169
H,CAC,0.770000850705306
I,ATC,0.266822995041808
K,AAG,0.267736397921046
L,CTG,-0.653066779262821
L,CTC,0.06318899046579995
L,TTG,-0.223588252142072
N,AAC,0.589548226602872
P,CCG,0.07475335888564599
P,CCC,-0.0822315309752625
Q,CAG,-0.268374207788706
R,AGG,-0.12464976079464019
R,CGG,-0.5367185095310198
R,CGC,0.102177630968873
S,TCG,0.20759309642116203
S,TCC,0.458016493145625
T,ACG,0.388567445147038
T,ACC,0.41803464970986
V,GTG,-0.45825339760978995
V,GTC,0.450741684065262
Y,TAC,0.488654804462194
Z,AGC,0.217981176287929
