AA,Codon,Mean
A,GCG,1.282542569828033
A,GCC,-0.0355125403640947
C,TGC,0.0223999846967388
D,GAC,0.147783164586624
E,GAG,0.17216574400266
F,TTC,0.239681369047364
G,GGG,0.4039558594544048
G,GGC,-0.378315098625422
H,CAC,0.384718284765879
I,ATC,0.151400235166152
K,AAG,0.111980149703224
L,CTC,0.082853880876303
L,TTG,-0.758503405280908
N,AAC,0.31738214610219
P,CCG,0.3115734208698071
P,CCC,0.0286746455809997
Q,CAG,-0.11389878350397
R,AGG,0.24888110750615602
R,CGG,-0.05923947581648903
R,CGC,-0.256880910856525
S,TCG,0.20577811325341433
S,TCC,0.0531086569269498
T,ACG,0.3701447387476761
T,ACC,0.0417358053488657
V,GTG,-1.0789536204894379
V,GTC,0.238460763325294
Y,TAC,0.0196082155869019
Z,AGC,0.0485440138190985
