AA,Codon,Mean
A,GCG,0.09349327501455906
A,GCC,0.093821347125868
C,TGC,0.232881940491001
D,GAC,0.00208265704471851
E,GAG,-0.147597554790974
F,TTC,-0.174664855507016
G,GGG,0.5756229161043971
G,GGC,0.421189189668496
H,CAC,-0.338996161524455
I,ATC,-0.0307815977611889
K,AAG,-0.334940309153
L,CTC,0.12261823028524699
L,TTG,-0.316016565601031
N,AAC,-0.336142121487856
P,CCG,0.6537245722512407
P,CCC,0.265658653049668
Q,CAG,0.176296422340473
R,AGG,0.6109045731445151
R,CGG,-0.300435832238202
R,CGC,0.463465455452601
S,TCG,-0.16090758309662304
S,TCC,0.0297332934791222
T,ACG,0.03630090246200596
T,ACC,-0.0212204236868226
V,GTG,-0.208725634595752
V,GTC,0.0160583156839257
Y,TAC,-0.327691072070599
Z,AGC,-0.01966036874015
