AA,Codon,Mean
A,GCG,-1.0764651754867283
A,GCC,-1.25071561274528
C,TGC,-0.0313993031128851
D,GAC,-1.20792994556427
E,GAG,-0.871468487946192
F,TTC,-0.396068993733327
G,GGG,-0.548071786607305
G,GGC,-0.851212953031063
H,CAC,-1.13756606024106
I,ATC,-0.639748828188578
K,AAG,-0.781223985373974
L,CTC,-0.45051570606629104
L,TTG,-1.52563806321621
N,AAC,-1.35520398914019
P,CCG,-0.9408795443810529
P,CCC,-0.804387305255731
Q,CAG,-1.0199576436162
R,AGG,0.278762568710247
R,CGG,-1.428438768057029
R,CGC,-0.436364021795988
S,TCG,-1.902147038209436
S,TCC,-0.828997040053209
T,ACG,-1.422302691983184
T,ACC,-1.2523126617829
V,GTG,-1.3414770639320208
V,GTC,-0.476910399572055
Y,TAC,-0.99539585523208
Z,AGC,-0.709506319379807
