AA,Codon,Mean
A,GCG,1.779754913773142
A,GCC,1.09541345309019
C,TGC,0.114196671879177
D,GAC,1.06366757195393
E,GAG,0.764872818164031
F,TTC,0.437712902239958
G,GGG,0.8195302369569739
G,GGC,0.636648192346096
H,CAC,0.944079277924697
I,ATC,0.59180804694891
K,AAG,0.59325796071291
L,CTC,0.633812483282884
L,TTG,0.138470062385562
N,AAC,0.999444972666105
P,CCG,1.2053964774931472
P,CCC,0.913321680303415
Q,CAG,0.970615063806375
R,AGG,0.42518261152108006
R,CGG,1.079176661620537
R,CGC,0.380778471251329
S,TCG,1.453209492459897
S,TCC,0.96452167249918
T,ACG,1.456312125199044
T,ACC,1.11029089726607
V,GTG,0.09184327829877503
V,GTC,0.674860120852788
Y,TAC,0.595114629739523
Z,AGC,0.436438428203265
