AA,Codon,Mean
A,GCG,0.20201607654492304
A,GCC,0.173173016012708
C,TGC,0.724499009136359
D,GAC,-0.120053065955142
E,GAG,0.639704241840045
F,TTC,-0.400513838640849
G,GGG,0.45050107321341404
G,GGC,0.917371644004186
H,CAC,-0.446492740873496
I,ATC,-0.00216784093762041
K,AAG,-0.659905521142483
L,CTC,0.23917490401268
L,TTG,-0.335900630780061
N,AAC,-0.529574001189073
P,CCG,1.4327744986553999
P,CCC,0.801606477733453
Q,CAG,0.819209561268489
R,AGG,1.285189968715113
R,CGG,-0.8334812863032002
R,CGC,1.22909789774418
S,TCG,0.04981986083586998
S,TCC,0.128932688200474
T,ACG,0.2749578127463701
T,ACC,-0.0217535741401325
V,GTG,-0.3681652475158391
V,GTC,0.0308532123852269
Y,TAC,-0.484467941910028
Z,AGC,0.0906966949693859
