AA,Codon,Mean
A,GCG,0.951760025581717
A,GCC,-0.356789169361194
C,TGC,0.405195549413562
D,GAC,0.397053704633315
E,GAG,0.347769515142838
F,TTC,0.212688415277004
G,GGG,0.8051366139407
G,GGC,-0.268480815184116
H,CAC,0.365443011506399
I,ATC,0.0387463232895835
K,AAG,0.221037979669372
L,CTC,0.216035735519727
L,TTG,-1.12346487933
N,AAC,0.263986974806587
P,CCG,0.09259175249810689
P,CCC,-0.267351985750596
Q,CAG,-0.101909957712889
R,AGG,1.1429151471773769
R,CGG,0.10765136016209897
R,CGC,0.0446154733040391
S,TCG,-0.491900631183386
S,TCC,-0.401419126033783
T,ACG,0.15060391726866298
T,ACC,-0.302650734204054
V,GTG,-1.08868809461991
V,GTC,0.209758699084322
Y,TAC,-0.0467657590877061
Z,AGC,0.389820368951559
