AA,Codon,Mean
A,GCG,1.596351281881332
A,GCC,0.204885299581289
C,TGC,0.463720002313455
D,GAC,0.875904296592871
E,GAG,0.605766986032327
F,TTC,0.460850303904215
G,GGG,0.9619689225114814
G,GGC,0.196991190366944
H,CAC,0.956089465161165
I,ATC,0.406786109795173
K,AAG,0.638317523256938
L,CTC,0.545341373284655
L,TTG,-0.374022500443459
N,AAC,0.87687721208334
P,CCG,0.6603963944741209
P,CCC,0.102551353280867
Q,CAG,0.352456553425392
R,AGG,0.922160974470777
R,CGG,0.5953225937902962
R,CGC,0.329354699077209
S,TCG,0.501080440879861
S,TCC,0.0859988079965115
T,ACG,0.794447326874733
T,ACC,0.217782340409358
V,GTG,-0.39427228022304694
V,GTC,0.595020974087715
Y,TAC,0.552428206678232
Z,AGC,0.586452880827586
