AA,Codon,Mean
A,GCG,0.49776136100336976
A,GCC,0.212422122511268
C,TGC,-0.0439964394390428
D,GAC,0.292598145506779
E,GAG,0.233279527235031
F,TTC,0.322211300291618
G,GGG,0.3895741909079567
G,GGC,-0.00160206619235732
H,CAC,0.293587126805385
I,ATC,0.321299661449591
K,AAG,0.228719139060378
L,CTG,-0.411085140936573
L,CTC,0.30787654140492293
L,TTG,-0.341913547279437
N,AAC,0.32489634898901
P,CCG,0.42434287325519776
P,CCC,0.287016683824857
Q,CAG,0.209168992297848
R,AGG,0.22212715321381904
R,CGG,0.5274962059472991
R,CGC,-0.159487814944486
S,TCG,0.3173575678449238
S,TCC,0.338382352675994
T,ACG,0.38563515693396333
T,ACC,0.181047860512137
V,GTG,-0.2493845870288711
V,GTC,0.39294674740235
Y,TAC,0.0933798259245853
Z,AGC,-0.00222393999215558
