AA,Codon,Mean
A,GCG,-0.251751006258528
A,GCC,-0.0646084771563609
C,TGC,0.0462067414423761
D,GAC,-0.26202880739073
E,GAG,0.0250534416871145
F,TTC,-0.263954177819689
G,GGG,-0.026270321822167042
G,GGC,0.187132668847839
H,CAC,-0.39761991666158
I,ATC,-0.165607114486893
K,AAG,-0.303898396428426
L,CTG,0.030898067733645007
L,CTC,-0.10815651409328003
L,TTG,-0.575512609279156
N,AAC,-0.461498581991593
P,CCG,0.3457797762361668
P,CCC,0.0696047213422755
Q,CAG,0.0738456370711327
R,AGG,0.4914893825598057
R,CGG,-0.861250966823106
R,CGC,0.164070725223422
S,TCG,-0.4161206672489639
S,TCC,-0.0652802736905714
T,ACG,-0.20653493412534402
T,ACC,-0.112215847634772
V,GTG,-0.4080191464211796
V,GTC,-0.0822228837807973
Y,TAC,-0.436619908938805
Z,AGC,-0.182281450647116
