AA,Codon,Mean
A,GCG,-0.329794546971718
A,GCC,-0.393883061311642
C,TGC,-0.048403786150652
D,GAC,-0.358959057007233
E,GAG,0.208419437463085
F,TTC,-0.470274605379502
G,GGG,0.017305822948615046
G,GGC,-0.0127127566932162
H,CAC,-0.610830533822378
I,ATC,-0.393383694889148
K,AAG,-0.635491869294643
L,CTG,-0.449477096501987
L,CTC,-0.39574744640290704
L,TTG,-0.223110224750638
N,AAC,-0.547402806530396
P,CCG,-0.4949374838141804
P,CCC,-0.515340935947498
Q,CAG,0.0824596159604688
R,AGG,0.7771143428425009
R,CGG,-0.20526735533873203
R,CGC,-0.0841447559043765
S,TCG,-0.5076457018557935
S,TCC,-0.44643642283082
T,ACG,-0.22442108859221094
T,ACC,-0.442388805458943
V,GTG,-0.2824724464829722
V,GTC,-0.474399037317435
Y,TAC,-0.729181580913067
Z,AGC,-0.25471785385708
