AA,Codon,Mean
A,GCG,0.85434755297502
A,GCC,0.929630632003148
C,TGC,1.07628875863155
D,GAC,1.40870943068663
E,GAG,1.25586046218077
F,TTC,0.518343869149685
G,GGG,0.7550946541865702
G,GGC,1.21045096596082
H,CAC,0.963294483753045
I,ATC,1.07506369174322
K,AAG,-0.0375736798098307
L,CTG,0.528766393021742
L,CTC,1.41585684395333
L,TTG,0.512297121739387
N,AAC,0.822583544139067
P,CCG,1.1429381967862402
P,CCC,0.966364305575689
Q,CAG,1.24300956460635
R,AGG,1.469552207734183
R,CGG,1.3053150240659799
R,CGC,1.7439137087822
S,TCG,0.9673512297491241
S,TCC,1.06598249731064
T,ACG,1.2381359233419058
T,ACC,0.853771682691574
V,GTG,0.28492439405918013
V,GTC,1.31566075990995
Y,TAC,0.488326233144601
Z,AGC,0.999212566387653
