AA,Codon,Mean
A,GCG,0.816771264337004
A,GCC,0.768963157788912
C,TGC,0.64533898204565
D,GAC,1.2335111045599
E,GAG,0.550575249485175
F,TTC,1.1287325088342
G,GGG,0.442945363430182
G,GGC,0.585877146331469
H,CAC,1.24152855444749
I,ATC,1.11983645918369
K,AAG,0.88513044154644
L,CTG,0.586015580318372
L,CTC,1.0614587943395022
L,TTG,0.403858999488751
N,AAC,1.14225788685481
P,CCG,1.0399388770611644
P,CCC,0.913631471546491
Q,CAG,0.468375810774167
R,AGG,0.29376405326499533
R,CGG,0.771639252047737
R,CGC,0.752941575324535
S,TCG,1.038075874725978
S,TCC,1.05536139345964
T,ACG,0.8843206079934565
T,ACC,0.789927550045649
V,GTG,0.40272005638778197
V,GTC,1.23574423265457
Y,TAC,1.09874014421304
Z,AGC,0.779644904883703
