AA,Codon,Mean
A,GCG,0.19998088084061905
A,GCC,0.0393140759897729
C,TGC,-0.117187126504878
D,GAC,-0.159461287740866
E,GAG,-0.427264266816775
F,TTC,-0.328716504790386
G,GGG,1.1622944757888711
G,GGC,0.275314857039849
H,CAC,-0.46732044369777
I,ATC,-0.0962324359074235
K,AAG,-0.802593667610486
L,CTG,-0.762087486508488
L,CTC,0.0036682256778080014
L,TTG,-0.988844777878126
N,AAC,-0.426121443726619
P,CCG,0.47298766307831097
P,CCC,-0.0419857411318769
Q,CAG,-0.624341993737221
R,AGG,0.6277261660854021
R,CGG,0.720755886772275
R,CGC,0.289610584714015
S,TCG,-0.33767081855336795
S,TCC,0.0299487901897791
T,ACG,0.26475190470615995
T,ACC,-0.0775091921101014
V,GTG,-0.270763027039171
V,GTC,-0.0639513836637139
Y,TAC,-0.562126495480537
Z,AGC,-0.158950930615266
