AA,Codon,Mean
A,GCG,0.3504742096377415
A,GCC,-0.0232998611892425
C,TGC,-0.348494874267777
D,GAC,-0.319588075951735
E,GAG,-0.284846505606174
F,TTC,0.442614533396562
G,GGG,0.861192896174143
G,GGC,-0.27890616342326
H,CAC,-0.0843142540095801
I,ATC,0.702384250446161
K,AAG,-1.13492202410698
L,CTG,-1.102163780860106
L,CTC,-0.158749932680527
L,TTG,-1.01137872653802
N,AAC,-0.277806962969899
P,CCG,0.518878294936816
P,CCC,0.406377795863152
Q,CAG,-0.651590926420689
R,AGG,0.41418993316367303
R,CGG,0.696650495694084
R,CGC,-0.344091830094655
S,TCG,-0.47667218658576394
S,TCC,0.15143112629205
T,ACG,-0.10971328368385702
T,ACC,0.152168288653096
V,GTG,-0.6523909941033955
V,GTC,0.0573510597148367
Y,TAC,-0.376670845975479
Z,AGC,-0.240083736101786
