AA,Codon,Mean
A,GCG,0.605585657256842
A,GCC,0.188502801697453
C,TGC,-0.0190877901915115
D,GAC,0.0859301763174434
E,GAG,0.292570277694861
F,TTC,0.632932359532515
G,GGG,0.201081761433681
G,GGC,-0.210827332723141
H,CAC,0.567899499134223
I,ATC,0.712050385717551
K,AAG,-0.159377935641011
L,CTG,-0.16919362813805577
L,CTC,0.16259184425274498
L,TTG,-0.245578129560749
N,AAC,0.300563389629126
P,CCG,0.5189520063569151
P,CCC,0.563730775602659
Q,CAG,0.107423215383043
R,AGG,0.108594099581241
R,CGG,0.19646033709843902
R,CGC,-0.359244622689486
S,TCG,0.2899347029728483
S,TCC,0.452576916907231
T,ACG,0.249481993453329
T,ACC,0.351800223137935
V,GTG,-0.23330061777333408
V,GTC,0.244653854477406
Y,TAC,0.276517231820027
Z,AGC,0.0303593902745927
