AA,Codon,Mean
A,GCG,1.3633036631266322
A,GCC,1.07120909311374
C,TGC,0.612903709657987
D,GAC,0.772797069978714
E,GAG,0.476064281088114
F,TTC,-0.0611323709116929
G,GGG,1.466388790174329
G,GGC,1.97354916145802
H,CAC,0.161434000920256
I,ATC,0.644901421602567
K,AAG,-0.120895130824794
L,CTG,0.954975492839018
L,CTC,0.906491636695465
L,TTG,0.0962935273284713
N,AAC,0.398968030659358
P,CCG,1.981566010624168
P,CCC,1.68525940967401
Q,CAG,1.06836848648389
R,AGG,1.465216283724706
R,CGG,0.5753998274723711
R,CGC,1.36212522098223
S,TCG,1.165684286127488
S,TCC,0.671192795554797
T,ACG,1.097719258439536
T,ACC,0.851287049281597
V,GTG,0.10163278533617004
V,GTC,0.617011408384641
Y,TAC,-0.0166969138900416
Z,AGC,0.797651827184359
