AA,Codon,Mean
A,GCG,-0.996727361981075
A,GCC,-1.43226813351313
C,TGC,-0.447466698074341
D,GAC,-1.31323102558454
E,GAG,-0.951693870353699
F,TTC,-0.256563407581051
G,GGG,-0.48196974991956987
G,GGC,-2.1817692234834
H,CAC,-0.434617415553331
I,ATC,-0.916730794596672
K,AAG,-0.136609177082529
L,CTG,-2.268438654057187
L,CTC,-1.097321370057762
L,TTG,-1.49861656361421
N,AAC,-1.05479921806256
P,CCG,-1.827141523806827
P,CCC,-1.35094057823022
Q,CAG,-1.25848171596527
R,AGG,-0.06875079669156992
R,CGG,-1.2319693139410495
R,CGC,-1.48437360640367
S,TCG,-2.215985768385724
S,TCC,-0.89501861465772
T,ACG,-1.126997012404596
T,ACC,-1.47335898440679
V,GTG,-2.556745616042616
V,GTC,-0.573870955463251
Y,TAC,-0.460385393798351
Z,AGC,-1.08828073300123
