AA,Codon,Mean
A,GCG,-0.150209250195821
A,GCC,-0.496639704722166
C,TGC,-0.128654119835378
D,GAC,-0.326541204216083
E,GAG,-0.218847222300867
F,TTC,0.232721745399634
G,GGG,-0.18390483014980596
G,GGC,-1.19357541617155
H,CAC,0.280017932785551
I,ATC,-0.267842374406258
K,AAG,0.380938994582494
L,CTG,-1.082814648858706
L,CTC,-0.35020133480827
L,TTG,-0.749177188531558
N,AAC,-0.148371361311028
P,CCG,-0.912052297658846
P,CCC,-0.803686417937279
Q,CAG,-0.491473760229349
R,AGG,-0.20340317912896888
R,CGG,-0.017376191391548
R,CGC,-0.988292531120777
S,TCG,-0.7343304894488301
S,TCC,-0.234352853121857
T,ACG,-0.23542216753164902
T,ACC,-0.542017847583691
V,GTG,-1.1787331503735552
V,GTC,-0.00815272774413303
Y,TAC,0.0605656200957911
Z,AGC,-0.502845330250263
