AA,Codon,Mean
A,GCG,0.43491896625757304
A,GCC,0.19866508645912
C,TGC,0.555321808175246
D,GAC,0.0267674499187153
E,GAG,0.182225568598509
F,TTC,-0.210691615980864
G,GGG,0.21675978959798803
G,GGC,0.736761139221986
H,CAC,-0.147119715886811
I,ATC,0.0139232084374637
K,AAG,-0.211219164045652
L,CTG,0.500772620603442
L,CTC,0.39058893291354196
L,TTG,-0.437528369641304
N,AAC,-0.294556608644128
P,CCG,1.128357451837261
P,CCC,0.487261379220088
Q,CAG,0.424465371761719
R,AGG,0.6941354164648323
R,CGG,-0.07895012800694001
R,CGC,1.05054518195391
S,TCG,0.17029208049376898
S,TCC,0.0503785365259896
T,ACG,0.234202793711424
T,ACC,0.0544593115985394
V,GTG,-0.25907882190148
V,GTC,0.054824600834151103
Y,TAC,-0.25051136388282
Z,AGC,0.114205222942432
