AA,Codon,Mean
A,GCG,-1.0455644393990389
A,GCC,-0.726797762819131
C,TGC,-0.905680460719268
D,GAC,-0.658839098314444
E,GAG,-0.881530203461647
F,TTC,-0.450830149418116
G,GGG,-0.573757683823009
G,GGC,-1.16916994624138
H,CAC,-0.653160359096527
I,ATC,-1.10816894072692
K,AAG,-0.775530290532112
L,CTG,-2.179172211782139
L,CTC,-1.247721632915735
L,TTG,-1.37154878235658
N,AAC,-0.790636006720861
P,CCG,-1.3912053034930232
P,CCC,-1.07766077014208
Q,CAG,-1.37674882014592
R,AGG,-0.2567037609100381
R,CGG,-0.8998164704680489
R,CGC,-1.67215901242097
S,TCG,-1.42262914387838
S,TCC,-0.278694421370824
T,ACG,-0.903450943808759
T,ACC,-0.68475070925951
V,GTG,-1.600077748433074
V,GTC,-0.770387129151821
Y,TAC,-1.00924886943102
Z,AGC,-0.856045197379589
