AA,Codon,Mean
A,GCG,0.33368289169942356
A,GCC,0.144283757194877
C,TGC,-0.0927530218393852
D,GAC,0.394839877506097
E,GAG,-0.0871398903561135
F,TTC,-0.0213609148099896
G,GGG,0.3013053588428964
G,GGC,0.148955609704057
H,CAC,0.397230922007561
I,ATC,-0.0483527512945235
K,AAG,-0.129443457830946
L,CTG,-0.837308758550882
L,CTC,0.008920467734336024
L,TTG,-0.615159317600727
N,AAC,0.184008611380061
P,CCG,0.1326787983167696
P,CCC,0.17649352714618
Q,CAG,-0.17381289528211
R,AGG,0.17410314317544595
R,CGG,0.422469068718454
R,CGC,0.0470382770850055
S,TCG,0.0677879910732449
S,TCC,0.361056861108542
T,ACG,0.2374547359316297
T,ACC,0.216168645976981
V,GTG,-0.5970165865103401
V,GTC,0.120083085452517
Y,TAC,-0.0330941745469767
Z,AGC,0.049999998402223
