AA,Codon,Mean
A,GCG,0.20637434901992496
A,GCC,0.187083376721541
C,TGC,0.234603259074688
D,GAC,0.00451814971349668
E,GAG,-0.0354034875772893
F,TTC,-0.132350892362495
G,GGG,0.602833392874399
G,GGC,0.512655570874612
H,CAC,-0.241549034602443
I,ATC,0.0271512947667545
K,AAG,-0.229554098547498
L,CTC,0.20236529238621398
L,TTG,-0.196940075582266
N,AAC,-0.236228566298882
P,CCG,0.8025166219484683
P,CCC,0.395333828294277
Q,CAG,0.311834292948246
R,AGG,0.617527013563116
R,CGG,-0.04836578758557597
R,CGC,0.572946987636884
S,TCG,0.01999108543992001
S,TCC,0.126185520881911
T,ACG,0.18652411672075597
T,ACC,0.0684978150464594
V,GTG,-0.09924070636630095
V,GTC,0.0491250181016823
Y,TAC,-0.244881090197961
Z,AGC,0.0376034676486478
