AA,Codon,Mean
A,GCG,1.3556003912468761
A,GCC,0.0804464733478924
C,TGC,-0.0252742819134004
D,GAC,0.304697148499886
E,GAG,0.234916309689482
F,TTC,0.263926444461942
G,GGG,0.37873480025433
G,GGC,-0.36676325767835
H,CAC,0.465417658237616
I,ATC,0.172488137917717
K,AAG,0.193431743970513
L,CTC,0.07420095924933741
L,TTG,-0.652250117321809
N,AAC,0.391228034472466
P,CCG,0.29799087338298597
P,CCC,0.0562852160162603
Q,CAG,-0.0555525429766004
R,AGG,0.190732022633155
R,CGG,0.004702132374047985
R,CGC,-0.308953921882312
S,TCG,0.2828511273458605
S,TCC,0.119068918136259
T,ACG,0.4515614095124104
T,ACC,0.126601037296156
V,GTG,-0.956908307011922
V,GTC,0.256326707442601
Y,TAC,0.102863344709078
Z,AGC,0.0462721327077093
