AA,Codon,Mean
A,GCG,1.005576863176624
A,GCC,-0.346041729152203
C,TGC,0.0592457248506849
D,GAC,-0.0424960725218058
E,GAG,-0.151658638937771
F,TTC,0.143102234066029
G,GGG,0.36173433234114427
G,GGC,-0.573568987496694
H,CAC,0.116906783450147
I,ATC,0.0177442629435634
K,AAG,-0.205227975504597
L,CTC,-0.050349928341310024
L,TTG,-1.09355562134584
N,AAC,0.0239864637211427
P,CCG,0.016407194986194612
P,CCC,-0.279932180047035
Q,CAG,-0.498685155445337
R,AGG,0.2669233771245547
R,CGG,-0.497040273214132
R,CGC,-0.380997668194771
S,TCG,-0.260571171771735
S,TCC,-0.267699351984262
T,ACG,-0.005064526748656983
T,ACC,-0.264510015541315
V,GTG,-1.367718549543623
V,GTC,0.140864548065762
Y,TAC,-0.202554515564442
Z,AGC,-0.0691610942965994
