AA,Codon,Mean
A,GCG,-0.06473979304234201
A,GCC,0.0362006035440912
C,TGC,0.158768186758459
D,GAC,-0.180637066062291
E,GAG,-0.13083499960949
F,TTC,-0.262885422834754
G,GGG,0.38868337942759
G,GGC,0.364898357663552
H,CAC,-0.36857250706156103
I,ATC,-0.0154150941440709
K,AAG,-0.34446738999486
L,CTC,0.054520345469316
L,TTG,-0.371765153016647
N,AAC,-0.341928112067779
P,CCG,0.856705660220484
P,CCC,0.262834308349093
Q,CAG,-0.161358326685429
R,AGG,0.600526052607099
R,CGG,-0.30820587042966996
R,CGC,0.554841305104891
S,TCG,-0.169838375413418
S,TCC,0.0299500322297836
T,ACG,0.07334547872742003
T,ACC,-0.0434434990974143
V,GTG,-0.26918319787383094
V,GTC,-0.0126874735769962
Y,TAC,-0.3280607744356
Z,AGC,-0.0468251970628265
