AA,Codon,Mean
A,GCG,0.811822305763265
A,GCC,-0.0857666457382341
C,TGC,-0.161235617563377
D,GAC,-0.311572849861781
E,GAG,-0.42714179289937
F,TTC,-0.0269396078488951
G,GGG,-0.01867994182010499
G,GGC,-0.639068447649479
H,CAC,-0.29937280044655
I,ATC,-0.211091721478105
K,AAG,-0.38385215455691
L,CTC,0.003162257192531992
L,TTG,-1.54385669879913
N,AAC,-0.434677176411947
P,CCG,0.06368086338490199
P,CCC,-0.034690863093596
Q,CAG,-0.505199156045914
R,AGG,0.467829572828611
R,CGG,0.07112863615478102
R,CGC,-0.177365145919224
S,TCG,-0.48191345624488996
S,TCC,0.0213203731509857
T,ACG,-0.09872667078574504
T,ACC,-0.267946769454082
V,GTG,-1.4798884093483289
V,GTC,0.0394919837640387
Y,TAC,-0.734914984714985
Z,AGC,-0.47757609029611
