AA,Codon,Mean
A,GCG,1.186472668035825
A,GCC,0.382777377627293
C,TGC,-0.0113683756832886
D,GAC,0.285021266851823
E,GAG,-0.0196030903718442
F,TTC,0.164088862805565
G,GGG,0.40934387257695204
G,GGC,-0.146038899197181
H,CAC,0.406425910649697
I,ATC,0.063583661841477
K,AAG,-0.0272631071592633
L,CTC,0.2606201836947788
L,TTG,-0.748372603332996
N,AAC,0.235531990815202
P,CCG,0.3491901678763508
P,CCC,0.349351572320859
Q,CAG,0.175888273492455
R,AGG,0.395003445454438
R,CGG,0.720429215156039
R,CGC,0.0674459449154043
S,TCG,0.331974096776545
S,TCC,0.318768215998014
T,ACG,0.4045904078453775
T,ACC,0.256506420661012
V,GTG,-0.74213638463219
V,GTC,0.275623738486568
Y,TAC,-0.123147456367811
Z,AGC,-0.0823327539334694
