AA,Codon,Mean
A,GCG,0.457390244148175
A,GCC,0.0527231132778029
C,TGC,-0.274868356903394
D,GAC,0.366604923419158
E,GAG,-0.103996772851547
F,TTC,0.337680477531751
G,GGG,0.1504975570852077
G,GGC,-0.136785078515609
H,CAC,0.0683477601634338
I,ATC,0.197045491830508
K,AAG,0.296849385319153
L,CTG,-0.22226080222978192
L,CTC,-0.31854457193871943
L,TTG,-0.383069676156839
N,AAC,0.182400775450468
P,CCG,0.47991888852268405
P,CCC,0.0602662864596893
Q,CAG,0.0448599950967803
R,AGG,0.242580666031844
R,CGG,0.06205176317872
R,CGC,-0.273787704282006
S,TCG,0.1905186511206129
S,TCC,0.320792386196057
T,ACG,0.4358738260495164
T,ACC,0.11725107575953
V,GTG,-0.362381748204181
V,GTC,0.228259187632799
Y,TAC,0.026670272533894
Z,AGC,-0.134652805891136
