AA,Codon,Mean
A,GCG,-0.10626187607050008
A,GCC,-0.0340859595792989
C,TGC,-0.293612788941463
D,GAC,-0.306562696750959
E,GAG,-0.428050828985373
F,TTC,-0.22620366734763
G,GGG,0.3922826763033881
G,GGC,0.164839309673508
H,CAC,-0.798321765180429
I,ATC,-0.112910469897091
K,AAG,-0.59232189699014
L,CTG,-0.882213566948966
L,CTC,-0.0370631818032494
L,TTG,-1.13881142280102
N,AAC,-0.58873734809955
P,CCG,-0.384143015770116
P,CCC,-0.0852941704303026
Q,CAG,-0.498986013434331
R,AGG,0.5524603991230319
R,CGG,-1.1398400088906309
R,CGC,0.138860854896406
S,TCG,-0.385071651345491
S,TCC,-0.00777838439160581
T,ACG,0.01868982889652193
T,ACC,-0.0444794004863749
V,GTG,-0.27726420566836996
V,GTC,-0.0850248352681597
Y,TAC,-0.602733422160149
Z,AGC,-0.342035241605838
