AA,Codon,Mean
A,GCG,-1.02547889551421
A,GCC,-0.511383394283056
C,TGC,-0.553531666751703
D,GAC,-1.02580335177183
E,GAG,-1.08429906557401
F,TTC,-0.779248094348113
G,GGG,-0.7597954114200547
G,GGC,-0.710429632012049
H,CAC,-1.36769090391
I,ATC,-0.821114329504967
K,AAG,-0.93481143314441
L,CTG,-0.897003067260489
L,CTC,-1.0715714693638194
L,TTG,-0.684380021043619
N,AAC,-1.09933692399661
P,CCG,-0.7438904969661818
P,CCC,-0.752860900449753
Q,CAG,-1.19745585136414
R,AGG,-0.39985642412152356
R,CGG,-0.6937507911049757
R,CGC,-0.55309661967953
S,TCG,-1.281183299007018
S,TCC,-0.58613741919597
T,ACG,-0.9195786971010266
T,ACC,-0.712439110779762
V,GTG,-0.99032134616822
V,GTC,-0.671133922533194
Y,TAC,-1.15687181640466
Z,AGC,-0.800937119714419
