AA,Codon,Mean
A,GCG,1.7498320320288343
A,GCC,0.91394744480451
C,TGC,1.06854644085169
D,GAC,0.854932261951764
E,GAG,0.483051678005854
F,TTC,0.0216057758231483
G,GGG,1.273376418228945
G,GGC,1.41804215672016
H,CAC,0.825743843841553
I,ATC,0.479136514884233
K,AAG,0.234313501778245
L,CTG,-0.04814501802921001
L,CTC,0.751096384414041
L,TTG,-0.460108087456226
N,AAC,0.362044656866789
P,CCG,1.942238951635363
P,CCC,1.39873182214101
Q,CAG,0.638689077174663
R,AGG,1.694722255126635
R,CGG,0.7297936522483799
R,CGC,1.3473909946839
S,TCG,1.421704845157261
S,TCC,0.841258814644814
T,ACG,1.468916678005303
T,ACC,0.820388630032539
V,GTG,-0.09376848611037003
V,GTC,0.821969207974275
Y,TAC,0.43140713857611
Z,AGC,0.870986693358421
