AA,Codon,Mean
A,GCG,1.31652800459067
A,GCC,0.606387509655952
C,TGC,0.517454329077403
D,GAC,0.851261924250921
E,GAG,0.68769002401034
F,TTC,0.845227131231626
G,GGG,0.8850966256801733
G,GGC,0.768506265628338
H,CAC,0.836245728468895
I,ATC,0.815962963493665
K,AAG,0.7563427019159
L,CTG,0.48854424607356706
L,CTC,0.860849186229708
L,TTG,0.0843152484829227
N,AAC,0.721419746124744
P,CCG,1.258804914120833
P,CCC,0.879254740269979
Q,CAG,0.557243456359704
R,AGG,0.6463887242595381
R,CGG,1.0281789337108531
R,CGC,0.984193613847097
S,TCG,1.159935833400488
S,TCC,0.811750690599283
T,ACG,1.206723388189078
T,ACC,0.668753875565529
V,GTG,0.018637862459818022
V,GTC,1.07145121468703
Y,TAC,0.636708797784646
Z,AGC,0.579669959449768
