AA,Codon,Mean
A,GCG,-0.07321947923302702
A,GCC,0.0384788761377335
C,TGC,0.279761931594213
D,GAC,-0.27526926296254
E,GAG,0.220365064895153
F,TTC,-0.42609133315285
G,GGG,0.01671416434446993
G,GGC,0.404429631404082
H,CAC,-0.502428512251377
I,ATC,-0.182335250602166
K,AAG,-0.670653304012616
L,CTG,-0.18207030826409604
L,CTC,-0.0328137973234235
L,TTG,-0.284734946893652
N,AAC,-0.554106546215216
P,CCG,0.545058677510917
P,CCC,0.771881728164355
Q,CAG,0.23248840585053
R,AGG,0.758547320930163
R,CGG,-0.5686821493029601
R,CGC,0.388706397932768
S,TCG,-0.038160876659552034
S,TCC,-0.139800181829929
T,ACG,-0.08853907241423997
T,ACC,-0.154410332494974
V,GTG,-0.667718536733588
V,GTC,-0.126850113054613
Y,TAC,-0.571027821171284
Z,AGC,-0.174196799175938
