AA,Codon,Mean
A,GCG,0.641865182246762
A,GCC,-0.488791233728329
C,TGC,-0.763394548328718
D,GAC,-0.375026212571065
E,GAG,-0.347189604123433
F,TTC,-0.169528945100307
G,GGG,0.06290702601770501
G,GGC,-0.823406596191724
H,CAC,-0.288228967129191
I,ATC,-0.205634950759014
K,AAG,-0.446750096291304
L,CTC,-0.412250053651134
L,TTG,-1.20649477802912
N,AAC,-0.237584558133284
P,CCG,-0.18206720715860503
P,CCC,-0.335252897665898
Q,CAG,-0.418350115348895
R,AGG,-0.1301634161976854
R,CGG,-0.48042279802759497
R,CGC,-1.20594583504995
S,TCG,-0.221577812788883
S,TCC,-0.346947167398532
T,ACG,-0.12189408665398704
T,ACC,-0.474541616566976
V,GTG,-1.337396419678132
V,GTC,-0.150609698292116
Y,TAC,-0.585612463700771
Z,AGC,-0.674911215949059
