AA,Codon,Mean
A,GCG,-0.08497488627831096
A,GCC,0.229056674016515
C,TGC,0.198810035090645
D,GAC,-0.104436634495854
E,GAG,-0.162123581041892
F,TTC,-0.159078123155236
G,GGG,0.692149908328057
G,GGC,0.526548284854492
H,CAC,-0.284823891049623
I,ATC,0.106207716116806
K,AAG,-0.439230739913384
L,CTC,0.14746146890322298
L,TTG,-0.400350881040096
N,AAC,-0.247326385747393
P,CCG,0.09245285075505594
P,CCC,0.116384031888346
Q,CAG,-0.138400235531231
R,AGG,0.895579980191589
R,CGG,-0.3079344110409399
R,CGC,0.57754501161178
S,TCG,-0.06743817136883701
S,TCC,0.181878302894036
T,ACG,0.08012635637919097
T,ACC,0.134163483573496
V,GTG,-0.19370324446161602
V,GTC,0.129835480562349
Y,TAC,-0.224975134752194
Z,AGC,0.138248561630646
