AA,Codon,Mean
A,GCG,-0.14272244875430995
A,GCC,-1.70173022627036
C,TGC,-1.75479408383369
D,GAC,-1.65970564812024
E,GAG,-1.59210901954969
F,TTC,-0.323423989232381
G,GGG,-1.1267672637406632
G,GGC,-2.13401849781672
H,CAC,-1.55639231673876
I,ATC,-1.06634800819556
K,AAG,-1.55763179411093
L,CTC,-1.2793439743916188
L,TTG,-2.66872451688449
N,AAC,-1.38061353017489
P,CCG,-1.5228226171900832
P,CCC,-1.45566996640364
Q,CAG,-1.79967333552043
R,AGG,-0.501108630176385
R,CGG,-1.730734964785817
R,CGC,-2.35517895862261
S,TCG,-1.6888907937433193
S,TCC,-1.37722998551528
T,ACG,-1.391774730442966
T,ACC,-1.77092229010264
V,GTG,-2.7995426995570507
V,GTC,-1.15224880530834
Y,TAC,-1.79122427650293
Z,AGC,-1.91664762936433
