AA,Codon,Mean
A,GCG,0.23975603527426703
A,GCC,0.134092171727121
C,TGC,0.546559698981047
D,GAC,8.6704357211742e-4
E,GAG,0.449212458554904
F,TTC,-0.217558260582884
G,GGG,0.30095886845986397
G,GGC,0.635697668186823
H,CAC,-0.185628077419599
I,ATC,0.00106961430566346
K,AAG,-0.358568818296989
L,CTG,0.09584843668540305
L,CTC,0.1793180978453467
L,TTG,-0.0588914245481292
N,AAC,-0.200508252806465
P,CCG,0.8842272449721891
P,CCC,1.05891013680299
Q,CAG,0.553070894676447
R,AGG,0.82853764654696
R,CGG,0.06278924768766014
R,CGC,0.84815827370882
S,TCG,0.41608412737647704
S,TCC,-0.00589932021156054
T,ACG,0.335146984098355
T,ACC,-0.0182776725872934
V,GTG,-0.23153795507351604
V,GTC,-0.00365445931782506
Y,TAC,-0.239952579654257
Z,AGC,0.14805374189217901
