AA,Codon,Mean
A,GCG,0.888598876001438
A,GCC,0.31083641743958
C,TGC,0.121784998934061
D,GAC,0.245275641461213
E,GAG,0.222497739765048
F,TTC,0.545511801854769
G,GGG,0.46506305552174604
G,GGC,0.43920988578597697
H,CAC,0.271195335114002
I,ATC,0.429702438722054
K,AAG,0.18130708557864
L,CTG,0.132623484669129
L,CTC,0.493852527177334
L,TTG,-0.312282064630588
N,AAC,0.0719138794289281
P,CCG,0.819172020819783
P,CCC,0.50662519612511
Q,CAG,-0.0413011804102867
R,AGG,0.49543824748198695
R,CGG,0.44717265208065504
R,CGC,0.482698819589615
S,TCG,0.506269939392805
S,TCC,0.544558172784249
T,ACG,0.663117290237546
T,ACC,0.373968942858775
V,GTG,-0.6522138039550871
V,GTC,0.791880382796129
Y,TAC,0.0850679677814245
Z,AGC,0.156500073049963
