AA,Codon,Mean
A,GCG,1.3556745199481601
A,GCC,0.727312113889058
C,TGC,0.472343438448509
D,GAC,0.919192809899648
E,GAG,0.652653959862391
F,TTC,0.879157510153453
G,GGG,0.7732960757635101
G,GGC,0.758059101176262
H,CAC,0.886587629103661
I,ATC,0.880223040688038
K,AAG,0.699958526476224
L,CTG,0.497031753442685
L,CTC,0.934488515826069
L,TTG,0.139802310609818
N,AAC,0.755180530226231
P,CCG,1.118062164499363
P,CCC,0.701383594210943
Q,CAG,0.45678121445775
R,AGG,0.5484484096248909
R,CGG,0.94457604813377
R,CGC,0.899828292882442
S,TCG,1.100698678479592
S,TCC,0.859344379174709
T,ACG,1.1308300855398181
T,ACC,0.771235516997178
V,GTG,0.05439025505383799
V,GTC,1.16258012492657
Y,TAC,0.676786739889781
Z,AGC,0.595863659286499
