AA,Codon,Mean
A,GCG,1.423340484155714
A,GCC,0.760702113310496
C,TGC,0.370794026301304
D,GAC,0.89530755581061106
E,GAG,0.757090576032798
F,TTC,0.286335728283723
G,GGG,1.08428713448445
G,GGC,0.36078937385877
H,CAC,0.935819929059347
I,ATC,0.733084842729569
K,AAG,0.537064089077711
L,CTG,0.5122935712441801
L,CTC,0.5938061352671439
L,TTG,0.095425204002119
N,AAC,0.90392464517355
P,CCG,0.9547720932647802
P,CCC,0.990581345796585
Q,CAG,0.565244033777714
R,AGG,0.37365837602218
R,CGG,0.437901410138111
R,CGC,0.479415291241805
S,TCG,1.017494469082852
S,TCC,0.887568145775795
T,ACG,1.185424328883987
T,ACC,0.959473324271043
V,GTG,0.48858021356264797
V,GTC,0.708871117711067
Y,TAC,0.822061349240939
Z,AGC,0.370742174395919
