AA,Codon,Mean
A,GCG,-1.757386287103101
A,GCC,-1.04977087377707
C,TGC,-1.08513972454468
D,GAC,-1.41817245935599
E,GAG,-1.60327371178468
F,TTC,-0.479143161433935
G,GGG,-1.3651407922665302
G,GGC,-0.95814654036363
H,CAC,-1.37306953941981
I,ATC,-0.462963161142667
K,AAG,-1.80360484855175
L,CTG,-1.9482899428049771
L,CTC,-1.038686993952093
L,TTG,-1.99474008708795
N,AAC,-1.37237993506591
P,CCG,-0.8451643459121381
P,CCC,-0.940361547342936
Q,CAG,-1.75511952125231
R,AGG,-0.30950990985234594
R,CGG,-0.365863725972175
R,CGC,-1.01131638314724
S,TCG,-2.03879083234469
S,TCC,-0.799334263277054
T,ACG,-1.8061388987342513
T,ACC,-1.07749269711574
V,GTG,-1.526998345474407
V,GTC,-0.926417785469691
Y,TAC,-1.44645968916416
Z,AGC,-1.22838080378373
