AA,Codon,Mean
A,GCG,0.3898157445907591
A,GCC,0.0720776676036417
C,TGC,0.538184405386448
D,GAC,0.00523710553833777
E,GAG,0.704758531018098
F,TTC,-0.203486366373301
G,GGG,-0.29536040326754204
G,GGC,0.774524346530437
H,CAC,-0.146347199808061
I,ATC,-0.032235418887126
K,AAG,0.31703627700607
L,CTG,0.44200237733721703
L,CTC,1.4031294991016403
L,TTG,-0.338543326963981
N,AAC,-0.282356025523941
P,CCG,0.882723529920975
P,CCC,1.09409151212374
Q,CAG,0.684266778345903
R,AGG,1.258908974075317
R,CGG,-1.4794354604403102
R,CGC,1.04448257848819
S,TCG,-0.06253960846662499
S,TCC,-5.5129568423208e-4
T,ACG,0.304973264197508
T,ACC,-0.0310554707094406
V,GTG,-0.34473603670597
V,GTC,0.00343202735981706
Y,TAC,-0.213593527705471
Z,AGC,0.223287976873914
