AA,Codon,Mean
A,GCG,0.98062415241003
A,GCC,0.411895850817362
C,TGC,-0.0521707191378488
D,GAC,0.284101458772024
E,GAG,0.435987205203374
F,TTC,0.982457117525737
G,GGG,0.434324104422331
G,GGC,0.209235842779279
H,CAC,0.228653540735443
I,ATC,0.538256704179446
K,AAG,0.817389841572444
L,CTG,-0.22349601117770002
L,CTC,0.74089601347844
L,TTG,-0.903713260483742
N,AAC,0.0454604634633909
P,CCG,0.745144874771436
P,CCC,0.39073362116615
Q,CAG,0.469321988274654
R,AGG,0.85275251833995
R,CGG,0.16872824282248802
R,CGC,-0.00514689653728419
S,TCG,0.7177635074655219
S,TCC,0.572290939617157
T,ACG,0.837141137411198
T,ACC,0.313160580041011
V,GTG,-0.6837068975341818
V,GTC,1.01832399600347
Y,TAC,-0.0769350933268666
Z,AGC,0.0487886493965673
