AA,Codon,Mean
A,GCG,1.334260420890649
A,GCC,0.18877235977153
C,TGC,0.247753949806094
D,GAC,0.28674988087217
E,GAG,0.142987395609915
F,TTC,0.0287455927970897
G,GGG,0.8814854899346829
G,GGC,0.00413670653905715
H,CAC,0.462488646016518
I,ATC,0.175290555761258
K,AAG,-0.0753746480467419
L,CTC,0.18970634319186197
L,TTG,-0.839707430052757
N,AAC,0.270176594100396
P,CCG,0.5480588997974366
P,CCC,0.309670484790206
Q,CAG,0.0141237180900068
R,AGG,0.5758955648798494
R,CGG,0.5356156174831529
R,CGC,0.159525702738265
S,TCG,0.2319504463319976
S,TCC,0.225066207665205
T,ACG,0.506832316905261
T,ACC,0.204960500449936
V,GTG,-0.8007704928159709
V,GTC,0.415879491986831
Y,TAC,-0.00531276262932559
Z,AGC,0.192737738958995
