AA,Codon,Mean
A,GCG,0.17419508121411004
A,GCC,0.060184966344883
C,TGC,0.142680032072465
D,GAC,-0.152141154141227
E,GAG,-0.230087442418933
F,TTC,-0.232601100064317
G,GGG,0.5716574918707209
G,GGC,0.250993128288786
H,CAC,-0.360360352736712
I,ATC,-0.0551669054940343
K,AAG,-0.410556581946214
L,CTC,0.028505925083160966
L,TTG,-0.421269484754403
N,AAC,-0.399263858002424
P,CCG,0.6990313999076689
P,CCC,0.283722480861346
Q,CAG,-0.172395672131578
R,AGG,0.770037082985044
R,CGG,-0.5361701130072238
R,CGC,0.378200333255529
S,TCG,-0.223235313983759
S,TCC,0.0189365298065667
T,ACG,-0.018086560535431007
T,ACC,-0.0610464744158089
V,GTG,-0.295947556589047
V,GTC,-0.0311630884361143
Y,TAC,-0.364983492326736
Z,AGC,-0.0854485174770157
