AA,Codon,Mean
A,GCG,1.4172496492566569
A,GCC,0.110620691432556
C,TGC,0.599710006684065
D,GAC,-0.161497810957332
E,GAG,-0.318960316946109
F,TTC,-0.354728327673674
G,GGG,1.828925077498647
G,GGC,0.470588718207677
H,CAC,-0.19818247230947
I,ATC,0.036096043524603
K,AAG,-0.803781218961875
L,CTC,0.24130580452283001
L,TTG,-1.65947900319099
N,AAC,-0.489855053035418
P,CCG,1.497409686136002
P,CCC,0.636753399503231
Q,CAG,-0.42310495590965
R,AGG,1.856631273162365
R,CGG,-0.20478761335214002
R,CGC,0.968387885721525
S,TCG,-0.339671273915967
S,TCC,0.125276937017341
T,ACG,0.34267267272273794
T,ACC,-0.0203435702751694
V,GTG,-1.420766974782946
V,GTC,0.313621161514521
Y,TAC,-0.597981971494357
Z,AGC,0.149330999267846
