AA,Codon,Mean
A,GCG,0.16297554504169498
A,GCC,1.09061097478469
C,TGC,-0.134779195324828
D,GAC,1.18579053292672
E,GAG,1.16137566912969
F,TTC,1.43251681716045
G,GGG,0.889190381020307
G,GGC,0.596908795223633
H,CAC,1.04311631159782
I,ATC,1.94235928883553
K,AAG,0.970145779029528
L,CTG,0.2173166923243434
L,CTC,1.256604695512508
L,TTG,0.202428793509671
N,AAC,0.903606034111977
P,CCG,1.067879803572717
P,CCC,2.05680570876598
Q,CAG,1.01969012506008
R,AGG,1.931645232399303
R,CGG,1.0064937013741249
R,CGC,0.728248014727235
S,TCG,1.392352591025829
S,TCC,1.51070818986893
T,ACG,0.707194777954122
T,ACC,1.27421569055716
V,GTG,-0.14976250487168996
V,GTC,1.64819978940487
Y,TAC,0.644172775067886
Z,AGC,0.932695352673531
