AA,Codon,Mean
A,GCG,0.70070624204874
A,GCC,0.18850107135127
C,TGC,0.185460583774745
D,GAC,0.434174047591289
E,GAG,0.609748090207577
F,TTC,-0.516393125194311
G,GGG,0.9316031823039099
G,GGC,0.638537487177054
H,CAC,0.0792138312062228
I,ATC,-0.0393018757842223
K,AAG,0.005630976953874
L,CTG,0.7916439703981049
L,CTC,0.10253430011669806
L,TTG,0.450642252731323
N,AAC,0.161598878178497
P,CCG,1.0574584247033703
P,CCC,0.401489386894306
Q,CAG,0.892578917745749
R,AGG,0.8424357114156129
R,CGG,0.5602925555467602
R,CGC,0.572850519774358
S,TCG,0.6786241975409291
S,TCC,0.130994057466586
T,ACG,0.700131990013519
T,ACC,0.228949208670855
V,GTG,0.9381459581454581
V,GTC,0.138268018474181
Y,TAC,0.29530457867682
Z,AGC,0.191161130056282
