AA,Codon,Mean
A,GCG,0.942999781731765
A,GCC,1.42733477331003
C,TGC,0.886997817957401
D,GAC,1.06951997572581
E,GAG,0.917014920035998
F,TTC,1.99951040593783
G,GGG,0.6355517196809833
G,GGC,0.722990586654345
H,CAC,1.44126478199959
I,ATC,1.76198880116145
K,AAG,1.40327760233879
L,CTG,0.5610269885976444
L,CTC,1.6438931574443938
L,TTG,0.792814354054133
N,AAC,1.24339309454759
P,CCG,0.7312505824377143
P,CCC,1.33947878192266
Q,CAG,0.755188899334272
R,AGG,0.812765324854853
R,CGG,0.754269678202868
R,CGC,0.749796555018425
S,TCG,0.9010209167467537
S,TCC,1.45855612930457
T,ACG,0.928324596952399
T,ACC,1.28644097063541
V,GTG,0.22901761541167903
V,GTC,1.5832393806378
Y,TAC,1.08797096734842
Z,AGC,0.86712726662159
