AA,Codon,Mean
A,GCG,1.6779771069779992
A,GCC,1.00938827060064
C,TGC,0.474215629353126
D,GAC,0.851811613778273
E,GAG,0.763514048155149
F,TTC,0.200703369283676
G,GGG,1.6242378121395054
G,GGC,0.933665571856499
H,CAC,0.737483262956142
I,ATC,0.646811708172162
K,AAG,0.44870282017986
L,CTC,0.756653492143751
L,TTG,-0.197631278614451
N,AAC,0.693467174621423
P,CCG,1.649895569465217
P,CCC,1.05406779920657
Q,CAG,0.994223776467641
R,AGG,1.0457058179549499
R,CGG,0.71503252962331
R,CGC,0.809107084691524
S,TCG,1.0421654415872406
S,TCC,0.827465167387327
T,ACG,1.094680926706392
T,ACC,0.967360543274879
V,GTG,-0.2744439879337939
V,GTC,0.77954866631031
Y,TAC,0.458118985998631
Z,AGC,0.462885373506943
