AA,Codon,Mean
A,GCG,-1.5521496832211799
A,GCC,-2.24119724998474
C,TGC,-1.67667714878718
D,GAC,-2.58260347533226
E,GAG,-2.20767116767565
F,TTC,-1.13775290765762
G,GGG,-1.7833791780231285
G,GGC,-2.44370652972857
H,CAC,-2.2496822936058
I,ATC,-1.77812535237471
K,AAG,-1.98809882375399
L,CTC,-1.907397613030668
L,TTG,-2.94191881534259
N,AAC,-2.62592881590525
P,CCG,-2.409241986338127
P,CCC,-2.13659571765264
Q,CAG,-2.34050863733292
R,AGG,-0.7819140867253149
R,CGG,-2.118228854049244
R,CGC,-2.03791036368211
S,TCG,-2.966070390641689
S,TCC,-1.91872961142858
T,ACG,-1.9382023875673562
T,ACC,-2.54187688875198
V,GTG,-2.6990296894540418
V,GTC,-1.64421696878274
Y,TAC,-2.5326880566438
Z,AGC,-2.18346323933601
