AA,Codon,Mean
A,GCG,0.08499391216039698
A,GCC,0.0152053035308653
C,TGC,0.360139264798164
D,GAC,-0.0251409015886951
E,GAG,0.280853984030088
F,TTC,-0.135787364262839
G,GGG,0.08373584336638507
G,GGC,0.272507391988238
H,CAC,-0.0938328313241402
I,ATC,-0.0547347328454256
K,AAG,0.0450812926000605
L,CTG,0.303453348765771
L,CTC,0.126313619035483
L,TTG,0.0309688240505755
N,AAC,-0.181300206238031
P,CCG,0.39472861174990803
P,CCC,0.481183118255933
Q,CAG,0.288810747186343
R,AGG,0.6103578232924138
R,CGG,0.256021457688014
R,CGC,0.260902672488491
S,TCG,0.17233842269380897
S,TCC,0.0258121964355931
T,ACG,0.16485490088065502
T,ACC,-0.0385291953933736
V,GTG,-0.149050320094824
V,GTC,-0.0116245101594953
Y,TAC,-0.155060959401727
Z,AGC,0.0625458799244312
