AA,Codon,Mean
A,GCG,1.3466123073584066
A,GCC,1.21722945159276
C,TGC,0.436165323785941
D,GAC,1.20965156277021
E,GAG,0.4049245791773
F,TTC,0.409562309193611
G,GGG,0.6566373089641331
G,GGC,0.677036043540637
H,CAC,1.140165254577
I,ATC,0.58649750991265
K,AAG,0.42231142397522897
L,CTG,0.26737595574657197
L,CTC,0.525775204326706
L,TTG,-0.0109694885598512
N,AAC,0.918634942654769
P,CCG,1.3042736606878569
P,CCC,0.789472376318773
Q,CAG,0.480865573519468
R,AGG,0.8679471555034269
R,CGG,0.725244893403848
R,CGC,0.788338311008612
S,TCG,1.0465443422948328
S,TCC,0.829887182807922
T,ACG,1.1283963551635565
T,ACC,0.974965578643481
V,GTG,0.12529217328826503
V,GTC,1.01755224966605
Y,TAC,0.919471849985917
Z,AGC,0.548378173621496
