AA,Codon,Mean
A,GCG,1.433054608235756
A,GCC,1.33879704091549
C,TGC,0.860803806503614
D,GAC,1.20523848832448
E,GAG,0.701640288654963
F,TTC,0.286793159036835
G,GGG,0.674852749735114
G,GGC,1.22805162212849
H,CAC,1.1761508166949
I,ATC,0.6065489858826
K,AAG,0.436997427886724
L,CTG,0.5615710933287891
L,CTC,0.7572790492018069
L,TTG,-0.00580221661303294
N,AAC,0.7607352095445
P,CCG,1.870397914314271
P,CCC,1.46463263478279
Q,CAG,0.792556070319811
R,AGG,1.61726373914132
R,CGG,0.9189147624810499
R,CGC,1.46503994822502
S,TCG,1.1549615608801471
S,TCC,0.928710777521133
T,ACG,1.309327897471191
T,ACC,1.02859776271582
V,GTG,-0.13135155122280984
V,GTC,1.04482451287111
Y,TAC,0.773240832535426
Z,AGC,0.837956096871694
