AA,Codon,Mean
A,GCG,0.6785749080640573
A,GCC,0.758972183819612
C,TGC,0.237386214610934
D,GAC,0.758472497590383
E,GAG,0.408369838221868
F,TTC,0.644262412973245
G,GGG,0.442974494027346
G,GGC,0.460099763393402
H,CAC,0.83524378486077
I,ATC,0.860372069124381
K,AAG,0.168419843917092
L,CTG,0.17251921418110502
L,CTC,0.856688993672033
L,TTG,0.177378493674596
N,AAC,0.637080041019122
P,CCG,0.5827214233197469
P,CCC,0.801648113159339
Q,CAG,0.0171697499328687
R,AGG,0.06713983892599806
R,CGG,0.2223887225949027
R,CGC,0.392673220312595
S,TCG,0.5634264428412327
S,TCC,0.725687018589179
T,ACG,0.6164810662845754
T,ACC,0.711894612125556
V,GTG,0.175458606676261
V,GTC,0.998509661722183
Y,TAC,0.443728035515547
Z,AGC,0.380539854355653
