AA,Codon,Mean
A,GCG,0.15445372045536804
A,GCC,0.0633342065905531
C,TGC,0.281154014084737
D,GAC,-0.161667727376024
E,GAG,0.0352994163390249
F,TTC,-0.255022192346056
G,GGG,0.209379773722092
G,GGC,0.325847583649556
H,CAC,-0.281233293365439
I,ATC,-0.094213729638358
K,AAG,-0.296324711767832
L,CTG,0.372378087696433
L,CTC,-0.03878829308350901
L,TTG,-0.288452709331115
N,AAC,-0.313798041303953
P,CCG,0.7353568142056459
P,CCC,0.280912124267221
Q,CAG,0.253506254612406
R,AGG,0.44050875356992103
R,CGG,-0.508260640410584
R,CGC,0.352589578131835
S,TCG,0.09920709291199803
S,TCC,-0.0216134001854671
T,ACG,0.08915703148245802
T,ACC,-0.0609751695064207
V,GTG,-0.18798279239436
V,GTC,-0.0420538812038799
Y,TAC,-0.284291435026129
Z,AGC,-0.0352921300256689
