AA,Codon,Mean
A,GCG,0.8513316465993721
A,GCC,0.760260465395451
C,TGC,0.379093825590611
D,GAC,0.41319384299914
E,GAG,0.955479452470938
F,TTC,1.0450293097496
G,GGG,0.8075096827328201
G,GGC,0.0235445488611445
H,CAC,0.640064233322938
I,ATC,0.887053359552225
K,AAG,0.909950918213526
L,CTG,-0.14860459593931796
L,CTC,0.929248893763622
L,TTG,-0.283138001989325
N,AAC,0.247865104159713
P,CCG,0.931760721176863
P,CCC,1.02452744247119
Q,CAG,0.853487550413609
R,AGG,0.56249788799777
R,CGG,0.579598724813759
R,CGC,0.202427123547594
S,TCG,0.7400595771163699
S,TCC,1.10544005913734
T,ACG,0.918169530550639
T,ACC,0.636745671943823
V,GTG,-0.198669804249207
V,GTC,0.840189048882325
Y,TAC,0.19435651966234
Z,AGC,0.204907154645522
