AA,Codon,Mean
A,GCG,0.32947870598236595
A,GCC,-0.0287489404063672
C,TGC,-0.194904554995894
D,GAC,-0.159126843646169
E,GAG,-0.237828307840228
F,TTC,-0.403642751449347
G,GGG,0.9953034632960931
G,GGC,0.239186770764987
H,CAC,-0.544956860355536
I,ATC,-0.125801223090291
K,AAG,-0.872540344548225
L,CTG,-0.7250911671598701
L,CTC,-0.07261360377570003
L,TTG,-0.658633674355348
N,AAC,-0.48509844878912
P,CCG,0.7553976463834471
P,CCC,-0.0985115135674675
Q,CAG,-0.392805850021044
R,AGG,1.4195142554750089
R,CGG,0.8333605729937569
R,CGC,0.241999426655968
S,TCG,-0.04975849851369896
S,TCC,-0.0643238446228206
T,ACG,0.3363801058928191
T,ACC,-0.0711311589794854
V,GTG,-0.2910790703972219
V,GTC,-0.137122682416439
Y,TAC,-0.49068845517238
Z,AGC,-0.221530282613635
