AA,Codon,Mean
A,GCG,0.8501385890080286
A,GCC,0.881685089313984
C,TGC,0.350319870583216
D,GAC,0.480147056472301
E,GAG,0.955277222621441
F,TTC,1.14379191477299
G,GGG,0.729759544258317
G,GGC,0.00678776181678071
H,CAC,0.747839078740279
I,ATC,0.795865876825651
K,AAG,1.02615658224026
L,CTG,0.031645791439215976
L,CTC,0.887388287852206
L,TTG,-0.174928830812375
N,AAC,0.381229503593842
P,CCG,0.953009142185251
P,CCC,1.16689120217164
Q,CAG,0.861552413757642
R,AGG,0.4317570084967536
R,CGG,0.429315026062727
R,CGC,0.177972714408735
S,TCG,0.860150151774692
S,TCC,1.15774191104571
T,ACG,0.9615374406204868
T,ACC,0.713789028608799
V,GTG,-0.06645321920712804
V,GTC,0.875202693370978
Y,TAC,0.355380554163456
Z,AGC,0.175799824926257
