AA,Codon,Mean
A,GCG,0.44534248188733605
A,GCC,0.162512427403529
C,TGC,1.05207624280453
D,GAC,0.0607858737333367
E,GAG,1.0793576105992
F,TTC,-0.446961047657331
G,GGG,0.3335875590244899
G,GGC,0.945334612409274
H,CAC,-0.238839647554358
I,ATC,-0.0242563465914369
K,AAG,0.419094783316056
L,CTG,0.834126542363562
L,CTC,0.528137692133586
L,TTG,0.557297046581904
N,AAC,-0.546129866790771
P,CCG,1.013860967532794
P,CCC,1.25314264907042
Q,CAG,1.19201863881747
R,AGG,1.538000862821443
R,CGG,0.6024934215386699
R,CGC,1.15675828114748
S,TCG,0.932945650488138
S,TCC,0.192107767737905
T,ACG,0.59849972960154
T,ACC,0.0177678153409901
V,GTG,-0.14056561781565002
V,GTC,-0.00327262668063862
Y,TAC,-0.495818730203311
Z,AGC,0.267310298784574
