AA,Codon,Mean
A,GCG,1.268083371569713
A,GCC,0.723055700087547
C,TGC,0.545831943031152
D,GAC,1.2168908517917
E,GAG,-0.0561230975797836
F,TTC,0.195613604792953
G,GGG,0.42951008955722003
G,GGC,1.14702605582078
H,CAC,1.37384101025263
I,ATC,0.262538620267312
K,AAG,-0.211151347540816
L,CTG,-0.43492754340171796
L,CTC,0.29712635306914703
L,TTG,-0.600554038039843
N,AAC,0.958235676650206
P,CCG,1.3471454394261049
P,CCC,0.683941800959905
Q,CAG,-0.277360012649496
R,AGG,0.6570668984254202
R,CGG,0.367593524584362
R,CGC,0.876189623669783
S,TCG,1.021127364043891
S,TCC,0.229752641949058
T,ACG,0.7928252338524884
T,ACC,0.663858474870523
V,GTG,-0.983770534229775
V,GTC,0.662431779170036
Y,TAC,0.926567040002346
Z,AGC,1.05979101856947
