AA,Codon,Mean
A,GCG,-0.15059746385018002
A,GCC,-0.118469052607814
C,TGC,-0.0335350867802032
D,GAC,-0.332212468445301
E,GAG,-0.334289218956232
F,TTC,-0.319345806729794
G,GGG,0.34599833274483704
G,GGC,0.301986645817757
H,CAC,-0.437066464302937
I,ATC,-0.140842340233425
K,AAG,-0.713678338706493
L,CTC,-0.144498482594887
L,TTG,-0.541369496915738
N,AAC,-0.517803941347202
P,CCG,0.080548759269715
P,CCC,-0.087576412025094
Q,CAG,-0.296518594785531
R,AGG,0.7526573900608964
R,CGG,-0.9990241127411509
R,CGC,0.15875612641573
S,TCG,-0.387430864673356
S,TCC,-0.124694492991269
T,ACG,-0.16283472527861598
T,ACC,-0.162392680882414
V,GTG,-0.20141983927985102
V,GTC,-0.139114807400107
Y,TAC,-0.509354538061221
Z,AGC,-0.207303338721395
