AA,Codon,Mean
A,GCG,1.616795891185602
A,GCC,0.772326862299442
C,TGC,0.238738342265288
D,GAC,0.836671949211756
E,GAG,0.714197487616539
F,TTC,1.13152395219008
G,GGG,0.65563214251399
G,GGC,0.265016674859325
H,CAC,0.760883848329385
I,ATC,1.01121309648752
K,AAG,0.714241978140672
L,CTC,0.918192069244381
L,TTG,-0.0133630609456183
N,AAC,0.753315476564566
P,CCG,1.177332935861746
P,CCC,0.674118215338389
Q,CAG,0.630536406083902
R,AGG,0.54752523727268
R,CGG,0.72041587588191
R,CGC,0.135152893250684
S,TCG,0.991257546980182
S,TCC,0.892295819087823
T,ACG,1.3218419685641951
T,ACC,0.661787578149637
V,GTG,0.06414346207678301
V,GTC,1.2012139248689
Y,TAC,0.573485800993442
Z,AGC,0.289598554992676
