AA,Codon,Mean
A,GCG,-0.734749965674679
A,GCC,-0.510203626676401
C,TGC,-0.361655646743377
D,GAC,-0.85356104918321
E,GAG,-0.648602894242605
F,TTC,-0.717568850465616
G,GGG,-0.33130333954592495
G,GGC,-0.205922959200541
H,CAC,-0.883391601407528
I,ATC,-0.688492296536763
K,AAG,-0.823570363855362
L,CTG,-0.642834934728841
L,CTC,-0.691691926606496
L,TTG,-0.974487217489878
N,AAC,-0.934208009203275
P,CCG,-0.240657907148202
P,CCC,-0.440519779165586
Q,CAG,-0.674926234841347
R,AGG,0.31984248491327005
R,CGG,-0.844643675580273
R,CGC,-0.301216703097026
S,TCG,-0.8765665413896251
S,TCC,-0.509039291201035
T,ACG,-0.664376661311587
T,ACC,-0.581311553517977
V,GTG,-0.751770721703271
V,GTC,-0.624907648654779
Y,TAC,-0.925811653578281
Z,AGC,-0.497716653994719
