AA,Codon,Mean
A,GCG,0.8046322436173285
A,GCC,0.660377745779355
C,TGC,-0.0518752768137537
D,GAC,0.501056433876355
E,GAG,0.534846195071936
F,TTC,0.515628438858191
G,GGG,0.537336265102029
G,GGC,0.0327133480871681
H,CAC,0.518669448141257
I,ATC,0.673290982480844
K,AAG,0.481519218323628
L,CTG,0.07668535081744199
L,CTC,0.735984889439742
L,TTG,-0.0520607369727454
N,AAC,0.324646073261897
P,CCG,0.8292168906442821
P,CCC,0.729974659268061
Q,CAG,0.496545427944263
R,AGG,0.2608144459644969
R,CGG,0.443094393116484
R,CGC,-0.0442562305498069
S,TCG,0.75585288153879
S,TCC,0.730107550636927
T,ACG,0.913706865234177
T,ACC,0.632352265409629
V,GTG,0.0076806251009299276
V,GTC,0.822094996245702
Y,TAC,0.210418121753136
Z,AGC,-0.0849830108086268
