AA,Codon,Mean
A,GCG,1.811466007932027
A,GCC,1.35415688411395
C,TGC,1.04889564091762
D,GAC,1.62445021225611
E,GAG,1.2425773753643
F,TTC,0.842686692941189
G,GGG,1.082618154096604
G,GGC,1.62900419955254
H,CAC,1.51038042737643
I,ATC,1.33101776897907
K,AAG,0.913660875976086
L,CTG,0.974284976808232
L,CTC,1.312764605736737
L,TTG,0.591411513972282
N,AAC,1.15798411269983
P,CCG,1.929743179847303
P,CCC,1.52949981242816
Q,CAG,1.09410998068651
R,AGG,1.738215572758513
R,CGG,1.1560462512940148
R,CGC,1.86356791694164
S,TCG,1.5807988220255493
S,TCC,1.14456167419751
T,ACG,1.587876530155536
T,ACC,1.28767762386004
V,GTG,-0.06118481450875013
V,GTC,1.66707023220062
Y,TAC,1.08849257087708
Z,AGC,1.32825595208009
