AA,Codon,Mean
A,GCG,0.09753901252150493
A,GCC,0.0758383401602507
C,TGC,0.430733098000288
D,GAC,-0.0542394010541961
E,GAG,0.32252480010589
F,TTC,-0.302136949898799
G,GGG,0.285502532402672
G,GGC,0.381299190624555
H,CAC,-0.259510863871376
I,ATC,-0.0769921023937563
K,AAG,-0.289819802222649
L,CTG,0.02278353638251701
L,CTC,0.24789022361834806
L,TTG,0.178431177327037
N,AAC,-0.301384670154254
P,CCG,0.558235113102198
P,CCC,0.631142181869348
Q,CAG,0.406162910759449
R,AGG,0.744951117054621
R,CGG,0.0877912411530799
R,CGC,0.588581209371487
S,TCG,0.16987615714867899
S,TCC,0.00258411671793441
T,ACG,0.21953884160717302
T,ACC,-0.053344726423795
V,GTG,-0.31954633665879495
V,GTC,-0.064895520995309
Y,TAC,-0.304888146324952
Z,AGC,0.041738663343288
