AA,Codon,Mean
A,GCG,1.701433016014593
A,GCC,1.23463237602711
C,TGC,0.688918984925747
D,GAC,1.53591207250754
E,GAG,1.0125744741559
F,TTC,1.0790754305919
G,GGG,0.9354466110179722
G,GGC,1.13640809952418
H,CAC,1.55592918685277
I,ATC,1.26157622067928
K,AAG,1.01986066623529
L,CTG,0.7582868999739439
L,CTC,1.087385617810488
L,TTG,0.478287964167198
N,AAC,1.31179893085957
P,CCG,1.5087428361430786
P,CCC,1.0585572702527
Q,CAG,0.803563293886185
R,AGG,1.1708316321651089
R,CGG,1.143422744194666
R,CGC,1.36140192929109
S,TCG,1.495684005242585
S,TCC,1.07381664468447
T,ACG,1.4044913343584826
T,ACC,1.19353805942535
V,GTG,0.1964519575794511
V,GTC,1.61646705371539
Y,TAC,1.28855100635688
Z,AGC,1.07698984829585
