AA,Codon,Mean
A,GCG,1.506718911596139
A,GCC,0.556942100067933
C,TGC,0.960652143307527
D,GAC,1.31515395187537
E,GAG,0.890666625877221
F,TTC,0.656645378335317
G,GGG,0.81573580447038
G,GGC,1.00151290351152
H,CAC,1.56116398067474
I,ATC,0.904394612765312
K,AAG,0.5503691289862
L,CTC,1.023158987840015
L,TTG,0.130640775262316
N,AAC,1.19827187496821
P,CCG,1.033290092207988
P,CCC,0.621493942721685
Q,CAG,0.852850553997358
R,AGG,0.831314579536518
R,CGG,1.096653144969543
R,CGC,1.12262875672579
S,TCG,1.114050010971229
S,TCC,0.565888340099653
T,ACG,1.064358790619671
T,ACC,0.697957667664687
V,GTG,0.29345812160472096
V,GTC,1.0929441778024
Y,TAC,1.43640430371761
Z,AGC,1.05602976426284
