AA,Codon,Mean
A,GCG,0.263013513235251
A,GCC,0.108919460439185
C,TGC,0.761851542154948
D,GAC,-0.0110153735319106
E,GAG,0.682848708061377
F,TTC,-0.273084426194429
G,GGG,0.10317672621011709
G,GGC,0.809265586678187
H,CAC,-0.233414407672485
I,ATC,-0.0209538773060776
K,AAG,-0.256789612176021
L,CTC,0.309360062788427
L,TTG,0.207833621270458
N,AAC,-0.265421776320537
P,CCG,0.9113989278713861
P,CCC,0.573892611106237
Q,CAG,0.740070586403211
R,AGG,0.9034084965469938
R,CGG,0.3000382766008398
R,CGC,0.925619500227769
S,TCG,0.31953442508379604
S,TCC,0.0568218651033938
T,ACG,0.34624349975983293
T,ACC,0.00978606239336386
V,GTG,0.12585690278212203
V,GTC,0.00331528442186762
Y,TAC,-0.271543933352828
Z,AGC,0.293110636903842
