AA,Codon,Mean
A,GCG,0.565337865066528
A,GCC,0.34144321992596
C,TGC,0.561095494514704
D,GAC,0.596928500362237
E,GAG,0.506123947679996
F,TTC,0.530534713089466
G,GGG,0.3379614470944879
G,GGC,-0.0799958116625746
H,CAC,0.678218430431684
I,ATC,0.269973210321863
K,AAG,0.646895973022779
L,CTG,-0.2101369020697926
L,CTC,0.46577884153127697
L,TTG,0.0735810609070584
N,AAC,0.417989617673556
P,CCG,0.238592552461724
P,CCC,0.676299923825264
Q,CAG,0.128980691508949
R,AGG,0.8384312142873811
R,CGG,0.230527006542682
R,CGC,-0.116833629677941
S,TCG,0.213544235507647
S,TCC,0.744211099072297
T,ACG,0.58796708664497
T,ACC,0.351440728161732
V,GTG,-0.1763263285180549
V,GTC,0.480555656359593
Y,TAC,0.300539621025324
Z,AGC,0.394893786414464
