AA,Codon,Mean
A,GCG,-0.10694638960560204
A,GCC,-6.3482312230826e-4
C,TGC,-0.196044589309891
D,GAC,-0.076484512031575
E,GAG,-0.143382456142704
F,TTC,-0.279857832245032
G,GGG,0.42194003147582193
G,GGC,0.112752907602986
H,CAC,-0.150432985714078
I,ATC,-0.0716179492466152
K,AAG,-0.284449481447538
L,CTG,-0.273091849651933
L,CTC,-0.06755659600680305
L,TTG,-0.376870589447022
N,AAC,-0.242983789242307
P,CCG,-0.16543129957318298
P,CCC,-0.0330809665922682
Q,CAG,-0.131609802517295
R,AGG,0.03527523060638993
R,CGG,-0.002977172899245928
R,CGC,0.0838983945662777
S,TCG,-0.259506822868189
S,TCC,-0.0443826119419808
T,ACG,-0.056991549406449016
T,ACC,-0.0487494307231158
V,GTG,-0.140108640706539
V,GTC,-0.0735643852747977
Y,TAC,-0.188930379198988
Z,AGC,-0.145599217666686
