AA,Codon,Mean
A,GCG,1.078173495731003
A,GCC,0.767673730361462
C,TGC,0.640120309122403
D,GAC,0.885566709049543
E,GAG,0.610307076187929
F,TTC,0.737692135059834
G,GGG,0.5906936896920201
G,GGC,0.442238449134429
H,CAC,0.965523488664627
I,ATC,0.681203719476859
K,AAG,0.673467285346985
L,CTG,0.2508572797519208
L,CTC,0.7718831986482753
L,TTG,0.396282359655698
N,AAC,0.814533724455039
P,CCG,0.7950019939408496
P,CCC,1.0659627405405
Q,CAG,0.344506137492259
R,AGG,0.8751790269691531
R,CGG,0.6172265710183311
R,CGC,0.286229717484117
S,TCG,0.8824311140567079
S,TCC,1.05106770621936
T,ACG,0.949709199531874
T,ACC,0.762350259069602
V,GTG,0.22421028308073598
V,GTC,0.787568082992236
Y,TAC,0.673673610814412
Z,AGC,0.556715677044789
