AA,Codon,Mean
A,GCG,1.786109585920971
A,GCC,0.579776278618972
C,TGC,2.26032432583173
D,GAC,1.89450762218634
E,GAG,1.48484619692961
F,TTC,0.736233974115054
G,GGG,0.722888037004073
G,GGC,1.71563642880122
H,CAC,2.21141227968534
I,ATC,1.14310800806681
K,AAG,0.770560593652725
L,CTC,1.579092835235591
L,TTG,0.545258734520276
N,AAC,1.71334407559236
P,CCG,1.365566747297847
P,CCC,0.710286649334431
Q,CAG,1.48967508056959
R,AGG,1.488171812775234
R,CGG,1.3521277481754619
R,CGC,2.21459360613823
S,TCG,1.683348505063852
S,TCC,0.703303631913662
T,ACG,1.3344045313298711
T,ACC,0.907648833727837
V,GTG,0.45990639786322896
V,GTC,1.36869056487878
Y,TAC,2.11618867789904
Z,AGC,1.97498632860184
