AA,Codon,Mean
A,GCG,0.12885194832881308
A,GCC,0.106640060300628
C,TGC,0.202389568942289
D,GAC,-0.15049509836932
E,GAG,0.403149245735009
F,TTC,-0.30272284890612
G,GGG,0.15439320416053104
G,GGC,0.493420070779324
H,CAC,-0.391096994986137
I,ATC,-0.0804077635536591
K,AAG,-0.324257900540034
L,CTC,0.042739466958740896
L,TTG,0.0833074081798394
N,AAC,-0.422768109854062
P,CCG,0.752733468040824
P,CCC,0.541559503165881
Q,CAG,0.414977750412623
R,AGG,0.576605223296583
R,CGG,0.10920203497409986
R,CGC,0.378254625842969
S,TCG,0.04342559571663607
S,TCC,0.0267326324023462
T,ACG,0.19782100065350605
T,ACC,-0.0314624274300411
V,GTG,0.03819344621896703
V,GTC,-0.0514429090966781
Y,TAC,-0.454438047871987
Z,AGC,-0.105007247515768
