AA,Codon,Mean
A,GCG,1.486812246219317
A,GCC,0.535419239626328
C,TGC,0.893640201302369
D,GAC,1.14015603880882
E,GAG,0.864898811372121
F,TTC,0.631883898293972
G,GGG,0.8307152365744119
G,GGC,0.928632843275865
H,CAC,1.35635631494522
I,ATC,0.792647920306524
K,AAG,0.483389086902142
L,CTC,1.0307499628702819
L,TTG,-0.0406626419976975
N,AAC,1.05510690340996
P,CCG,1.008340220009287
P,CCC,0.612340065228939
Q,CAG,0.816928764061133
R,AGG,0.816735882232585
R,CGG,1.106039591747522
R,CGC,1.1439555564483
S,TCG,1.048436234986782
S,TCC,0.514876041293144
T,ACG,1.062260381089648
T,ACC,0.581673486995697
V,GTG,0.286517584089438
V,GTC,0.964719594562054
Y,TAC,1.23975552741687
Z,AGC,1.00307651148637
