AA,Codon,Mean
A,GCG,1.768364503488933
A,GCC,1.12205227879683
C,TGC,0.299617117550969
D,GAC,0.875835777874788
E,GAG,0.514332511987289
F,TTC,0.137643859931578
G,GGG,1.4783084879418191
G,GGC,1.28709581875006
H,CAC,0.638156903330485
I,ATC,0.638901907857259
K,AAG,0.272079833316803
L,CTC,0.747726194053886
L,TTG,-0.0307854362580863
N,AAC,0.620330494685968
P,CCG,2.04293095415831
P,CCC,1.2286196638902
Q,CAG,1.20359273165862
R,AGG,1.515734876093273
R,CGG,0.7626448723723489
R,CGC,0.869935752316316
S,TCG,1.1960512704730002
S,TCC,1.03147705401182
T,ACG,1.266340868842603
T,ACC,0.955699997758865
V,GTG,-0.42431492512623514
V,GTC,0.702515656161308
Y,TAC,0.109200646713174
Z,AGC,0.39084049295187
