AA,Codon,Mean
A,GCG,-1.078013251225158
A,GCC,-1.63808295071125
C,TGC,-0.724537344288826
D,GAC,-1.42349566115538
E,GAG,-0.971293288950125
F,TTC,-0.537228250358502
G,GGG,-1.033057901322842
G,GGC,-2.05642094275951
H,CAC,-1.1611769572814299
I,ATC,-1.05477115688324
K,AAG,-0.775466289770603
L,CTC,-1.042124487970273
L,TTG,-1.96053393820922
N,AAC,-1.27472454184691
P,CCG,-2.0734232187690838
P,CCC,-1.58662452126344
Q,CAG,-1.62264558272362
R,AGG,-0.8419884280222216
R,CGG,-1.3430912389516503
R,CGC,-1.27520917575359
S,TCG,-2.017250470989947
S,TCC,-1.47568311812878
T,ACG,-1.5606657479703412
T,ACC,-1.53924861604373
V,GTG,-1.667296414972784
V,GTC,-1.03284242215554
Y,TAC,-1.03043352758487
Z,AGC,-1.10908882107337
