AA,Codon,Mean
A,GCG,-0.11788354585965988
A,GCC,-0.714919185503324
C,TGC,-0.573825955696901
D,GAC,-0.416192359324296
E,GAG,-0.684147099936008
F,TTC,0.0855097356791298
G,GGG,-0.330425342720747
G,GGC,-0.850072157994906
H,CAC,-0.637141912329197
I,ATC,-0.441937184395393
K,AAG,-0.548811697053909
L,CTC,-0.76126733284394
L,TTG,-1.37021399380366
N,AAC,-0.701505019052823
P,CCG,-0.883306811699397
P,CCC,-0.863140427676837
Q,CAG,-1.07950550148487
R,AGG,-0.011659449730790195
R,CGG,-0.8658617463454781
R,CGC,-1.34684704620838
S,TCG,-0.7651910914306841
S,TCC,-0.585513333173593
T,ACG,-0.5738415794769969
T,ACC,-1.00816023548841
V,GTG,-1.3352459103934842
V,GTC,-0.254049874964356
Y,TAC,-0.682862918146451
Z,AGC,-0.758889637446403
