AA,Codon,Mean
A,GCG,-0.19305590620040003
A,GCC,0.0750895656146109
C,TGC,0.435765203066667
D,GAC,-0.091042121963203
E,GAG,0.276276888255278
F,TTC,-0.364655651849508
G,GGG,-0.28224770407676303
G,GGC,0.72163548202912
H,CAC,-0.336403485323985
I,ATC,-0.0264173457077666
K,AAG,-0.652975068891048
L,CTC,0.362133293076356
L,TTG,-0.25135428977708
N,AAC,-0.35538124867479
P,CCG,0.9141670561710991
P,CCC,0.972815340940158
Q,CAG,0.0511439949695642
R,AGG,0.994548632101218
R,CGG,0.3297798998594299
R,CGC,1.11328251594702
S,TCG,-0.04040910578171997
S,TCC,0.0922958901273708
T,ACG,0.10296832282542989
T,ACC,-0.0193963190156753
V,GTG,-0.194407236683367
V,GTC,-0.00181296340675182
Y,TAC,-0.443192551374435
Z,AGC,0.195727548319598
